symbol,sectorGroup,configSector,date,close,currentZone,S1,S1_strength,S2,R1,R1_strength,R2,core12Indicators,mlModel,mlAvgP,mlAvgR,priceStatus,reason,core12Positive,core12Negative,core12Neutral,holdScore,breakRiskScore,finalStatus
AAA,OTHER,ALL,2026-06-03,7.0,,6.90-6.94,strong,,7.73-7.76,strong,8.15-8.18,MFI_CMF + ROC_MOMENTUM + PVI_NVI + ADX_DMI + RSI,RF,70.45,12.16,TEST S1 / CHƯA GÃY RÕ,close sát S1 6.90-6.94,0,4,1,0.0,80.0,TEST HỖ TRỢ - RỦI RO GÃY CAO
ACB,BANK,BANK,2026-06-03,26.0,26.01-26.22,23.70-23.90,strong,21.60-21.80,27.10-27.30,weak,,ROC_MOMENTUM + MFI_CMF + TRIX + ICHIMOKU + SR_CLUSTER,LOG,24.27,91.11,GIỮ VÙNG HIỆN TẠI,close nằm trong/gần current zone,4,0,1,80.0,0.0,GIỮ HỖ TRỢ / CORE12 ỦNG HỘ
ANV,OTHER,ALL,2026-06-03,21.3,,,,,21.57-21.73,medium,25.28-25.44,MFI_CMF + ROC_MOMENTUM + PVI_NVI + ADX_DMI + RSI,RF,70.45,12.16,CHƯA CÓ S1 RÕ,không đủ cụm hỗ trợ major,0,5,0,0.0,100.0,GIỮ GIÁ NHƯNG CORE12 YẾU
APH,OTHER,ALL,2026-06-03,5.46,5.45-5.48,,,,5.59-5.63,medium,6.37-6.40,MFI_CMF + ROC_MOMENTUM + PVI_NVI + ADX_DMI + RSI,RF,70.45,12.16,GIỮ VÙNG HIỆN TẠI,close nằm trong/gần current zone,0,4,1,0.0,80.0,GIỮ GIÁ NHƯNG CORE12 YẾU
BCG,BDS,BDS,2025-10-08,2.53,,,,,2.78-2.80,strong,2.96-2.98,SUPERTREND + MA_EMA_WMA + TRIX + VWAP_VWMA + PVI_NVI,ET,100.0,20.84,CHƯA CÓ S1 RÕ,không đủ cụm hỗ trợ major,0,3,2,0.0,60.0,GIỮ GIÁ NHƯNG CORE12 YẾU
BCM,OTHER,ALL,2026-06-03,53.7,53.79-54.22,51.65-52.08,strong,,57.22-57.65,strong,63.35-63.78,MFI_CMF + ROC_MOMENTUM + PVI_NVI + ADX_DMI + RSI,RF,70.45,12.16,GIỮ VÙNG HIỆN TẠI,close nằm trong/gần current zone,1,3,1,20.0,60.0,GIỮ GIÁ NHƯNG CORE12 YẾU
BIC,OTHER,ALL,2026-06-03,24.65,,23.79-23.91,strong,21.54-21.66,24.94-25.06,strong,27.39-27.51,MFI_CMF + ROC_MOMENTUM + PVI_NVI + ADX_DMI + RSI,RF,70.45,12.16,GIỮ TRÊN HỖ TRỢ,trên S1 khoảng 3.25%,3,0,2,60.0,0.0,GIỮ HỖ TRỢ / CORE12 ỦNG HỘ
BID,BANK,BANK,2026-06-03,41.9,41.42-41.76,38.89-39.22,strong,36.57-36.90,42.83-43.17,strong,45.93-46.27,ROC_MOMENTUM + MFI_CMF + TRIX + ICHIMOKU + SR_CLUSTER,LOG,24.27,91.11,GIỮ VÙNG HIỆN TẠI,close nằm trong/gần current zone,2,3,0,40.0,60.0,GIỮ VÙNG HIỆN TẠI
BSI,CHUNG_KHOAN,CHUNG_KHOAN,2026-06-03,34.55,34.35-34.63,31.71-31.99,weak,,36.33-36.60,strong,38.68-38.96,MFI_CMF + SR_CLUSTER + VWAP_VWMA + ROC_MOMENTUM + RSI,ET,100.0,50.0,GIỮ VÙNG HIỆN TẠI,close nằm trong/gần current zone,1,3,1,20.0,60.0,GIỮ GIÁ NHƯNG CORE12 YẾU
BSR,ENERGY_UTIL,ALL,2026-06-03,27.85,27.75-27.97,25.66-25.88,medium,23.06-23.29,29.14-29.36,weak,33.84-34.06,MFI_CMF + ROC_MOMENTUM + PVI_NVI + ADX_DMI + RSI,RF,70.45,12.16,GIỮ VÙNG HIỆN TẠI,close nằm trong/gần current zone,3,1,1,60.0,20.0,GIỮ HỖ TRỢ / CORE12 ỦNG HỘ
BVH,OTHER,ALL,2026-06-03,69.7,,68.54-69.10,strong,62.62-63.18,70.19-70.75,medium,77.72-78.28,MFI_CMF + ROC_MOMENTUM + PVI_NVI + ADX_DMI + RSI,RF,70.45,12.16,TEST S1 / CHƯA GÃY RÕ,close sát S1 68.54-69.10,2,3,0,40.0,60.0,TEST HỖ TRỢ - RỦI RO GÃY CAO
BWE,OTHER,ALL,2026-06-03,43.1,,42.09-42.36,strong,,43.59-43.85,strong,46.52-46.78,MFI_CMF + ROC_MOMENTUM + PVI_NVI + ADX_DMI + RSI,RF,70.45,12.16,GIỮ TRÊN HỖ TRỢ,trên S1 khoảng 2.04%,0,3,2,0.0,60.0,GIỮ GIÁ NHƯNG CORE12 YẾU
CEO,BDS,BDS,2026-06-03,16.2,16.19-16.31,15.64-15.76,weak,13.94-14.06,16.82-16.95,strong,17.74-17.86,SUPERTREND + MA_EMA_WMA + TRIX + VWAP_VWMA + PVI_NVI,ET,100.0,20.84,GIỮ VÙNG HIỆN TẠI,close nằm trong/gần current zone,1,3,1,20.0,60.0,GIỮ GIÁ NHƯNG CORE12 YẾU
CTD,OTHER,ALL,2026-06-03,71.8,71.33-71.91,68.57-69.15,weak,,74.51-75.08,strong,79.52-80.10,MFI_CMF + ROC_MOMENTUM + PVI_NVI + ADX_DMI + RSI,RF,70.45,12.16,GIỮ VÙNG HIỆN TẠI,close nằm trong/gần current zone,0,3,2,0.0,60.0,GIỮ GIÁ NHƯNG CORE12 YẾU
CTG,BANK,BANK,2026-06-03,33.95,33.81-34.07,32.37-32.63,weak,,35.27-35.53,strong,38.62-38.88,ROC_MOMENTUM + MFI_CMF + TRIX + ICHIMOKU + SR_CLUSTER,LOG,24.27,91.11,GIỮ VÙNG HIỆN TẠI,close nằm trong/gần current zone,2,3,0,40.0,60.0,GIỮ VÙNG HIỆN TẠI
CTR,OTHER,ALL,2026-06-03,90.0,89.53-90.25,82.78-83.50,strong,77.54-78.26,93.34-94.06,strong,102.14-102.86,MFI_CMF + ROC_MOMENTUM + PVI_NVI + ADX_DMI + RSI,RF,70.45,12.16,GIỮ VÙNG HIỆN TẠI,close nằm trong/gần current zone,2,1,2,40.0,20.0,GIỮ VÙNG HIỆN TẠI
CTS,CHUNG_KHOAN,CHUNG_KHOAN,2026-06-03,27.3,27.20-27.42,25.99-26.21,weak,24.34-24.56,28.32-28.54,weak,30.14-30.36,MFI_CMF + SR_CLUSTER + VWAP_VWMA + ROC_MOMENTUM + RSI,ET,100.0,50.0,GIỮ VÙNG HIỆN TẠI,close nằm trong/gần current zone,3,1,1,60.0,20.0,GIỮ HỖ TRỢ / CORE12 ỦNG HỘ
D2D,OTHER,ALL,2026-06-03,32.55,,,,,36.02-36.23,strong,37.89-38.11,MFI_CMF + ROC_MOMENTUM + PVI_NVI + ADX_DMI + RSI,RF,70.45,12.16,CHƯA CÓ S1 RÕ,không đủ cụm hỗ trợ major,1,3,1,20.0,60.0,GIỮ GIÁ NHƯNG CORE12 YẾU
DAT,OTHER,ALL,2026-06-02,8.0,7.97-8.03,7.77-7.83,strong,7.17-7.23,8.58-8.64,strong,9.26-9.32,MFI_CMF + ROC_MOMENTUM + PVI_NVI + ADX_DMI + RSI,RF,70.45,12.16,GIỮ VÙNG HIỆN TẠI,close nằm trong/gần current zone,0,3,2,0.0,60.0,GIỮ GIÁ NHƯNG CORE12 YẾU
DBC,OTHER,ALL,2026-06-03,22.1,22.05-22.20,21.18-21.32,weak,,22.67-22.82,strong,24.89-25.04,MFI_CMF + ROC_MOMENTUM + PVI_NVI + ADX_DMI + RSI,RF,70.45,12.16,GIỮ VÙNG HIỆN TẠI,close nằm trong/gần current zone,1,4,0,20.0,80.0,GIỮ GIÁ NHƯNG CORE12 YẾU
DCM,STEEL_MATERIAL,ALL,2026-06-03,39.2,,36.13-36.45,strong,33.04-33.36,39.87-40.18,strong,42.05-42.36,MFI_CMF + ROC_MOMENTUM + PVI_NVI + ADX_DMI + RSI,RF,70.45,12.16,GIỮ TRÊN HỖ TRỢ,trên S1 khoảng 7.42%,0,4,1,0.0,80.0,GIỮ GIÁ NHƯNG CORE12 YẾU
DGC,STEEL_MATERIAL,ALL,2026-06-03,45.8,,,,,46.93-47.29,strong,51.54-51.91,MFI_CMF + ROC_MOMENTUM + PVI_NVI + ADX_DMI + RSI,RF,70.45,12.16,CHƯA CÓ S1 RÕ,không đủ cụm hỗ trợ major,0,5,0,0.0,100.0,GIỮ GIÁ NHƯNG CORE12 YẾU
DGW,RETAIL_CONSUMER,RETAIL_CONSUMER,2026-06-03,40.45,40.31-40.63,38.86-39.19,strong,36.55-36.87,41.33-41.65,strong,44.06-44.38,MFI_CMF + VWAP_VWMA + ROC_MOMENTUM + MA_EMA_WMA + PVI_NVI,ET,80.0,58.34,GIỮ VÙNG HIỆN TẠI,close nằm trong/gần current zone,0,4,1,0.0,80.0,GIỮ GIÁ NHƯNG CORE12 YẾU
DIG,BDS,BDS,2026-06-03,13.1,,12.65-12.75,weak,,13.37-13.47,medium,15.06-15.17,SUPERTREND + MA_EMA_WMA + TRIX + VWAP_VWMA + PVI_NVI,ET,100.0,20.84,GIỮ TRÊN HỖ TRỢ,trên S1 khoảng 3.05%,1,3,1,20.0,60.0,GIỮ GIÁ NHƯNG CORE12 YẾU
DPM,STEEL_MATERIAL,ALL,2026-06-03,25.15,25.05-25.25,23.73-23.93,strong,22.03-22.23,25.68-25.88,strong,27.49-27.70,MFI_CMF + ROC_MOMENTUM + PVI_NVI + ADX_DMI + RSI,RF,70.45,12.16,GIỮ VÙNG HIỆN TẠI,close nằm trong/gần current zone,0,4,1,0.0,80.0,GIỮ GIÁ NHƯNG CORE12 YẾU
DPR,OTHER,ALL,2026-06-03,42.0,42.07-42.40,39.33-39.66,strong,36.43-36.77,44.78-45.12,medium,48.33-48.67,MFI_CMF + ROC_MOMENTUM + PVI_NVI + ADX_DMI + RSI,RF,70.45,12.16,GIỮ VÙNG HIỆN TẠI,close nằm trong/gần current zone,4,0,1,80.0,0.0,GIỮ HỖ TRỢ / CORE12 ỦNG HỘ
DXG,BDS,BDS,2026-06-03,13.05,13.03-13.14,12.53-12.63,strong,11.40-11.50,13.40-13.50,strong,14.42-14.52,SUPERTREND + MA_EMA_WMA + TRIX + VWAP_VWMA + PVI_NVI,ET,100.0,20.84,GIỮ VÙNG HIỆN TẠI,close nằm trong/gần current zone,1,2,2,20.0,40.0,GIỮ VÙNG HIỆN TẠI
EVF,OTHER,ALL,2026-06-03,13.25,13.15-13.25,12.61-12.71,strong,11.13-11.24,13.54-13.65,strong,14.35-14.45,MFI_CMF + ROC_MOMENTUM + PVI_NVI + ADX_DMI + RSI,RF,70.45,12.16,GIỮ VÙNG HIỆN TẠI,close nằm trong/gần current zone,3,0,2,60.0,0.0,GIỮ HỖ TRỢ / CORE12 ỦNG HỘ
FCN,OTHER,ALL,2026-06-03,12.2,,11.35-11.45,weak,,12.47-12.57,strong,13.26-13.35,MFI_CMF + ROC_MOMENTUM + PVI_NVI + ADX_DMI + RSI,RF,70.45,12.16,GIỮ TRÊN HỖ TRỢ,trên S1 khoảng 6.56%,0,4,1,0.0,80.0,GIỮ GIÁ NHƯNG CORE12 YẾU
FIT,OTHER,ALL,2026-06-03,4.0,,,,,4.10-4.14,strong,4.57-4.60,MFI_CMF + ROC_MOMENTUM + PVI_NVI + ADX_DMI + RSI,RF,70.45,12.16,CHƯA CÓ S1 RÕ,không đủ cụm hỗ trợ major,2,3,0,40.0,60.0,CHƯA CÓ S1 RÕ
FMC,OTHER,ALL,2026-06-03,35.0,34.78-35.00,32.84-33.06,medium,,35.74-35.97,strong,43.27-43.49,MFI_CMF + ROC_MOMENTUM + PVI_NVI + ADX_DMI + RSI,RF,70.45,12.16,GIỮ VÙNG HIỆN TẠI,close nằm trong/gần current zone,1,4,0,20.0,80.0,GIỮ GIÁ NHƯNG CORE12 YẾU
FOX,OTHER,ALL,2026-06-03,81.6,80.74-81.39,76.67-77.33,strong,72.16-72.81,84.89-85.54,strong,90.77-91.43,MFI_CMF + ROC_MOMENTUM + PVI_NVI + ADX_DMI + RSI,RF,70.45,12.16,GIỮ VÙNG HIỆN TẠI,close nằm trong/gần current zone,2,1,2,40.0,20.0,GIỮ VÙNG HIỆN TẠI
FPT,OTHER,ALL,2026-06-03,76.5,,74.74-75.35,strong,68.74-69.36,77.12-77.74,weak,84.62-85.24,MFI_CMF + ROC_MOMENTUM + PVI_NVI + ADX_DMI + RSI,RF,70.45,12.16,TEST S1 / CHƯA GÃY RÕ,close sát S1 74.74-75.35,3,2,0,60.0,40.0,TEST S1 / CHƯA GÃY RÕ
FRT,RETAIL_CONSUMER,RETAIL_CONSUMER,2026-06-03,128.1,,121.68-122.52,weak,,142.24-143.07,strong,150.28-151.11,MFI_CMF + VWAP_VWMA + ROC_MOMENTUM + MA_EMA_WMA + PVI_NVI,ET,80.0,58.34,GIỮ TRÊN HỖ TRỢ,trên S1 khoảng 4.68%,0,5,0,0.0,100.0,GIỮ GIÁ NHƯNG CORE12 YẾU
FTS,CHUNG_KHOAN,CHUNG_KHOAN,2026-06-03,24.05,23.94-24.13,22.91-23.11,weak,21.26-21.46,24.60-24.80,weak,26.43-26.63,MFI_CMF + SR_CLUSTER + VWAP_VWMA + ROC_MOMENTUM + RSI,ET,100.0,50.0,GIỮ VÙNG HIỆN TẠI,close nằm trong/gần current zone,2,3,0,40.0,60.0,GIỮ VÙNG HIỆN TẠI
GAS,ENERGY_UTIL,ALL,2026-06-03,84.5,83.79-84.47,77.87-78.55,strong,72.86-73.54,92.13-92.81,weak,99.20-99.88,MFI_CMF + ROC_MOMENTUM + PVI_NVI + ADX_DMI + RSI,RF,70.45,12.16,GIỮ VÙNG HIỆN TẠI,close nằm trong/gần current zone,2,3,0,40.0,60.0,GIỮ VÙNG HIỆN TẠI
GEG,OTHER,ALL,2026-06-03,14.0,13.98-14.06,,,,14.43-14.51,strong,15.36-15.44,MFI_CMF + ROC_MOMENTUM + PVI_NVI + ADX_DMI + RSI,RF,70.45,12.16,GIỮ VÙNG HIỆN TẠI,close nằm trong/gần current zone,0,3,2,0.0,60.0,GIỮ GIÁ NHƯNG CORE12 YẾU
GEX,STEEL_MATERIAL,ALL,2026-06-03,31.4,,30.76-31.01,medium,28.97-29.22,31.78-32.03,medium,33.57-33.82,MFI_CMF + ROC_MOMENTUM + PVI_NVI + ADX_DMI + RSI,RF,70.45,12.16,TEST S1 / CHƯA GÃY RÕ,close sát S1 30.76-31.01,2,1,2,40.0,20.0,TEST S1 / CHƯA GÃY RÕ
GIL,OTHER,ALL,2026-06-03,12.05,,,,,13.31-13.41,strong,14.12-14.22,MFI_CMF + ROC_MOMENTUM + PVI_NVI + ADX_DMI + RSI,RF,70.45,12.16,CHƯA CÓ S1 RÕ,không đủ cụm hỗ trợ major,0,5,0,0.0,100.0,GIỮ GIÁ NHƯNG CORE12 YẾU
GVR,OTHER,ALL,2026-06-03,34.65,,34.04-34.32,strong,31.86-32.14,34.96-35.23,strong,39.86-40.14,MFI_CMF + ROC_MOMENTUM + PVI_NVI + ADX_DMI + RSI,RF,70.45,12.16,TEST S1 / CHƯA GÃY RÕ,close sát S1 34.04-34.32,2,1,2,40.0,20.0,TEST S1 / CHƯA GÃY RÕ
HAG,OTHER,ALL,2026-06-03,15.4,15.31-15.41,14.90-15.00,weak,,17.04-17.15,strong,18.35-18.45,MFI_CMF + ROC_MOMENTUM + PVI_NVI + ADX_DMI + RSI,RF,70.45,12.16,GIỮ VÙNG HIỆN TẠI,close nằm trong/gần current zone,1,3,1,20.0,60.0,GIỮ GIÁ NHƯNG CORE12 YẾU
HAH,INDUSTRIAL_LOGISTICS,ALL,2026-06-03,53.1,53.05-53.48,51.49-51.91,weak,,55.78-56.20,strong,59.06-59.49,MFI_CMF + ROC_MOMENTUM + PVI_NVI + ADX_DMI + RSI,RF,70.45,12.16,GIỮ VÙNG HIỆN TẠI,close nằm trong/gần current zone,0,4,1,0.0,80.0,GIỮ GIÁ NHƯNG CORE12 YẾU
HBC,OTHER,ALL,2026-06-03,5.0,4.98-5.02,4.78-4.82,weak,,5.18-5.22,strong,5.58-5.62,MFI_CMF + ROC_MOMENTUM + PVI_NVI + ADX_DMI + RSI,RF,70.45,12.16,GIỮ VÙNG HIỆN TẠI,close nằm trong/gần current zone,0,4,1,0.0,80.0,GIỮ GIÁ NHƯNG CORE12 YẾU
HCM,CHUNG_KHOAN,CHUNG_KHOAN,2026-06-03,27.3,,25.67-25.88,strong,23.24-23.46,27.83-28.05,strong,30.34-30.56,MFI_CMF + SR_CLUSTER + VWAP_VWMA + ROC_MOMENTUM + RSI,ET,100.0,50.0,GIỮ TRÊN HỖ TRỢ,trên S1 khoảng 5.57%,3,0,2,60.0,0.0,GIỮ HỖ TRỢ / CORE12 ỦNG HỘ
HDB,BANK,BANK,2026-06-03,25.2,24.97-25.17,24.30-24.50,medium,22.35-22.55,25.84-26.04,strong,27.96-28.16,ROC_MOMENTUM + MFI_CMF + TRIX + ICHIMOKU + SR_CLUSTER,LOG,24.27,91.11,GIỮ VÙNG HIỆN TẠI,close nằm trong/gần current zone,2,2,1,40.0,40.0,GIỮ VÙNG HIỆN TẠI
HDC,OTHER,ALL,2026-06-03,17.5,17.48-17.62,16.98-17.12,weak,,18.26-18.40,strong,19.61-19.75,MFI_CMF + ROC_MOMENTUM + PVI_NVI + ADX_DMI + RSI,RF,70.45,12.16,GIỮ VÙNG HIỆN TẠI,close nằm trong/gần current zone,1,2,2,20.0,40.0,GIỮ VÙNG HIỆN TẠI
HDG,OTHER,ALL,2026-06-03,23.2,,22.61-22.79,weak,,25.09-25.28,strong,26.81-26.99,MFI_CMF + ROC_MOMENTUM + PVI_NVI + ADX_DMI + RSI,RF,70.45,12.16,GIỮ TRÊN HỖ TRỢ,trên S1 khoảng 2.16%,0,5,0,0.0,100.0,GIỮ GIÁ NHƯNG CORE12 YẾU
HHS,OTHER,ALL,2026-06-03,11.25,,10.86-10.95,strong,9.76-9.85,11.45-11.54,strong,12.57-12.66,MFI_CMF + ROC_MOMENTUM + PVI_NVI + ADX_DMI + RSI,RF,70.45,12.16,GIỮ TRÊN HỖ TRỢ,trên S1 khoảng 3.02%,1,2,2,20.0,40.0,GIỮ TRÊN HỖ TRỢ
HPG,STEEL_MATERIAL,ALL,2026-06-03,24.15,24.17-24.31,23.33-23.46,strong,,25.19-25.33,strong,,MFI_CMF + ROC_MOMENTUM + PVI_NVI + ADX_DMI + RSI,RF,70.45,12.16,GIỮ VÙNG HIỆN TẠI,close nằm trong/gần current zone,2,3,0,40.0,60.0,GIỮ VÙNG HIỆN TẠI
HPX,OTHER,ALL,2026-06-03,4.4,,4.29-4.31,weak,,4.43-4.46,strong,4.83-4.86,MFI_CMF + ROC_MOMENTUM + PVI_NVI + ADX_DMI + RSI,RF,70.45,12.16,GIỮ TRÊN HỖ TRỢ,trên S1 khoảng 2.27%,1,4,0,20.0,80.0,GIỮ GIÁ NHƯNG CORE12 YẾU
HSG,STEEL_MATERIAL,ALL,2026-06-03,12.25,,11.62-11.72,strong,10.56-10.66,12.83-12.93,strong,13.60-13.70,MFI_CMF + ROC_MOMENTUM + PVI_NVI + ADX_DMI + RSI,RF,70.45,12.16,GIỮ TRÊN HỖ TRỢ,trên S1 khoảng 4.73%,3,1,1,60.0,20.0,GIỮ HỖ TRỢ / CORE12 ỦNG HỘ
HT1,OTHER,ALL,2026-06-03,13.7,,13.45-13.55,weak,,14.40-14.51,strong,15.43-15.54,MFI_CMF + ROC_MOMENTUM + PVI_NVI + ADX_DMI + RSI,RF,70.45,12.16,TEST S1 / CHƯA GÃY RÕ,close sát S1 13.45-13.55,0,5,0,0.0,100.0,TEST HỖ TRỢ - RỦI RO GÃY CAO
IDI,OTHER,ALL,2026-06-03,5.86,,5.47-5.51,weak,,6.56-6.60,strong,6.91-6.96,MFI_CMF + ROC_MOMENTUM + PVI_NVI + ADX_DMI + RSI,RF,70.45,12.16,GIỮ TRÊN HỖ TRỢ,trên S1 khoảng 6.31%,1,4,0,20.0,80.0,GIỮ GIÁ NHƯNG CORE12 YẾU
KBC,INDUSTRIAL_LOGISTICS,ALL,2026-06-03,30.05,,29.58-29.82,weak,26.28-26.52,32.09-32.33,strong,34.03-34.27,MFI_CMF + ROC_MOMENTUM + PVI_NVI + ADX_DMI + RSI,RF,70.45,12.16,TEST S1 / CHƯA GÃY RÕ,close sát S1 29.58-29.82,0,5,0,0.0,100.0,TEST HỖ TRỢ - RỦI RO GÃY CAO
KDC,OTHER,ALL,2026-06-03,51.1,,49.40-49.81,strong,46.53-46.93,51.66-52.06,strong,,MFI_CMF + ROC_MOMENTUM + PVI_NVI + ADX_DMI + RSI,RF,70.45,12.16,GIỮ TRÊN HỖ TRỢ,trên S1 khoảng 2.92%,2,2,1,40.0,40.0,GIỮ TRÊN HỖ TRỢ
KDH,BDS,BDS,2026-06-03,22.9,,21.51-21.69,weak,,23.79-23.98,strong,25.31-25.49,SUPERTREND + MA_EMA_WMA + TRIX + VWAP_VWMA + PVI_NVI,ET,100.0,20.84,GIỮ TRÊN HỖ TRỢ,trên S1 khoảng 5.68%,1,3,1,20.0,60.0,GIỮ GIÁ NHƯNG CORE12 YẾU
KSB,OTHER,ALL,2026-06-03,15.0,14.94-15.03,,,,15.45-15.55,medium,16.44-16.54,MFI_CMF + ROC_MOMENTUM + PVI_NVI + ADX_DMI + RSI,RF,70.45,12.16,GIỮ VÙNG HIỆN TẠI,close nằm trong/gần current zone,0,4,1,0.0,80.0,GIỮ GIÁ NHƯNG CORE12 YẾU
LCG,OTHER,ALL,2026-06-03,9.11,9.10-9.14,,,,9.94-9.98,strong,10.53-10.58,MFI_CMF + ROC_MOMENTUM + PVI_NVI + ADX_DMI + RSI,RF,70.45,12.16,GIỮ VÙNG HIỆN TẠI,close nằm trong/gần current zone,0,5,0,0.0,100.0,GIỮ GIÁ NHƯNG CORE12 YẾU
LHG,OTHER,ALL,2026-06-03,28.05,27.99-28.13,26.73-26.87,strong,,28.73-28.87,strong,30.28-30.43,MFI_CMF + ROC_MOMENTUM + PVI_NVI + ADX_DMI + RSI,RF,70.45,12.16,GIỮ VÙNG HIỆN TẠI,close nằm trong/gần current zone,1,3,1,20.0,60.0,GIỮ GIÁ NHƯNG CORE12 YẾU
LPB,BANK,BANK,2026-06-03,48.0,47.65-48.03,44.61-44.99,strong,38.62-39.00,51.37-51.76,strong,54.85-55.24,ROC_MOMENTUM + MFI_CMF + TRIX + ICHIMOKU + SR_CLUSTER,LOG,24.27,91.11,GIỮ VÙNG HIỆN TẠI,close nằm trong/gần current zone,4,0,1,80.0,0.0,GIỮ HỖ TRỢ / CORE12 ỦNG HỘ
MBB,BANK,BANK,2026-06-03,25.2,,23.88-24.05,strong,,25.87-26.04,strong,27.72-27.88,ROC_MOMENTUM + MFI_CMF + TRIX + ICHIMOKU + SR_CLUSTER,LOG,24.27,91.11,GIỮ TRÊN HỖ TRỢ,trên S1 khoảng 4.88%,0,3,2,0.0,60.0,GIỮ GIÁ NHƯNG CORE12 YẾU
MBS,CHUNG_KHOAN,CHUNG_KHOAN,2026-06-03,19.9,19.66-19.82,18.42-18.58,strong,16.94-17.10,20.45-20.61,strong,21.72-21.88,MFI_CMF + SR_CLUSTER + VWAP_VWMA + ROC_MOMENTUM + RSI,ET,100.0,50.0,GIỮ VÙNG HIỆN TẠI,close nằm trong/gần current zone,2,1,2,40.0,20.0,GIỮ VÙNG HIỆN TẠI
MCH,OTHER,ALL,2026-06-03,132.5,131.95-132.98,124.64-125.67,medium,105.88-106.91,137.11-138.14,medium,161.20-162.23,MFI_CMF + ROC_MOMENTUM + PVI_NVI + ADX_DMI + RSI,RF,70.45,12.16,GIỮ VÙNG HIỆN TẠI,close nằm trong/gần current zone,2,2,1,40.0,40.0,GIỮ VÙNG HIỆN TẠI
MIG,OTHER,ALL,2026-06-03,17.9,17.74-17.88,17.26-17.40,strong,14.93-15.07,18.74-18.88,strong,20.08-20.22,MFI_CMF + ROC_MOMENTUM + PVI_NVI + ADX_DMI + RSI,RF,70.45,12.16,GIỮ VÙNG HIỆN TẠI,close nằm trong/gần current zone,2,2,1,40.0,40.0,GIỮ VÙNG HIỆN TẠI
MSN,RETAIL_CONSUMER,RETAIL_CONSUMER,2026-06-03,75.1,,72.78-73.29,strong,65.85-66.35,75.61-76.12,strong,80.84-81.35,MFI_CMF + VWAP_VWMA + ROC_MOMENTUM + MA_EMA_WMA + PVI_NVI,ET,80.0,58.34,GIỮ TRÊN HỖ TRỢ,trên S1 khoảng 2.76%,1,2,2,20.0,40.0,GIỮ TRÊN HỖ TRỢ
MWG,RETAIL_CONSUMER,RETAIL_CONSUMER,2026-06-03,78.5,77.97-78.60,75.20-75.83,strong,,81.01-81.63,strong,85.75-86.37,MFI_CMF + VWAP_VWMA + ROC_MOMENTUM + MA_EMA_WMA + PVI_NVI,ET,80.0,58.34,GIỮ VÙNG HIỆN TẠI,close nằm trong/gần current zone,1,3,1,20.0,60.0,GIỮ GIÁ NHƯNG CORE12 YẾU
NBB,OTHER,ALL,2026-06-03,17.4,17.43-17.56,16.95-17.09,strong,15.93-16.07,17.88-18.01,strong,18.86-19.00,MFI_CMF + ROC_MOMENTUM + PVI_NVI + ADX_DMI + RSI,RF,70.45,12.16,GIỮ VÙNG HIỆN TẠI,close nằm trong/gần current zone,0,3,2,0.0,60.0,GIỮ GIÁ NHƯNG CORE12 YẾU
NHA,OTHER,ALL,2026-06-03,11.4,,,,,11.67-11.76,strong,12.38-12.47,MFI_CMF + ROC_MOMENTUM + PVI_NVI + ADX_DMI + RSI,RF,70.45,12.16,CHƯA CÓ S1 RÕ,không đủ cụm hỗ trợ major,0,5,0,0.0,100.0,GIỮ GIÁ NHƯNG CORE12 YẾU
NKG,STEEL_MATERIAL,ALL,2026-06-03,13.65,,13.45-13.55,strong,,14.21-14.32,strong,15.30-15.40,MFI_CMF + ROC_MOMENTUM + PVI_NVI + ADX_DMI + RSI,RF,70.45,12.16,TEST S1 / CHƯA GÃY RÕ,close sát S1 13.45-13.55,1,3,1,20.0,60.0,TEST HỖ TRỢ - RỦI RO GÃY CAO
NLG,BDS,BDS,2026-06-03,26.5,26.26-26.47,24.39-24.61,weak,,26.96-27.17,strong,29.63-29.84,SUPERTREND + MA_EMA_WMA + TRIX + VWAP_VWMA + PVI_NVI,ET,100.0,20.84,GIỮ VÙNG HIỆN TẠI,close nằm trong/gần current zone,1,3,1,20.0,60.0,GIỮ GIÁ NHƯNG CORE12 YẾU
NVL,BDS,BDS,2026-06-03,13.6,13.50-13.61,12.95-13.05,strong,11.97-12.08,14.60-14.71,medium,15.82-15.92,SUPERTREND + MA_EMA_WMA + TRIX + VWAP_VWMA + PVI_NVI,ET,100.0,20.84,GIỮ VÙNG HIỆN TẠI,close nằm trong/gần current zone,0,2,3,0.0,40.0,GIỮ GIÁ NHƯNG CORE12 YẾU
ORS,OTHER,ALL,2026-06-03,12.95,12.86-12.96,11.85-11.95,weak,,13.77-13.87,strong,15.05-15.15,MFI_CMF + ROC_MOMENTUM + PVI_NVI + ADX_DMI + RSI,RF,70.45,12.16,GIỮ VÙNG HIỆN TẠI,close nằm trong/gần current zone,1,2,2,20.0,40.0,GIỮ VÙNG HIỆN TẠI
PAN,OTHER,ALL,2026-06-03,23.65,23.40-23.59,21.53-21.72,strong,19.64-19.82,24.49-24.68,strong,26.53-26.71,MFI_CMF + ROC_MOMENTUM + PVI_NVI + ADX_DMI + RSI,RF,70.45,12.16,GIỮ VÙNG HIỆN TẠI,close nằm trong/gần current zone,2,1,2,40.0,20.0,GIỮ VÙNG HIỆN TẠI
PC1,OTHER,ALL,2026-06-03,19.0,18.78-18.94,16.57-16.73,weak,,20.41-20.57,strong,22.34-22.49,MFI_CMF + ROC_MOMENTUM + PVI_NVI + ADX_DMI + RSI,RF,70.45,12.16,GIỮ VÙNG HIỆN TẠI,close nằm trong/gần current zone,1,4,0,20.0,80.0,GIỮ GIÁ NHƯNG CORE12 YẾU
PDR,BDS,BDS,2026-06-03,15.3,15.09-15.21,14.04-14.16,weak,,15.66-15.78,strong,16.76-16.88,SUPERTREND + MA_EMA_WMA + TRIX + VWAP_VWMA + PVI_NVI,ET,100.0,20.84,GIỮ VÙNG HIỆN TẠI,close nằm trong/gần current zone,1,2,2,20.0,40.0,GIỮ VÙNG HIỆN TẠI
PET,OTHER,ALL,2026-06-03,49.95,50.10-50.50,48.30-48.70,strong,44.88-45.27,51.80-52.20,strong,,MFI_CMF + ROC_MOMENTUM + PVI_NVI + ADX_DMI + RSI,RF,70.45,12.16,GIỮ VÙNG HIỆN TẠI,close nằm trong/gần current zone,4,0,1,80.0,0.0,GIỮ HỖ TRỢ / CORE12 ỦNG HỘ
PHR,OTHER,ALL,2026-06-03,67.2,67.08-67.62,62.16-62.69,strong,56.93-57.47,69.48-70.02,strong,74.43-74.97,MFI_CMF + ROC_MOMENTUM + PVI_NVI + ADX_DMI + RSI,RF,70.45,12.16,GIỮ VÙNG HIỆN TẠI,close nằm trong/gần current zone,3,0,2,60.0,0.0,GIỮ HỖ TRỢ / CORE12 ỦNG HỘ
PLX,ENERGY_UTIL,ALL,2026-06-03,39.15,39.05-39.36,36.04-36.36,strong,33.19-33.51,41.33-41.64,strong,46.81-47.13,MFI_CMF + ROC_MOMENTUM + PVI_NVI + ADX_DMI + RSI,RF,70.45,12.16,GIỮ VÙNG HIỆN TẠI,close nằm trong/gần current zone,1,3,1,20.0,60.0,GIỮ GIÁ NHƯNG CORE12 YẾU
PNJ,RETAIL_CONSUMER,RETAIL_CONSUMER,2026-06-03,65.4,,60.50-61.03,strong,56.90-57.42,66.62-67.14,strong,70.74-71.26,MFI_CMF + VWAP_VWMA + ROC_MOMENTUM + MA_EMA_WMA + PVI_NVI,ET,80.0,58.34,GIỮ TRÊN HỖ TRỢ,trên S1 khoảng 7.08%,0,4,1,0.0,80.0,GIỮ GIÁ NHƯNG CORE12 YẾU
PVD,ENERGY_UTIL,ALL,2026-06-03,30.0,30.08-30.32,27.21-27.45,strong,23.48-23.72,31.43-31.67,strong,33.22-33.46,MFI_CMF + ROC_MOMENTUM + PVI_NVI + ADX_DMI + RSI,RF,70.45,12.16,GIỮ VÙNG HIỆN TẠI,close nằm trong/gần current zone,2,3,0,40.0,60.0,GIỮ VÙNG HIỆN TẠI
PVS,ENERGY_UTIL,ALL,2026-06-03,38.5,38.58-38.89,37.25-37.55,weak,34.89-35.19,41.15-41.46,strong,43.85-44.15,MFI_CMF + ROC_MOMENTUM + PVI_NVI + ADX_DMI + RSI,RF,70.45,12.16,GIỮ VÙNG HIỆN TẠI,close nằm trong/gần current zone,2,3,0,40.0,60.0,GIỮ VÙNG HIỆN TẠI
QCG,OTHER,ALL,2026-06-03,12.65,12.52-12.62,11.95-12.05,weak,,13.25-13.35,strong,13.99-14.09,MFI_CMF + ROC_MOMENTUM + PVI_NVI + ADX_DMI + RSI,RF,70.45,12.16,GIỮ VÙNG HIỆN TẠI,close nằm trong/gần current zone,0,3,2,0.0,60.0,GIỮ GIÁ NHƯNG CORE12 YẾU
QNS,OTHER,ALL,2026-06-03,47.5,47.29-47.55,44.06-44.32,strong,41.24-41.50,48.97-49.23,strong,,MFI_CMF + ROC_MOMENTUM + PVI_NVI + ADX_DMI + RSI,RF,70.45,12.16,GIỮ VÙNG HIỆN TẠI,close nằm trong/gần current zone,2,1,2,40.0,20.0,GIỮ VÙNG HIỆN TẠI
REE,OTHER,ALL,2026-06-03,51.2,51.08-51.44,,,,53.64-54.00,strong,56.67-57.03,MFI_CMF + ROC_MOMENTUM + PVI_NVI + ADX_DMI + RSI,RF,70.45,12.16,GIỮ VÙNG HIỆN TẠI,close nằm trong/gần current zone,1,2,2,20.0,40.0,GIỮ VÙNG HIỆN TẠI
SAB,RETAIL_CONSUMER,RETAIL_CONSUMER,2026-06-03,47.5,47.53-47.89,45.98-46.34,strong,41.97-42.34,49.19-49.56,strong,52.99-53.35,MFI_CMF + VWAP_VWMA + ROC_MOMENTUM + MA_EMA_WMA + PVI_NVI,ET,80.0,58.34,GIỮ VÙNG HIỆN TẠI,close nằm trong/gần current zone,1,1,3,20.0,20.0,GIỮ VÙNG HIỆN TẠI
SBT,OTHER,ALL,2026-06-03,20.2,,19.07-19.23,weak,,20.34-20.50,strong,22.38-22.54,MFI_CMF + ROC_MOMENTUM + PVI_NVI + ADX_DMI + RSI,RF,70.45,12.16,GIỮ TRÊN HỖ TRỢ,trên S1 khoảng 5.20%,0,4,1,0.0,80.0,GIỮ GIÁ NHƯNG CORE12 YẾU
SCR,OTHER,ALL,2026-06-03,5.35,,5.19-5.23,weak,,5.44-5.48,weak,5.83-5.87,MFI_CMF + ROC_MOMENTUM + PVI_NVI + ADX_DMI + RSI,RF,70.45,12.16,GIỮ TRÊN HỖ TRỢ,trên S1 khoảng 2.62%,1,4,0,20.0,80.0,GIỮ GIÁ NHƯNG CORE12 YẾU
SHB,BANK,BANK,2026-06-03,13.8,,13.05-13.15,weak,,13.95-14.05,strong,15.37-15.47,ROC_MOMENTUM + MFI_CMF + TRIX + ICHIMOKU + SR_CLUSTER,LOG,24.27,91.11,GIỮ TRÊN HỖ TRỢ,trên S1 khoảng 5.07%,0,4,1,0.0,80.0,GIỮ GIÁ NHƯNG CORE12 YẾU
SHS,CHUNG_KHOAN,CHUNG_KHOAN,2026-06-03,18.4,18.31-18.46,17.68-17.83,strong,16.54-16.68,18.80-18.95,strong,20.49-20.64,MFI_CMF + SR_CLUSTER + VWAP_VWMA + ROC_MOMENTUM + RSI,ET,100.0,50.0,GIỮ VÙNG HIỆN TẠI,close nằm trong/gần current zone,4,0,1,80.0,0.0,GIỮ HỖ TRỢ / CORE12 ỦNG HỘ
SJS,OTHER,ALL,2026-06-03,51.0,,49.80-50.20,strong,46.84-47.24,51.77-52.17,strong,55.39-55.80,MFI_CMF + ROC_MOMENTUM + PVI_NVI + ADX_DMI + RSI,RF,70.45,12.16,GIỮ TRÊN HỖ TRỢ,trên S1 khoảng 1.96%,1,2,2,20.0,40.0,GIỮ TRÊN HỖ TRỢ
SKG,OTHER,ALL,2026-06-03,9.14,9.07-9.13,,,,9.30-9.37,strong,9.94-10.01,MFI_CMF + ROC_MOMENTUM + PVI_NVI + ADX_DMI + RSI,RF,70.45,12.16,GIỮ VÙNG HIỆN TẠI,close nằm trong/gần current zone,1,3,1,20.0,60.0,GIỮ GIÁ NHƯNG CORE12 YẾU
SLS,OTHER,ALL,2026-06-03,147.2,,,,,158.75-159.25,strong,172.97-173.48,MFI_CMF + ROC_MOMENTUM + PVI_NVI + ADX_DMI + RSI,RF,70.45,12.16,CHƯA CÓ S1 RÕ,không đủ cụm hỗ trợ major,0,4,1,0.0,80.0,GIỮ GIÁ NHƯNG CORE12 YẾU
SSB,BANK,BANK,2026-06-03,14.4,14.39-14.50,13.69-13.80,strong,,14.87-14.98,strong,15.71-15.81,ROC_MOMENTUM + MFI_CMF + TRIX + ICHIMOKU + SR_CLUSTER,LOG,24.27,91.11,GIỮ VÙNG HIỆN TẠI,close nằm trong/gần current zone,4,0,1,80.0,0.0,GIỮ HỖ TRỢ / CORE12 ỦNG HỘ
SSI,CHUNG_KHOAN,CHUNG_KHOAN,2026-06-03,27.3,27.19-27.41,26.39-26.61,weak,,28.63-28.85,strong,31.47-31.69,MFI_CMF + SR_CLUSTER + VWAP_VWMA + ROC_MOMENTUM + RSI,ET,100.0,50.0,GIỮ VÙNG HIỆN TẠI,close nằm trong/gần current zone,2,2,1,40.0,40.0,GIỮ VÙNG HIỆN TẠI
STB,BANK,BANK,2026-06-03,66.1,66.07-66.60,60.53-61.06,strong,50.79-51.31,68.79-69.32,strong,76.54-77.06,ROC_MOMENTUM + MFI_CMF + TRIX + ICHIMOKU + SR_CLUSTER,LOG,24.27,91.11,GIỮ VÙNG HIỆN TẠI,close nằm trong/gần current zone,4,1,0,80.0,20.0,GIỮ HỖ TRỢ / CORE12 ỦNG HỘ
SZC,INDUSTRIAL_LOGISTICS,ALL,2026-06-03,23.0,,,,,24.16-24.34,weak,27.31-27.49,MFI_CMF + ROC_MOMENTUM + PVI_NVI + ADX_DMI + RSI,RF,70.45,12.16,CHƯA CÓ S1 RÕ,không đủ cụm hỗ trợ major,0,5,0,0.0,100.0,GIỮ GIÁ NHƯNG CORE12 YẾU
TCB,BANK,BANK,2026-06-03,31.55,,30.92-31.17,medium,28.96-29.22,33.26-33.51,strong,35.57-35.83,ROC_MOMENTUM + MFI_CMF + TRIX + ICHIMOKU + SR_CLUSTER,LOG,24.27,91.11,GIỮ TRÊN HỖ TRỢ,trên S1 khoảng 1.62%,2,2,1,40.0,40.0,GIỮ TRÊN HỖ TRỢ
TCH,OTHER,ALL,2026-06-03,15.15,15.14-15.26,14.39-14.51,weak,12.79-12.91,15.67-15.79,strong,16.66-16.78,MFI_CMF + ROC_MOMENTUM + PVI_NVI + ADX_DMI + RSI,RF,70.45,12.16,GIỮ VÙNG HIỆN TẠI,close nằm trong/gần current zone,0,3,2,0.0,60.0,GIỮ GIÁ NHƯNG CORE12 YẾU
TIG,OTHER,ALL,2026-06-03,6.6,6.57-6.63,6.37-6.43,strong,,6.87-6.92,medium,7.37-7.43,MFI_CMF + ROC_MOMENTUM + PVI_NVI + ADX_DMI + RSI,RF,70.45,12.16,GIỮ VÙNG HIỆN TẠI,close nằm trong/gần current zone,0,4,1,0.0,80.0,GIỮ GIÁ NHƯNG CORE12 YẾU
TMS,OTHER,ALL,2026-06-03,39.8,39.71-40.03,38.13-38.45,strong,,41.34-41.66,strong,,MFI_CMF + ROC_MOMENTUM + PVI_NVI + ADX_DMI + RSI,RF,70.45,12.16,GIỮ VÙNG HIỆN TẠI,close nằm trong/gần current zone,1,2,2,20.0,40.0,GIỮ VÙNG HIỆN TẠI
TNG,OTHER,ALL,2026-06-03,18.7,18.61-18.76,18.11-18.26,strong,17.02-17.17,19.96-20.11,strong,20.98-21.13,MFI_CMF + ROC_MOMENTUM + PVI_NVI + ADX_DMI + RSI,RF,70.45,12.16,GIỮ VÙNG HIỆN TẠI,close nằm trong/gần current zone,0,5,0,0.0,100.0,GIỮ GIÁ NHƯNG CORE12 YẾU
TPB,BANK,BANK,2026-06-03,15.7,15.65-15.76,15.07-15.18,strong,,16.55-16.66,strong,17.51-17.61,ROC_MOMENTUM + MFI_CMF + TRIX + ICHIMOKU + SR_CLUSTER,LOG,24.27,91.11,GIỮ VÙNG HIỆN TẠI,close nằm trong/gần current zone,2,2,1,40.0,40.0,GIỮ VÙNG HIỆN TẠI
TV2,OTHER,ALL,2026-06-03,29.3,,,,,30.33-30.56,strong,34.28-34.52,MFI_CMF + ROC_MOMENTUM + PVI_NVI + ADX_DMI + RSI,RF,70.45,12.16,CHƯA CÓ S1 RÕ,không đủ cụm hỗ trợ major,0,4,1,0.0,80.0,GIỮ GIÁ NHƯNG CORE12 YẾU
VCB,BANK,BANK,2026-06-03,61.9,61.68-62.18,59.05-59.55,strong,,65.93-66.42,medium,73.05-73.55,ROC_MOMENTUM + MFI_CMF + TRIX + ICHIMOKU + SR_CLUSTER,LOG,24.27,91.11,GIỮ VÙNG HIỆN TẠI,close nằm trong/gần current zone,2,1,2,40.0,20.0,GIỮ VÙNG HIỆN TẠI
VCG,OTHER,ALL,2026-06-03,19.75,,18.42-18.58,weak,,19.90-20.05,strong,21.49-21.65,MFI_CMF + ROC_MOMENTUM + PVI_NVI + ADX_DMI + RSI,RF,70.45,12.16,GIỮ TRÊN HỖ TRỢ,trên S1 khoảng 6.33%,1,3,1,20.0,60.0,GIỮ GIÁ NHƯNG CORE12 YẾU
VCI,CHUNG_KHOAN,CHUNG_KHOAN,2026-06-03,24.5,24.29-24.48,23.60-23.80,strong,,25.60-25.79,strong,27.81-28.01,MFI_CMF + SR_CLUSTER + VWAP_VWMA + ROC_MOMENTUM + RSI,ET,100.0,50.0,GIỮ VÙNG HIỆN TẠI,close nằm trong/gần current zone,2,2,1,40.0,40.0,GIỮ VÙNG HIỆN TẠI
VGC,INDUSTRIAL_LOGISTICS,ALL,2026-06-03,42.25,42.06-42.40,39.98-40.32,weak,,44.74-45.08,strong,47.18-47.52,MFI_CMF + ROC_MOMENTUM + PVI_NVI + ADX_DMI + RSI,RF,70.45,12.16,GIỮ VÙNG HIỆN TẠI,close nằm trong/gần current zone,1,2,2,20.0,40.0,GIỮ VÙNG HIỆN TẠI
VHC,OTHER,ALL,2026-06-03,58.0,57.81-58.18,55.52-55.89,strong,50.51-50.89,60.89-61.26,strong,65.11-65.49,MFI_CMF + ROC_MOMENTUM + PVI_NVI + ADX_DMI + RSI,RF,70.45,12.16,GIỮ VÙNG HIỆN TẠI,close nằm trong/gần current zone,0,4,1,0.0,80.0,GIỮ GIÁ NHƯNG CORE12 YẾU
VHM,BDS,BDS,2026-06-03,148.4,148.11-149.29,139.39-140.58,weak,130.84-132.03,155.63-156.81,medium,172.71-173.89,SUPERTREND + MA_EMA_WMA + TRIX + VWAP_VWMA + PVI_NVI,ET,100.0,20.84,GIỮ VÙNG HIỆN TẠI,close nằm trong/gần current zone,5,0,0,100.0,0.0,GIỮ HỖ TRỢ / CORE12 ỦNG HỘ
VIB,BANK,BANK,2026-06-03,15.9,15.79-15.91,15.30-15.42,weak,,16.27-16.40,strong,17.22-17.34,ROC_MOMENTUM + MFI_CMF + TRIX + ICHIMOKU + SR_CLUSTER,LOG,24.27,91.11,GIỮ VÙNG HIỆN TẠI,close nằm trong/gần current zone,2,1,2,40.0,20.0,GIỮ VÙNG HIỆN TẠI
VIC,BDS,BDS,2026-06-03,197.6,,189.21-190.79,weak,176.00-177.58,205.62-207.20,medium,230.89-232.47,SUPERTREND + MA_EMA_WMA + TRIX + VWAP_VWMA + PVI_NVI,ET,100.0,20.84,GIỮ TRÊN HỖ TRỢ,trên S1 khoảng 3.85%,4,1,0,80.0,20.0,GIỮ HỖ TRỢ / CORE12 ỦNG HỘ
VIX,CHUNG_KHOAN,CHUNG_KHOAN,2026-06-03,17.9,17.65-17.79,15.78-15.92,strong,,18.12-18.27,medium,19.72-19.87,MFI_CMF + SR_CLUSTER + VWAP_VWMA + ROC_MOMENTUM + RSI,ET,100.0,50.0,GIỮ VÙNG HIỆN TẠI,close nằm trong/gần current zone,3,0,2,60.0,0.0,GIỮ HỖ TRỢ / CORE12 ỦNG HỘ
VJC,OTHER,ALL,2026-06-03,170.8,169.91-171.01,159.21-160.31,strong,146.15-147.25,177.51-178.61,strong,189.45-190.55,MFI_CMF + ROC_MOMENTUM + PVI_NVI + ADX_DMI + RSI,RF,70.45,12.16,GIỮ VÙNG HIỆN TẠI,close nằm trong/gần current zone,2,1,2,40.0,20.0,GIỮ VÙNG HIỆN TẠI
VND,CHUNG_KHOAN,CHUNG_KHOAN,2026-06-03,17.95,17.74-17.88,16.92-17.06,strong,15.56-15.70,18.57-18.71,strong,19.87-20.02,MFI_CMF + SR_CLUSTER + VWAP_VWMA + ROC_MOMENTUM + RSI,ET,100.0,50.0,GIỮ VÙNG HIỆN TẠI,close nằm trong/gần current zone,4,0,1,80.0,0.0,GIỮ HỖ TRỢ / CORE12 ỦNG HỘ
VNM,RETAIL_CONSUMER,RETAIL_CONSUMER,2026-06-03,58.3,57.96-58.24,56.16-56.44,weak,,59.94-60.22,strong,63.17-63.45,MFI_CMF + VWAP_VWMA + ROC_MOMENTUM + MA_EMA_WMA + PVI_NVI,ET,80.0,58.34,GIỮ VÙNG HIỆN TẠI,close nằm trong/gần current zone,0,5,0,0.0,100.0,GIỮ GIÁ NHƯNG CORE12 YẾU
VOS,OTHER,ALL,2026-06-03,12.3,12.17-12.27,11.80-11.90,weak,,13.14-13.24,strong,14.07-14.17,MFI_CMF + ROC_MOMENTUM + PVI_NVI + ADX_DMI + RSI,RF,70.45,12.16,GIỮ VÙNG HIỆN TẠI,close nằm trong/gần current zone,1,3,1,20.0,60.0,GIỮ GIÁ NHƯNG CORE12 YẾU
VPB,BANK,BANK,2026-06-03,26.45,,25.89-26.10,strong,24.26-24.48,26.69-26.90,strong,28.67-28.88,ROC_MOMENTUM + MFI_CMF + TRIX + ICHIMOKU + SR_CLUSTER,LOG,24.27,91.11,GIỮ TRÊN HỖ TRỢ,trên S1 khoảng 1.70%,2,1,2,40.0,20.0,GIỮ TRÊN HỖ TRỢ
VRE,BDS,BDS,2026-06-03,30.05,29.61-29.85,27.33-27.57,strong,24.38-24.62,31.31-31.55,strong,32.97-33.21,SUPERTREND + MA_EMA_WMA + TRIX + VWAP_VWMA + PVI_NVI,ET,100.0,20.84,GIỮ VÙNG HIỆN TẠI,close nằm trong/gần current zone,2,2,1,40.0,40.0,GIỮ VÙNG HIỆN TẠI
VSC,INDUSTRIAL_LOGISTICS,ALL,2026-06-03,19.65,,18.97-19.13,strong,,19.89-20.05,strong,21.42-21.57,MFI_CMF + ROC_MOMENTUM + PVI_NVI + ADX_DMI + RSI,RF,70.45,12.16,GIỮ TRÊN HỖ TRỢ,trên S1 khoảng 3.05%,0,5,0,0.0,100.0,GIỮ GIÁ NHƯNG CORE12 YẾU
VTP,OTHER,ALL,2026-06-03,65.8,,64.56-65.09,medium,60.50-61.02,69.84-70.36,strong,74.55-75.08,MFI_CMF + ROC_MOMENTUM + PVI_NVI + ADX_DMI + RSI,RF,70.45,12.16,TEST S1 / CHƯA GÃY RÕ,close sát S1 64.56-65.09,2,2,1,40.0,40.0,TEST S1 / CHƯA GÃY RÕ
