curated_id,project_name,issue,source_excerpt
BDS-CURATED-0048,4ha Thị xã Phú Mỹ với tổng diện tích đất thực hiện dự án là 4,likely_sentence_name,"[] Báo cáo Dự án 4ha Thị xã Phú Mỹ với tổng diện tích đất thực hiện dự án là 4,4ha (giá chào bán 600 tỷ tương đương 13,4 tr/m2) tại 2 mặt tiền đường Quốc lộ 51 và đường Hùng Vương thuộc Phường Tân Phước, Thị xã Phú Mỹ, tỉnh Bà Rịa – Vũng Tàu: Vị trí dự án có nhiều tiềm năng: - Dự án tiếp giáp 2 mặt tiền đường hiện hữu: + Mặt tiền tiếp giáp khoảng 110m, giáp đường Quốc lộ 51, đường nhựa rộng khoảng 46m. + Mặt tiền tiếp giáp đường khoảng 78,7m, giáp đường Hùng Vương đường nhựa rộng khoảng 25m. - Cách Trung tâm Hành chính Thị xã Phú Mỹ khoảng 1km, cách các tiện ích ngoại khu trong vòng bán kính 2,5km gồm siêu thị Co.opmart, KNG Mall, phòng khám đa khoa, 2 trường Trung học Cơ sở, 2 trường Tiểu học, 6 trường Mần non. - Cách khu công nghiệp: + KCN Phú Mỹ I khoảng 1,5km + KCN Phú Mỹ II khoảng 1,2km + KCN Phú Mỹ III khoảng 3,7km. - Cách Cảng Quốc tế Cái Mép - Thị Vãi khoảng 3km; Định hướng theo Nghị quyết 24 của Bộ Chính trị về phát triển kinh tế - xã hội và bảo đảm quốc phòng, an ninh vùng Đông Nam Bộ đến năm 2030, tầm nhìn 2045 đã mở ra triển vọng mới cho cụm cảng Cái Mép - Thị Vải (CM-TV) trở thành cảng trung chuyển quốc tế lớn. - Cách sân bay Quốc tế Long Thành khoảng 20km. - Cách"
BDS-CURATED-0034,Bãi Container & Dịch vụ Cảng (Diện tích 31 ha) với giá chào 2 trđ/m2 tại Phước Hòa,likely_sentence_name,"[2022-08-09] Quy Vo-PTDT 8/9/2022 2:33 PM 2. Dự án Bãi Container & Dịch vụ Cảng (Diện tích 31 ha) với giá chào 2 trđ/m2 tại Phước Hòa, Phú Mỹ, Bà Rịa Vũng Tàu 2.1 Về Pháp lý Dự án: - Dự án đã có chủ trương đầu tư, GCN quyền sử dụng đất (Đất SXKD, thời hạn đến năm 2061, thuê đất đóng tiền 1 lần), chưa có Giấy phép xây dựng. 2.2 Về vị trí và kết nối, tiềm năng hạ tầng: - Dự án nằm trong khu bến cảng Cái Mép – Thị Vải (thuộc cảng biển Bà Rịa – Vũng Tàu một trong 2 cảng biển loại đặc biệt lớn nhất cả nước, cùng với Cảng biển Hải Phòng), dự án khu bến cảng Cái Mép khoảng 1.5km, tiếp giáp với đường 991B(đường quy hoạch) kết nối đến đường Liên Cảng Cái Mép, dự án kết nối với Cao tốc Bến Lức Long Thành thông qua cầu Phước An (dự kiến cao tốc sẽ được hoàn thành vào 2025); từ dự án kết nối thuận lợi với Quốc Lộ 51, Cao tốc Biên Hòa – Vũng Tàu thông qua đường 991B. - Tiềm năng hạ tầng: Hạ tầng giao thông (cao tốc, sân bay, đường kết nối) sẽ hoàn thành trong giai đoạn 2025 – 2026; các KCN mới ở Bà Rịa – Vũng Tàu, Đồng Nai; ngành logistic hấp dẫn nhiều nhà đầu tư, vận tải đường thủy được Nhà nước chú trọng phát triển sẽ đưa Cụm cảng Cái Mép – Thị Vải sẽ thành cửa ngõ giao thương quốc tế. 2.3 Ch"
BDS-CURATED-0285,bị Phốt nhiều à Vậy bỏ qua cái Đức Long nha by Unknown User,likely_sentence_name,[2025-04-03] Unknown User 4/3/2025 2:35 PM 300 tỷ 📄 QĐ 2805 UBNDTP - QUY HOẠCH 1-2000 1.7.2019 (4).pdf 📄 Bản vẽ hiện trạng Gia Long.pdf 📄 SO DO Gia Long.pdf Dự án bị Phốt nhiều à Vậy bỏ qua cái Đức Long nha by Unknown User
BDS-CURATED-0041,chung cư Thành Lộc với tổng diện tích đất phù hợp quy hoạch để thực hiện dự án là 8,likely_sentence_name,"[2022-08-09] Quy Vo-PTDT 8/9/2022 4:15 PM KĐT gửi Mr.Tuấn Tuan Tran-CEO Báo cáo Dự án chung cư Thành Lộc với tổng diện tích đất phù hợp quy hoạch để thực hiện dự án là 8,368.3m2 (giá chào bán khoảng 300 tỷ tương đương 31.3 tr/m2 trên diện tích đất chào bán 9,582.6m2) thuộc phường An Thạnh, thành phố Thuận An, tỉnh Bình Dương: 1. Vị trí dự án: Dự án nằm trên đường Hồ Văn Mên (Quy hoạch làm tuyến đường vành đai 3) có bán kính cách thành phố mới Bình Dương 10 km, Khu công nghiệp VSIP 1 4km và sân bay Tân Sơn Nhất 15 km. 2. Pháp lý đất: Diện tích đất 9582.6 m2 đã được cấp GCN cho cá nhân: + 320m2 đất ODT: Nhà nước giao đất có thu tiền sử dụng đất. + 9262.6m2 đất CLN: Nhà nước giao đất không thu tiền sử dụng đất, thời hạn đến năm 2024. 3. Pháp lý đầu tư: - Văn bản số 4237/UBND-KT của UBND tỉnh Bình Dương về việc chấp thuận cho công ty TNHH Đầu tư bất động sản Thành Lộc nhận chuyển nhượng QSDĐ nông nghiệp (đất trồng cây lâu năm) với diện tích 9,282.6 m2 tại thửa đất số 226, 99, 224, 89, 98, 212, 5720, 5721 tờ bản đố số 60 (B3) thuộc phường An Thạnh, thành phố Thuận An, tỉnh Bình Dương để thực hiện dự án chung cư Thành Lộc. - Hiện tại công ty đang làm thủ tục đề nghị chấp thuận chủ trương"
BDS-CURATED-0063,chung cư trên quy đất này có thể theo 2 hướng,likely_sentence_name,"[] Phòng pháp lý tư vấn để triển khai phát triển dự án chung cư trên quy đất này có thể theo 2 hướng: + Hướng 1 (muốn triển khai sớm): Vì QH 1/2000 đã quy định rõ quỹ đất này thuộc 1 phần ô đất I.04 có chức năng Khu nhà cao tầng có quy mô 46000m2, dân số 2448 người, 18-23 tầng cao, MĐXD 20%, HSSD 3.85-4.93 => BeeG cần phải mua thêm các thửa đất liền kề để sở hữu đủ phần đất thuộc ô I.04 thì mới có thể làm dự án hoặc tham gia đấu thầu dự án vì BeeG sở hữu lớn phần đất thuộc ô I.04 nên có khả năng trúng thầu cao hơn + Hướng 2 (triển khai trên quỹ đất hiện trạng, không cần mua thêm các thửa liền kề): Mua tích trữ quỹ đất chờ đến khi luật sửa đổi khi không cần phải có đất ở nhưng vẫn thực hiện được dự án vì phù hợp quy hoạch ở. 3. Sản phẩm phát triển thay đổi: + 1494 căn chung cư, DTKD 97086m2 có giá bán trung bình 60tr/m2 sàn thông thủy có VAT tại năm 2024 + 1 sàn TMDV, DTKD 3800m2, giá thuê khoán $8/m2/tháng có VAT từ năm 2026 + 37 căn shophouse, DTKD 4433m2, có giá bán trung bình 66tr/m2 sàn thông thủy có VAT tại năm 2024 + 1 mảnh đất TMDV 414 m2, giá bán đất 57tr/m2 đất tại năm 2024 4. Tổng mức đầu tư là 4476 tỷ đồng, tổng doanh thu là 6250 tỷ đồng => Lợi nhuận trước thuế là 950 tỷ"
BDS-CURATED-0202,của mình nằm sát Khu CBD mới của Đà Nẵng và lợi thế nằm ngay đường Phạm Văn Đồng (có 4 mặt tiền,likely_sentence_name,"[2022-08-10] Quy Vo-PTDT 8/10/2022 10:47 AM Vị trí dự án của mình nằm sát Khu CBD mới của Đà Nẵng và lợi thế nằm ngay đường Phạm Văn Đồng (có 4 mặt tiền, mặc dù bị khuyết 1 ô), cách bãi tắm biển Phạm Văn Đồng 500 mét (1 trong bãi biển đẹp nhất của Đà Nẵng). Đối với shophouse thì giá bán đang đề xuất ... by Unknown User"
BDS-CURATED-0078,KCN Thái Hòa – Liễn Sơn – Liên Hòa - Khu vực 1 (284 ha) thuộc địa phận các xã,likely_sentence_name,"[2023-06-16] Sinh Nguyen-Dau Tu 6/16/2023 8:48 PM K.ĐT báo cáo anh Tuan Tran-CEO dự án KCN Thái Hòa – Liễn Sơn – Liên Hòa - Khu vực 1 (284 ha) thuộc địa phận các xã Thái Hòa và xã Bắc Bình, huyện Lập Thạch, tỉnh Vĩnh Phúc như sau: 1/ Vị trí Cách đường Quốc lộ 2C khoảng 80m. Nằm ở giáp ranh giữa Vĩnh Phúc và Tuyên Quang, là khu công nghiệp có vị trí xa nhất khi hướng về Hà Nội và Hải Phòng Cách trung tâm Thành phố Vĩnh Yên khoảng 22km Cách đường Vành Đai 5 (đường Vành Đai – Vùng Thủ Đô) khoảng 16,5km; Cách nút giao cao tốc Hà Nội – Lào Cai khoảng 16km. Cách sân bay quốc tế Nội Bài khoảng 52km Cách Trung Tâm Thủ đô Hà Nội khoảng 78km Cách Hải Phòng khoảng 175km 2/ Hiện trạng: Còn nhiều nhà dân sinh sống trong ranh đất quy hoạch dự án: 1 cụm lớn tập trung ở giữa và khá nhiều hộ nằm rải rác da beo trên đất quy hoạch dự án Có 1 khu mộ trên đất quy hoạch dự án Dự án không tiếp giáp trực tiếp đường Quốc Lộ 2C, chỉ tiếp cận đường nội bộ khu dân cư 3/ Pháp lý đất, pháp lý đầu tư Chưa có 4/ Quy hoạch Quyết định về việc Phê duyệt đồ án QHCT tỷ lệ 1/2000 Khu công nghiệp Thái Hòa, Bắc Bình tại huyện Lập Thạch, tỉnh Vĩnh Phúc số 3424/QĐ-UBND ngày 26/11/2013 Căn cứ phê duyệt quy hoạch sử dụng đất"
BDS-CURATED-0065,khu nhà ở Lộc Phú Gia với tổng diện tích đất thực hiện dự án là 690,likely_sentence_name,"[] Báo cáo Dự án khu nhà ở Lộc Phú Gia với tổng diện tích đất thực hiện dự án là 690.000 m2 (giá chào bán khoảng 1,725 tỷ tương đương 2.5 tr/m2) tại mặt tiền đường ĐH 505 và ĐH 507 thuộc Xã Vĩnh Hòa, Huyện Phú Giáo, Tỉnh Bình Dương: Vị trí dự án: - Dự án tiếp giáp 2 mặt tiền đường hiện hữu: + Mặt tiền tiếp giáp khoảng 643m, giáp đường ĐH 505, đường nhựa rộng khoảng 10m (QH đường dự kiến 32m); + Mặt tiền tiếp giáp đường khoảng 95m, giáp đường ĐH 507 đường nhựa rộng khoảng 10m (QH đường dự kiến 32m). - Dự án tiếp giáp đường quy hoạch: + Bên phải QHTT GTVT tỉnh Bình Dương đường ĐT750B lộ giới 52m kết nối với đường DT741, cách đường DT 741 khoảng 3.5km. - Cách khu công nghiệp An Linh khoảng 12km, cách KCN cao su Đồng Phú khoảng 8km, cách KCN Vĩnh Lộc 2 khoảng 15km, cách KCN Vĩnh Lộc 18km, cách KCN Tạm Lập khoảng 6.5km. Các KDC này đều có quy hoach khu dân cư. - Dự án cách trung tâm hành chính huyên Phú Giáo khoảng 3.4km (theo đường chim bay), cách trục đường chính DT (nối tỉnh Bình Dương và Bình Phước) khoảng 4.5km. Pháp lý đất: - Đất sạch, đã có QĐ giao đất, đã có thông báo đóng tiền SD đất (CĐT chưa cung cấp). Pháp lý đầu tư: - QĐ về việc chấp thuận chủ trươ"
BDS-CURATED-0090,khu nhà ở Tân Mai (thuộc danh sách dự kiến đấu giá tại Đồng Nai 2026) A) Thông tin chung,likely_sentence_name,"[] P.ĐT báo cáo sếp Admin 01 dự án khu nhà ở Tân Mai (thuộc danh sách dự kiến đấu giá tại Đồng Nai 2026) A) Thông tin chung: - Vị trí: P.Trấn Biên, Đồng Nai - Diện tích toàn khu: 131.690,94 m2 - Mục đích dự án theo QH sử dụng đất và QH xây dựng: KDC nhà ở kết hợp TMDV, cơ sở giáo dục – văn hóa – y tế. B) Định giá đất theo hiệu quả dự án: - Giả định kinh doanh: Thời gian bán hàng từ Q2/2027 – Q1/2030 Căn hộ: 55 – 60 tr/m2 Shop TMDV: 75 – 80 tr/m2 Nhà phố liên kế: 95 – 100tr/m2 Shophouse liên kế: 115 - 120 tr/m2 Biệt thự: 85 – 100 tr/m2 - Giá định cp đầu tư xây dựng Chung cư 19 tầng : 12.8 – 13.3 (gồm VAT, all-in) Nhà phố: 7.5tr/m2 (hoàn thiện mặt ngoài – thô bên trong) Biệt thự: 9.5 tr/m2 (hoàn thiện mặt ngoài – thô bên trong) - Giả định cp bán hàng: ~18% doanh thu => Để dự án đạt mức IRR: 20%, giá đấu cho khu đất là 2.010 tỷ (đơn giá đất ở: ~ 35 tr/m2) Bảng độ nhạy hiệu quả dự án theo giá đấu: Lưu ý và đề xuất: - Dự án có vị trí tốt, thị trường Biên Hòa có nhiều tiềm năng phát triển, hạ tầng đồng bộ phát triển - Hiệu quả theo mức đấu giá dự kiến là 2.010 tỷ để đạt mức IRR 20% Tuy nhiên có 1 số điểm lưu ý như sau: - Trong QH 1/500 được duyệt, diện tích 1 lô tương đối nhỏ (số lô có d"
BDS-CURATED-0209,là 300 tỷ - Độ nhạy Lợi nhuận trước thuế / Tổng mức đầu tư của dự án với 2 biến số,likely_sentence_name,"[] P.ĐT báo cáo anh Mr Mike1 -CEO về cập nhật độ nhạy Lợi nhuận trước thuế / Tổng mức đầu tư giữa đơn giá đóng tiền sử dụng đất và hệ số sử dụng đất toàn khu của dự án 1,6ha Phan Văn Hớn như sau: - Chi phí chuyển nhượng của dự án là 300 tỷ - Độ nhạy Lợi nhuận trước thuế / Tổng mức đầu tư của dự án với 2 biến số: Biến số 1: Đơn giá đóng tiền sử dụng đất trên tổng diện tích đất phù hợp quy hoạch Biến số 2: Hệ số sử dụng đất toàn khu (tầng cao và dân số phải tăng thêm tương ứng với hệ số sử dụng Đất) Xuất pdf dùm a. Hình này load ko đc by Unknown User"
BDS-CURATED-0139,này có các vấn đề pháp lý chưa rõ và cần Phòng pháp lý dự án đánh giá chi tiết,likely_sentence_name,"[] P.ĐT nhận thấy dự án này có các vấn đề pháp lý chưa rõ và cần Phòng pháp lý dự án đánh giá chi tiết, bao gồm: + Nguồn gốc đất ban đầu gồm đất bồi thường (89,166,3 m2) và UBND xã quản lý: 1.443,8 m2. Chưa xác định được hiện trạng mục đích sử dụng đất đã bồi thường. + Chồng ranh quy hoạch với trường Nguyễn Bỉnh Khiêm (khoảng hơn 1460 m2): Chênh lệch về diện tích đất được giao 2005 (90.610,1 m2), diện tích lập quy hoạch 1/500 năm 2009 (92,075 m2), diện tích giao đất điều chỉnh năm 2010 (90.812 m2). Cần điều chỉnh lại 1/500. + Đến nay tháng 07/2025 có thể đã hết thời hạn thực hiện dự án. Khi hết hạn thực hiện dự án sẽ bị nhà nước thu hồi và không bồi hoàn. + Tính chất dự án: quy hoạch đầu tư xây dựng khu nhà ở công nhân và chuyên gia làm việc tại các KCN Nhơn Trạch - Đối với mục đích đầu tư xây dựng nhà ở cho công nhân và chuyên gia, sẽ bị hạn chế đối tượng khách hàng (Chỉ được bán nhà ở cho công nhân và chuyên gia). + Nhiều lần chủ đầu tư kiến nghị tính nghĩa vụ tài chính nhưng chưa được thống nhất. Đến nay vẫn chờ hướng dẫn của các Bộ/ ngành. II. ĐÁNH GIÁ ĐIỀU KIỆN CHUYỂN NHƯỢNG VÀ GIÁ CHÀO DỰ ÁN: Giá chào bán dự án bao gồm TSDĐ là 980 tỷ (~ khoảng 10.8tr/m2 đất toàn khu 90.812 m2"
BDS-CURATED-0174,này hiện đã thực hiện pháp lý đến giai đoạn cấp sổ đỏ riêng cho từng lô biệt thự Nhưng hiện tại,likely_sentence_name,"[2022-08-10] Binh Vo-GD-PTDT 8/10/2022 4:40 PM Dự án này hiện đã thực hiện pháp lý đến giai đoạn cấp sổ đỏ riêng cho từng lô biệt thự Nhưng hiện tại, họ đang điều chỉnh lại qh 1... by Unknown User"
BDS-CURATED-0252,này sao tiền sử dụng đất cao vậy Dự án được tính tiền sử dụng đất theo phươn,likely_sentence_name,[2024-10-07] Mr Mike1 -CEO 10/7/2024 10:38 AM Translate Mà dự án này sao tiền sử dụng đất cao vậy Dự án được tính tiền sử dụng đất theo phươn... by Unknown User
BDS-CURATED-0293,này sau phải tăng chi phí này lên by Unknown User,likely_sentence_name,"[2025-03-14] Huy M - IM 3/14/2025 10:10 PM Translate Mình đang trích tổng hết là 10% doanh thu. Các dự án xa, khó bán hoặc muốn đẩy giá lên cao hơn chút thì 12% Mấy dự án này sau phải tăng chi phí này lên by Unknown User"
BDS-CURATED-0129,Phú Quang khoảng 350m + Có 2 mặt tiếp xúc kênh rạch II/ Kết nối giao thông đến dự án,likely_sentence_name,"[2023-11-27] Trieu Nguyen-PTDT 11/27/2023 3:01 PM Edited KĐT gửi anh Tuan Tran-CEO báo cáo Thu gom quỹ đất thuộc phường Bình Chiểu, Thủ Đức, TPHCM: I/ Vị trí: + Khu đất có mặt tiền rộng khoảng 200m, tiếp giáp đường 4A đi ra hướng đường Ngô Chí Quốc và Quốc lộ 13 + Cách Dự án Phú Quang khoảng 350m + Có 2 mặt tiếp xúc kênh rạch II/ Kết nối giao thông đến dự án: Khu đất tiếp giáp đường 4A (đoạn đã mở rộng lộ giới khoảng 23m). Tuy nhiên, các tuyến đường chính kết nối đến khu đất vẫn chưa hoàn thành mở rộng hoặc dự phóng theo Quy hoạch, cụ thể: + Tại phía Đông của khu đất: Chưa đấu nối Đoạn đường 4A ra đường Ngô Chí Quốc + Tại phía Tây của khu đất: Các tuyến đường LKV9 và đường Vĩnh Phú 32 vẫn chưa hoàn thành để đấu nối ra Quốc lộ 13 + Và một số tuyến đường nhỏ khác chưa được thực hiện III/ Quy mô, Quy hoạch và Hiện trạng: 1/ Tổng quy mô ước tính : khoảng 12,3ha (theo ranh Phòng PTQĐ cung cấp) 2/ Quy hoạch 1/2000: Quy hoạch chủ yếu là đất ở, bao gồm các ô quy hoạch: + Trọn các ô quy hoạch từ số 13 -> 18 : có quy mô 7,68ha, HSSD 7 lần, MĐXD 50%, 30 tầng cao tối đa, 8320 dân số + Một phần đất thuộc ô quy hoạch số 7 và 10 : có quy mô 0,67 ha, HSSD 5 lần , MĐXD 60%, 15 tầng cao, 134 dân số "
BDS-CURATED-0258,quy mô trên 1000 ha trước khi Nova bị mất thanh khoản định xúc tiến ở Bà Rịa,likely_sentence_name,"[2024-12-16] Huy M - IM 12/16/2024 8:56 PM Translate Các dự án quy mô trên 1000 ha trước khi Nova bị mất thanh khoản định xúc tiến ở Bà Rịa, Phú Yên, Bình Định đều phải đấu thầu Begin quote, Huy Mai-PTDT , 12/16/2024 8:56... by Unknown User --- [2024-12-16] Huy M - IM 12/16/2024 8:56 PM Các dự án quy mô trên 1000 ha trước khi Nova bị mất thanh khoản định xúc tiến ở Bà Rịa, Phú… Nghiên cứu xem đấu như thế nào anh. Đấu xong rồi giải phóng mb như thế nào Kêu mng nghiên cứu đi by Unknown User"
BDS-CURATED-0095,thuộc trường hợp giao đất không thông qua đấu giá quyền sử dụng đất - Hồ sơ pháp lý,likely_sentence_name,"[2023-08-07] Sinh Nguyen-Dau Tu 8/7/2023 4:30 PM Edited K.ĐT báo cáo anh Tuan Tran-CEO dự án 2.3ha KDC Thuận Hưng Bình Điền (với giá chào 200 tỷ), mặt tiền đường Nguyễn Văn Linh, xã An Phú Tây, huyện Bình Chánh, TP.HCM như sau: 1/ Vị trí Cách Chợ Đầu Mối Bình Điền khoảng 400m Cách ranh Quận 8 và huyện Bình Chánh khoảng 150m Cách UBND huyện Bình Chánh khoảng 3,2km Cách nút giao Vành Đai 2 - Nguyễn Văn Linh khoảng 2,2km 2/ Hiện trạng: Toàn bộ khu đất đã có hoàn tất bồi thường giải phóng mặt bằng và bàn giao đất cho Cty Thuận Hưng. 3/ Pháp lý đất: Tổng diện tích 22.335m² - Nguồn gốc đất: do BQL Khu Nam GPMB bằng vốn ngân sách và giao lại cho Công ty Thuận Hưng (là một trong hai khu đất hoán đổi Khu đất của Công ty Thuận Hưng đã bị thu hồi làm Chợ Bình Điền) - Dự án thuộc trường hợp giao đất không thông qua đấu giá quyền sử dụng đất - Hồ sơ pháp lý: hiện Khu đất được Công ty Thuận Hưng quản lý – sử dụng thông qua Biên bản tạm giao ngày 19/10/2012 giữa Ban Bồi thường Huyện Bình Chánh – Ban Quản lý Khu Nam – Công ty Nam Sài Gòn – Công ty Thuận Hưng. - Chưa thực hiện được thủ tục “Quyết định giao đất” để có cơ sở triển khai các thủ tục tiếp theo - Về việc bố trí ""nhà ở xã hội"": Do dự án đ"
BDS-CURATED-0022,tại 353 Nơ Trang Long,likely_sentence_name,"[2025-10-07] Hanh T - INVT 10/7/2025 5:32 PM Edited Translate Kính gửi Sếp Mr Mike1 -CEO, P.ĐT xin báo cáo hiệu quả đầu tư dự án tại 353 Nơ Trang Long, Bình Thạnh, TPHCM như sau: * Ranh đất, vị trí và thông tin Quy hoạch: https://www.google.com/maps/d/edit?mid=1Fl7DvT-DOnJvyHZ0Oq5v-nUadBLGHFo&usp=sharing + Diện tích đất: 3.399 m2, diện tích phù hợp QH (Sau khi trừ lộ giới) 3.195 m2; + Chỉ tiêu QH theo 1/2000 được duyệt (QĐ 5674/QĐ-UBND 2017): Hệ số 6 lần, dân số 606, tầng cao 18, MĐXD 70%. + Phòng ĐT tính FS theo 02 phương án từ phòng QH: Phương án 1: Phù hợp (dưới <=) chỉ tiêu cho phép theo 1/2000 Phương án 2: Cao hơn (>=) chỉ tiêu cho phép 1/2000, cơ sở tham khảo từ dự án gần đó là Ascent Plaza. A - Hiệu quả dự án theo phương án 1: Chỉ tiêu QH: Tầng cao 18 tầng, 1 tầng hầm, hệ số 6 lần, dân số 465, dt sàn xây dựng 25.289 m2, diện tích sàn kinh doanh 13.633 m2. Tổng doanh thu căn hộ chưa VAT là: 1.018,6 tỷ đồng (Đơn giá căn hộ tại thời điểm mở bán QIV/2026 là 68 Triệu/m2 (chưa VAT); Giá shophouse ~1,3 lần giá căn hộ : 88 Triệu/m2) Tổng mức đầu tư chưa bao gồm VAT, bao gồm lãi vay là: 896 tỷ đồng (Đơn giá All in bao gồm VAT là 18 triệu/m2; Chi phí mua đất 220 tỷ đồng; Tiền sử dụng "
BDS-CURATED-0272,ở khu Long Phước,likely_sentence_name,"[2023-06-10] Tuan Tran-CEO 6/10/2023 11:43 AM Kiếm các dự án ở khu Long Phước, Quận 9 1 Like reaction. Link https://goo.gl/maps/CJMhzfJXxVkLkHgVA by Unknown User --- [2023-06-10] Tuan Tran-CEO 6/10/2023 11:43 AM Kiếm các dự án ở khu Long Phước, Quận 9 1 Like reaction. Link https://goo.gl/maps/CJMhzfJXxVkLkHgVA by Unknown User Tuan Tran-CE"
BDS-CURATED-0024,ở khu vực gần đó đã được duyệt giá đất (như Emerald 2,likely_sentence_name,"[] P.ĐT giả định giá chào bán bao gồm chỉ tiêu dân số 3.952 dân với các chỉ tiêu tính toán từ phòng QH như sau: Dân ~ 3.952 dân, tầng cao 31 tầng (có 2 tầng nổi để xe), 1 tầng hầm; Hệ số sử dụng đất 7,5 lần. Quy mô xây dựng và sản phẩm: + Xây dựng: 1 tầng hầm, (để xe trên 2 tầng nổi và không bố trí diện tích TMDV), 31 tầng nổi, 1.921 căn hộ (diện tích bình quân 67 m2/căn) mà không bố trí Shop tầng trệt. + Kinh doanh: 1.921 căn hộ ở ~ diện tích sàn tim tường 128.324 m2 (đói tác không đề xuất Shop TM). Hiệu quả dự án: - Tổng chi phí chưa VAT: 6.424 tỷ, trong đó gồm: + CP mua đất : 1.000 tỷ đồng + CP tiền sử dụng đất: 630 tỷ đồng (giả định được khấu trừ tiền đất theo Sổ ~40%, chỉ đóng 60% tiền sử dụng đất tính theo PP thặng dư 1.050 tỷ đồng) + CP đầu tư xây dựng: 3.294 tỷ đồng (~ đơn giá xây dựng full 15.5 triệu đồng/m2 cho 212.400 m2 sàn xây dựng 31 tầng nổi, 1 hầm) + CP lãi vay: 457 tỷ đồng (lãi suất 10%/năm, vay CP đầu tư xây dựng) + CP bán hàng: 1.044 tỷ đồng (~17% doanh thu) - Tổng doanh thu chưa VAT: 6.199 tỷ (giá bán khởi điểm tính ở thời điểm hiện tại~45 triệu đồng/m2, giá bình quân các đợt bán 47 triệu đồng/m2 tim tường, chưa VAT, tỷ lệ tăng giá 5%/năm, thời điểm dự kiến mở b"
BDS-CURATED-0284,bên mình đã đang follow nha a Huy Mai-PTDT Anh đã share hồ sơ cho em rồi nha,likely_sentence_name,[2023-04-24] Ngoc V - ASST. 4/24/2023 9:58 AM Edited Hi mn! Share giúp e tệp file các supporting document của tất cả các dự án bên mình đã đang follow nha a Huy Mai-PTDT Anh đã share hồ sơ cho em rồi nha. Em check... by Huy M - IM
BDS-CURATED-0346,cao tầng với tổng diện tích đất dự án là 10,likely_sentence_name,"[2024-09-25 | BDS-MASTER-0032] [2024-09-25] Thao L - INVT 9/25/2024 4:30 PM Edited Translate K.ĐT báo cáo anh Mr Mike1 -CEO về Chung cư Landmark, Dương Đông, Phú Quốc - Nguồn: Mr. Tâm , như sau: 1. Thông tin, vị trí và hiện trạng: - Dự án cao tầng với tổng diện tích đất dự án là 10,490m2 - Giá chuyển nhượng: 65tr/m2 cho phần diện tích chuyển mục đích sử dụng đất - 10,490m2 và đảm bảo phải phù hợp Quy hoạch 1/2000 và 1/500 tương đương 681.86 tỷ. - Hiện trạng đất trống và chờ làm hạ tầng, không có đường/hẻm (được công nhận) tiếp giáp các thửa đất hiện hữu. - Cách mặt biển gần nhất 1km và không sử dụng được vì là cầu cảng. 2. Hạn chế của Thị trường cao tầng Phú Quốc và Dự án Landmark Thị trường cao tầng Phú Quốc: Hiện trang: - Chưa có dấu hiệu phục hồi và ổn định, tất cả dự án condotel mới đều ngừng triển khai, riêng dự án căn hộ lâu dài thì không có khả năng sinh lời, NĐT cắt lỗ hoặc bán ngang giá sau khi nhận bàn giao. - Thị trường căn hộ truyền thống khá rủi ro, do chưa có dự án nào tương tự được triển khai, nhu cầu thật sự chưa rõ ràng do mật độ dân số ở Phú Quốc thấp, chỉ 285 người/km2 và thị trường nhà đất đã phục vụ đủ mật dộ dân số này. Thị trường căn hộ Phú Quốc sau năm 2020 "
BDS-CURATED-0286,chợ lớn có khi phải điều chỉnh ranh Begin quote,likely_sentence_name,"[2024-11-25] Mr Mike1 -CEO 11/25/2024 4:30 PM Translate Làm nổi thì chắc dự án chợ lớn có khi phải điều chỉnh ranh Begin quote, Mr Mike1 -CEO, 11/25/2024 4:29... by Huy M - IM"
BDS-CURATED-0101,Cù lao Tân Vạn theo đơn giá bán (đất + nhà) trung bình dựa vào các loại hình do Mr,likely_sentence_name,"[2025-05-06] Thao L - INVT 5/6/2025 5:36 PM Translate K.ĐT gửi anh Mr Mike1 -CEO cập nhật báo cáo dự án Cù lao Tân Vạn theo đơn giá bán (đất + nhà) trung bình dựa vào các loại hình do Mr. Lâm đề xuất như sau: 1. DOANH THU (THEO ĐỀ XUẤT MR. LÂM) - Đơn giá bán đất + nhà trung bình cho Biệt thự Đơn lập vị trí giáp sông/kênh: 100tr/m2 - Đơn giá bán đất + nhà trung bình cho Biệt thự Đơn lập vị trí phía trong: 90tr/m2 - Đơn giá bán đất + nhà trung bình cho Biệt thự Song lập: 85tr/m2 - Đơn giá bán đất + nhà trung bình cho Nhà liên kế: 95tr/m2 2. CHI PHÍ ĐẦU TƯ 3. CHI PHÍ HOẠT ĐỘNG VÀ CHI PHÍ LÃI VAY 4. HIỆU QUẢ ĐẦU TƯ Với đơn giá bán (đất + nhà) theo đề xuất của Mr. Lâm. Dự án có Tỷ suất LNTT/TMĐT= 30% 5. NHẬN ĐỊNH - Đơn giá bán đất + nhà trung bình được đề xuất theo PA của Mr. Lâm khi dự án: + Hoàn thiện pháp lý + Hoàn thiện hạ tầng kỹ thuật và hạ tầng xã hội để đủ điêu kiện bán hàng + Hòa thiện việc xây nhà + Thời gian dự kiến đủ điều kiện bán hàng toàn dự án là T9/2026 (hơn 1 năm nữa) Với giá Biệt thự song lập đang được đề xuất là 85tr/m2 vào thời điểm dự kiến T9/2026 sau khi đã hoàn thiện all hết các điều kiện hạ tầng, tiện ích.....như trên thì đang tương đương với Đơn giá bán 20 căn "
BDS-CURATED-0442,của BeeGroup Begin quote,likely_sentence_name,"[2023-10-19] Huy M - IM 10/19/2023 2:30 PM 📄 2023.10.16_Danh sach du an sap trien khai.pdf Và kèm theo danh sách các dự án của BeeGroup Begin quote, Huy Mai-PTDT, 11/3/2023 8:09 A... by Huy M - IM"
BDS-CURATED-0444,của DIG rồi ạ Begin quote,likely_sentence_name,"[] Dạ anh, em sẽ chia sẻ định vị dự án, Phòng cũng đã có cập nhập vị trí và ranh đất các dự án của DIG rồi ạ Begin quote, Huy Mai-PTDT , 4/18/2025 7:00 ... by Unknown User"
BDS-CURATED-0445,của mình sẽ thực hiện đồng bộ theo hạ tầng của tỉnh Vậy cầu này làm để kết nói đường bộ ven biể,likely_sentence_name,[2023-04-26] Huy M - IM 4/26/2023 10:11 AM Tiến độ triển khai dự án của mình sẽ thực hiện đồng bộ theo hạ tầng của tỉnh Vậy cầu này làm để kết nói đường bộ ven biể... by Unknown User
BDS-CURATED-0330,gồm,likely_sentence_name,"[] P.ĐT thực hiện binh một phương án khác, tăng diện tích đất ở bằng cách chuyển đổi phần đất DVCC cấp đô thị sang đất ở khoảng 16.536m2 (tạm tính 40% x 41.339,4m2). Phần đất ở tăng thêm theo đề xuất và nghiên cứu của RD bố trí làm biệt thự vườn. Hiệu quả dự án gồm như sau: Doanh thu chưa VAT: 8.127 tỷ đồng (Trong đó, Đơn giá bình quân chưa VAT bao gồm đất + CTXD là 133 Triệu/m2; Đơn giá bình quân đất biệt thự chưa VAT là 110 Triệu/m2 và Giá căn hộ bình quân chưa VAT tim tường là 57 triệu/m2, Thời điểm bán 2028). Tổng mức đầu tư chưa VAT: 4.620 tỷ đồng (Trong đó đơn giá đất hiện trạng 3tr/m2; tiền sử dụng đất tạm tính 1.387 tỷ; suất all in chưa VAT của biệt thự 11 triệu/m2) Lợi nhuận trước thuế: 2.288 tỷ đồng Bảng độ nhạy dự án --> Để đạt hiệu quả LNTT/TMĐT = 20% thì giá mua đất 13,5 Triệu/m2 Lưu ý: Đối với Phương án Quy hoạch: + PA 1a: Hiện tại Phòng QH kiểm tra không thấy dân số nên PA 1 chỉ tạm binh, dân số 1.503 người chưa chắc có thể xin được. + PA 1b: Do chưa chắc có thể xin được dân số nên P.ĐT tạm binh phần đất ở tăng thêm làm thấp tầng. Giá bán thấp tầng, căn hộ vào năm 2028 với điều kiện là các nút giao thông Vành đai 2, Vành đai 3 phải hoàn thành trước thời điểm bán hàng"
BDS-CURATED-0361,Khu Công Nghiệp Và Khu Phi Thuế Quan Xuân Cầu tại Khu Cảng Cửa Ngõ Quốc Tế Lạch Huyện,likely_sentence_name,"[2024-01-09 | BDS-MASTER-0039] [2024-01-09] Thao L - INVT 1/9/2024 5:12 PM K.ĐT báo cáo anh Tuan Tran-CEO về dự án Khu Công Nghiệp Và Khu Phi Thuế Quan Xuân Cầu tại Khu Cảng Cửa Ngõ Quốc Tế Lạch Huyện, Khu Kinh Tế Đình Vũ – Cát Hải, Thành Phố Hải Phòng như sau: I. HIỆN TRẠNG DỰ ÁN 1. Vị trí: Thuộc khu vực cảng cửa ngõ quốc tế Lạch Huyện, Khu kinh tế Đình Vũ - Cát Hải, Thành phố Hải Phòng. Đối diện cảng số 1 đến số 12 thuộc Zone 4 Cảng nước sâu Quốc tế Lạch Huyện. 2. Quy mô và tính chất: Dự án có diện tích 752Ha thuộc Khu Phi thuế quan, trong đó: 369Ha khu sản xuất công nghiệp và 173Ha khu dịch vụ kho bãi – logistics. 3. Thời gian vận hành: 2021-2071: Còn 47 năm. 4. Hiện trạng: đã được san lấp khoảng 3% trên tổng diện tích dự án, chạy dọc song song với bến cảng số 1,2 (cảng 1, 2 đã đưa vào hoạt động) và cảng 3, 4, 5, 6 đang được xây dựng. 5. Pháp lý (theo như hồ sơ đối tác trình bày): Đã có Quyết định Chủ trương đầu tư; Giấy chứng nhận đăng ký đầu tư; Quy hoạch chi tiết 1/500; Bàn giao mặt biển; Bàn giao đất và Giấy phép xây dựng GĐ1. 6. Chính sách dành cho Khu phi thuế quan: - Ưu đãi thuế Xuất/nhập khẩu - Ưu đãi thuế Giá trị gia tang - Ưu đãi thuế Tiêu thụ đặc biệt - Ưu đãi thuế Th"
BDS-CURATED-0064,khu dân cư cao tầng Ngọc Hồi với tổng diện tích đất thực hiện dự án là 24,likely_sentence_name,"[2022-08-26] Quy Vo-PTDT 8/26/2022 2:20 PM KĐT gửi Mr.Tuấn Tuan Tran-CEO Báo cáo Dự án khu dân cư cao tầng Ngọc Hồi với tổng diện tích đất thực hiện dự án là 24,282 m2 (giá chào bán khoảng 1,500 tỷ tương đương 61.7 tr/m2) tại 486 Ngọc Hồi, Thị Trấn Văn Điển, Huyện Thanh Trì, Tp.Hà Nội: 1. Vị trí dự án: - Dự án nằm tại đường Ngọc Hồi nối quốc lộ 1A hướng chính của cửa ngõ phía Nam Thủ Đô gần mạng lưới giao thông thuận tiện như tuyến đường trên cao vành đai 3, tuyến cao tốc Hà Nội - Ninh Bình. Dự án có bán kính cách CBD Hà Nội khoảng 9.5 Km. Cách dự án về phía Nam 2.5 Km là tổ hợp ga Depot Ngọc Hồi với tổng diện tích 171 ha. - Mặt tiền dự án hiện tại tiếp giáp tuyến đường sắt Bắc Nam (quy hoạch trong tương lai là tuyến đường sắt đô thị, tuyến Yên Viên – Ngọc Hồi). 2. Pháp lý đất: - Giấy chứng nhận quyền sử dụng đất (chưa có hồ sơ). - Quyết định về việc cho phép công ty CP Tổng Bách Hóa chuyển mục đích sử dụng đất 35,896 m2 để thực hiện dự án đầu tư xây dựng Khu nhà ở. (chưa có hồ sơ). - Quyết định về phê duyệt giá thu tiền sử dụng đất và tiền thuê đất của dự án đầu tư xây dựng khu nhà ở. (chưa có hồ sơ). 3. Pháp lý đầu tư: - Chấp thuận chủ trương đầu tư số 795/QĐ-UBND tuy nhiên thông"
BDS-CURATED-0278,Khu nhà ở công nhân và chuyên gia tại xã Nhơn Trạch của Công ty TNHH Vạn Phúc,likely_sentence_name,"[] P.ĐT báo cáo Sếp Mr Mike1 -CEO về Dự án Khu nhà ở công nhân và chuyên gia tại xã Nhơn Trạch của Công ty TNHH Vạn Phúc như sau: I. ĐÁNH GIÁ THÔNG TIN CHUNG DỰ ÁN Vị trí: Đường Ngô Gia Tự, Xã Nhơn Trạch, Tỉnh Đồng Nai Tọa độ google map: 10.721592, 106.892393"
BDS-CURATED-0208,không khả thi với bất kỳ giá mua nào Begin quote,likely_sentence_name,"[] Dạ hồi tháng 1/2025 Phòng có tính toán dựa trên cổng thông tin quy hoạch Thành phố Hồ Chí Minh: hệ số sử dụng đất là 4 và dân số là 572 dân, vì thế Phòng tính toán theo 2 phương án như sau: Phương án 1: Tính hết số dân theo quy hoạch 1.2000 (572 dân) Phương án 2: Tính hết hệ số sử dụng đất và tầng cao theo quy hoạch 1/2000, phải xin thêm 661 dân Tiền sử dụng đất tính theo phương pháp thặng dư theo phương án 1 là 475 tỷ, tương đương với 35tr/m2 và phương án 2 là 769 tỷ,tương đương với 57tr/m2. Tuy nhiên, nếu tiền sử dụng đất tính theo bảng giá đất nhà nước 100tr/m2 thì dự án không khả thi với bất kỳ giá mua nào Begin quote, Mr Mike1 -CEO , 2/10/2025 7:54... by Unknown User"
BDS-CURATED-0134,không đạt hiệu quả ạ Begin quote,likely_sentence_name,"[] Dạ nếu giá bán 70tr và ko đóng LUR thì hiệu quả như sau: - LNTT: 137 tỷ - LNST: 109 tỷ - IRR: 5,11% - LNTT/TMĐT: 8,1% Dự án không đạt hiệu quả ạ Begin quote, Admin 01, 6/11/2026 3:15 PM, B... by Huy M - IM"
BDS-CURATED-0456,này nha by Unknown User,likely_sentence_name,[2023-09-03] Tuan Tran-CEO 9/3/2023 6:55 PM https://drive.google.com/drive/folders/1JBSCsmYSNwJrhI7MtJd8L19xTEFImdI3?usp=sharing Venezia_Hồ sơ - Google ドライブ drive.google.com Mng nghiên cứu dự án này nha by Unknown User
BDS-CURATED-0221,triển khai chưa mng Team đã trao đổi với A Sơn Trợ lý để lên list các dự án này à,likely_sentence_name,"[2023-10-15] Unknown User 10/15/2023 8:12 PM Lên danh sách các dự án triển khai chưa mng Team đã trao đổi với A Sơn Trợ lý để lên list các dự án này à, hiện tại anh Sơn đang trao đổi với anh Nghiệp để list lại các dự án pháp lý có thể triển khai được."
BDS-CURATED-0471,à Begin quote,likely_sentence_name,"[2025-04-11] Huy M - IM 4/11/2025 5:29 PM https://momento360.com/e/u/1af179f2a5e34df980e8fca850113bfa?utm_campaign=embed&utm_source=other&heading=0&pitch=0&field-of-view=75&size=medium&display-plan=true Hiện trạng dự án à Begin quote, Huy Mai-PTDT, 4/11/2025 5:28 P... by Unknown User"
BDS-CURATED-0180,đạt hiệu quả với giá mua dự án ở khoảng 17 triệu đồng/m2 ~ ngưỡng giá mua dự án 520 tỷ đồng,likely_sentence_name,"[] Phòng ĐT có tính độ nhạy về thay đổi tăng giá bán căn hộ, theo đó khi giá bán căn hộ tăng lên từ 50 triệu đồng/m2 (chưa VAT) thì dự án đạt hiệu quả với giá mua dự án ở khoảng 17 triệu đồng/m2 ~ ngưỡng giá mua dự án 520 tỷ đồng, tương đương một nửa giá chào bán. Tuy nhiên, về khả năng bán giá 50 triệu đồng (chưa VAT) tính ở thời điểm hiện tại thì khó khả thi do nguồn cung của khu vực Bình Dương đang rất lớn và DA số lượng căn hộ cũng lớn lên đến ~1.900 căn nên giá 50 triệu đồng khó cạnh tranh."
