curated_id,project_name,entity_type,entity_valid_for_project_map,entity_classification_note,source_excerpt
BDS-CURATED-0020,gồm Chung cư cao tầng gồm 02 Hầm + 02 tầng Khối đế + 26 tầng căn hộ (trong đó căn hộ NOXH chiếm 20% tổng số că,reference_or_narrative,no,"Tên lấy từ câu mô tả vị trí/nội dung, không phải tên dự án","[2023-08-03] Thao L - INVT 8/3/2023 2:24 PM Edited 2. PHƯƠNG ÁN PHÁT TRIỂN ĐỀ XUẤT: 2.1. Phương án Cao tầng: Sử dụng hiệu quả nhất các chỉ tiêu quy hoạch và xin thêm 2.522 dân. a. Quy mô: Dự án gồm Chung cư cao tầng gồm 02 Hầm + 02 tầng Khối đế + 26 tầng căn hộ (trong đó căn hộ NOXH chiếm 20% tổng số căn hộ); Trường mầm non và Y tế. b. Loại hình kinh doanh: 02 tầng khối đế cho thuê sàn trung tâm thương mại: 5.162m2 sàn thương phẩm (tỷ lệ thương phẩm trung bình 57%). 26 tầng tháp bán căn hộ: 75.540m2 sàn thương phẩm (tỷ lệ thương phẩm trung bình 73%): .Căn hộ NOXH: 15,110m2 sàn ~ 291 căn, diện tích trung bình 52m2/căn. .Căn hộ thương mại: 60,430m2 sàn 1.040 căn, diện tích trung bình 58m2/căn. Số căn hộ: 1.331 căn. Dân số sử dụng: 3.022 người, dân số theo quy hoạch: 500 người => Dân số cần xin thêm: 2.522 người. c. Thời gian triển khai: Đến cuối 2025: Đền bù giải phóng mặt bằng, Chuyển mục đích SDĐ và hoàn thành pháp lý dự án. 2026 - cuối 2028: Xây dựng và bán hàng theo tiến độ căn hộ thương phẩm. Cuối 2028: Bán sàn TTTM. 2029: Bán căn hộ NOXH. d. Tổng mức đầu tư : Tiền sử dụng đất: Tạm tính theo phương pháp hệ số điều chỉnh (K=3,3): 153,7 tỷ ~ 12tr/m2 cho 12,856m2 đất ở tương ứng phần căn hộ thư

---

[] Thao L - INVT 3/23 11:46 AM Translate 2. PHƯƠNG ÁN PHÁT TRIỂN ĐỀ XUẤT: 2.1. Phương án Cao tầng: Sử dụng hiệu quả nhất các chỉ tiêu quy hoạch và xin thêm 2.522 dân. a. Quy mô: Dự án gồm Chung cư cao tầng gồm 02 Hầm + 02 tầng Khối đế + 26 tầng căn hộ (trong đó căn hộ NOXH chiếm 20% tổng số căn hộ); Trường mầm non và Y tế. b. Loại hình kinh doanh: 02 tầng khối đế cho thuê sàn trung tâm thương mại: 5.162m2 sàn thương phẩm (tỷ lệ thương phẩm trung bình 57%). 26 tầng tháp bán căn hộ: 75.540m2 sàn thương phẩm (tỷ lệ thương phẩm trung bình 73%): .Căn hộ NOXH: 15,110m2 sàn ~ 291 căn, diện tích trung bình 52m2/căn. .Căn hộ thương mại: 60,430m2 sàn 1.040 căn, diện tích trung bình 58m2/căn. Số căn hộ: 1.331 căn. Dân số sử dụng: 3.022 người, dân số theo quy hoạch: 500 người => Dân số cần xin thêm: 2.522 người. c. Thời gian triển khai: Đến cuối 2025: Đền bù giải phóng mặt bằng, Chuyển mục đích SDĐ và hoàn thành pháp lý dự án. 2026 - cuối 2028: Xây dựng và bán hàng theo tiến độ căn hộ thương phẩm. Cuối 2028: Bán sàn TTTM. 2029: Bán căn hộ NOXH. d. Tổng mức đầu tư : Tiền sử dụng đất: Tạm tính theo phương pháp hệ số điều chỉnh (K=3,3): 153,7 tỷ ~ 12tr/m2 cho 12,856m2 đất ở tương ứng phần căn hộ thư"
BDS-CURATED-0022,tại 353 Nơ Trang Long,reference_or_narrative,no,"Tên lấy từ câu mô tả vị trí/nội dung, không phải tên dự án","[2025-10-07] Hanh T - INVT 10/7/2025 5:32 PM Edited Translate Kính gửi Sếp Mr Mike1 -CEO, P.ĐT xin báo cáo hiệu quả đầu tư dự án tại 353 Nơ Trang Long, Bình Thạnh, TPHCM như sau: * Ranh đất, vị trí và thông tin Quy hoạch: https://www.google.com/maps/d/edit?mid=1Fl7DvT-DOnJvyHZ0Oq5v-nUadBLGHFo&usp=sharing + Diện tích đất: 3.399 m2, diện tích phù hợp QH (Sau khi trừ lộ giới) 3.195 m2; + Chỉ tiêu QH theo 1/2000 được duyệt (QĐ 5674/QĐ-UBND 2017): Hệ số 6 lần, dân số 606, tầng cao 18, MĐXD 70%. + Phòng ĐT tính FS theo 02 phương án từ phòng QH: Phương án 1: Phù hợp (dưới <=) chỉ tiêu cho phép theo 1/2000 Phương án 2: Cao hơn (>=) chỉ tiêu cho phép 1/2000, cơ sở tham khảo từ dự án gần đó là Ascent Plaza. A - Hiệu quả dự án theo phương án 1: Chỉ tiêu QH: Tầng cao 18 tầng, 1 tầng hầm, hệ số 6 lần, dân số 465, dt sàn xây dựng 25.289 m2, diện tích sàn kinh doanh 13.633 m2. Tổng doanh thu căn hộ chưa VAT là: 1.018,6 tỷ đồng (Đơn giá căn hộ tại thời điểm mở bán QIV/2026 là 68 Triệu/m2 (chưa VAT); Giá shophouse ~1,3 lần giá căn hộ : 88 Triệu/m2) Tổng mức đầu tư chưa bao gồm VAT, bao gồm lãi vay là: 896 tỷ đồng (Đơn giá All in bao gồm VAT là 18 triệu/m2; Chi phí mua đất 220 tỷ đồng; Tiền sử dụng đất đóng thêm"
BDS-CURATED-0018,chung cư tại Tân Bình,reference_or_narrative,no,"Tên lấy từ câu mô tả vị trí/nội dung, không phải tên dự án","[2022-11-16] Trieu Nguyen-PTDT 11/16/2022 3:35 PM Edited KĐT gửi anh Tuan Tran-CEO báo cáo dự án chung cư tại Tân Bình, Dĩ An, Bình Dương có quy mô 9379m2, có giá chào 380 tỷ nhưng do chủ cần bán gấp nên vẫn có thể thương lượng ở mức 320 tỷ trong đó 237.55 tỷ (25.3 tr.đồng/m2)là tiền chuyển nhượng đất và tiền sử dụng đất + 82.45 tỷ là tiền đền bù và hoàn thành đường kết nối N5 có lộ giới 17m chiều dài 150m, cụ thể: Vị trí và hiện trạng: - Dự án có 2 mặt tiền hẻm: 1 hẻm bê tông kế nối đường Thanh Niên và 1 hẻm bê tông kết nối đường Nguyễn Thị Minh Khai, Phường Tân Bình, TP Dĩ An, Bình Dương - Cách Đường Mỹ Phước Tân Vạn 640m - Cách Đường DT 743B khoảng 3km (theo tuyến đường Mỹ Phước Tân Vạn) thuận tiện di chuyển đến các huyện thành phố lân cận thuộc Bình Dương, Bình Phước và về TPHCM - Cách QL 1K khoảng 4.8km thuận tiện di chuyển đến TP Biên Hòa và TP Hồ Chí Minh Pháp lý đất: Chưa được cung cấp GCNQSDĐ, phía chào bán cho biết có khoảng 2000m2 đất ODT trong tổng quy mô 9739m2 đất sạch Pháp lý đầu tư: Đã có chấp thuận chủ trương đầu tư ngày 29/09/2022 thời hạn đến Q2/2026, cho quy mô 9352.6m2, dân số 2797 người, chung cư cao 40 tầng và 2 tầng hầm, 1463 căn hộ Pháp lý quy hoạch: - QH 1/2000: khu đấ"
BDS-CURATED-0019,có 2 mặt tiền đường Thuận An Hóa rộng khoảng 60m,reference_or_narrative,no,"Tên lấy từ câu mô tả vị trí/nội dung, không phải tên dự án","[2022-09-06] Trieu Nguyen-PTDT 9/6/2022 12:09 PM KĐT gửi anh Tuan Tran-CEO báo cáo dự án 1.2ha tại đường Thuận An Hóa, Thuận An, Bình Dương có giá chào 240 tỷ (18.575 tr.đồng/m2 đất), cụ thể: Vị trí và hiện trạng: Dự án có 2 mặt tiền đường Thuận An Hóa rộng khoảng 60m, và mặt tiền đường An Phú 11 rộng khoảng 175m Nằm cách đường Mỹ Phước – Tân Vạn khoảng 80m, cách Quốc lộ 13 khoảng 3.5km, cách địa phận TPHCM khoảng 10km, cách trung tâm TPHCM khoảng 25km, cách sân bay Tân Sơn Nhất khoảng 25km Xung quanh có nhiều nhà máy, KCN VSIP 1 và gần khu dân cư hiện hữu Pháp lý đất: Đã có GCNQSDĐ cá nhân đứng tên: 12705m2 đất hàng năm khác, thời hạn đến 2018 và 2020 Pháp lý đầu tư: Chưa có Pháp lý quy hoạch: QHSDĐ: Số tờ 80, thửa 35 có diện tích 13145.7m2 bao gồm 711.8m2 đất giao thông và 12433.9m2 đất ODT (Nguồn: http://qhkhsdd.binhduong.gov.vn/auth) QHXD: Số tờ 80, thửa 35 có diện tích 13188.078m2 bao gồm 2300.397m2 đất giao thông và 10837.681m2 đất trung tâm đô thị, có tầng cao < 12, MĐXD 50-80% (Nguồn: http://quyhoachxaydung.binhduong.gov.vn/) QHSDĐ: Đất ODT (nguồn Remaps) Phía chào bán cung cấp thông tin HSSD 9.94 lần, 30 tầng cao, 2 tầng hầm, MĐXD 38.8%, dân số 3276 người, bao gồm 1369 căn hộ chung cư "
BDS-CURATED-0033,theo Quyết định 425 của Bộ Xây dựng áp dụng cho năm 2026,reference_or_narrative,no,"Tên lấy từ câu mô tả vị trí/nội dung, không phải tên dự án","[] Phòng ĐT báo cáo Sếp Admin 01 về sơ bộ dự kiến hiệu quả đầu tư dự án 2.316 ha Phía Nam Nhơn Trạch, như sau: I/TỔNG QUAN MẶT BẰNG: II/CHỈ TIÊU QUY HOẠCH TẠM TÍNH (ANH TÀI): III/HIỆU QUẢ TẠM TÍNH (P&L SƠ BỘ) Dựa trên các giả định: Giá bán: cơ sở đề xuất giá bình quân cho từng loại sản phẩm của phòng R&D đề xuất: Căn hộ 28 tr/m2, đất nền Nhà liên kế 36 tr/m2, đất nền biệt thự 35 tr/m2; Đơn giá chi phí đất (gồm tiền sử dụng đất)(đơn giá đất đường gần nhất khu đất vị trí 1 theo bảng giá đất là 6,5 tr/m2), phòng tính bài toán ngược với LNTT/TMĐT đạt 20% thì đơn giá đất bao gồm tiền sử dụng đất khoảng 3,3 tr/m2 (tính bình quân cho nhiều vị trí phân khu bên trong khu đất); Suất vốn xây dựng cao tầng theo Quyết định 425 của Bộ Xây dựng áp dụng cho năm 2026. Để đơn giản hóa bài tính Lãi/Lỗ, phòng tạm tính bán đất nên không tính chi phí xây dựng nhà liên kế và biệt thự (thực tế theo quy định phải xây dựng). HIỆU QUẢ DỰ ÁN NHƯ SAU: Giả định tiền đất (bao gồm tiền sử dụng đất) có tăng lên theo các mức chạy độ nhạy và thay đổi giá bán thì hiệu quả tương ứng như sau: Trân trọng báo cáo,

---

[] P.ĐT thực hiện tính theo phương án bố trí của phòng QH, tuy nhiên theo nghiên cứu và đề xuất của Phòng RD không triển khai làm căn hộ dịch vụ vì tại vị trí dự án, thị trường chưa phổ biến loại hình này. P.ĐT tạm để trống phần diện tích đất DVCC cấp đô thị và không thực hiện tính toán phần đất này trong FS. Hiệu quả dự án như sau: Doanh thu chưa VAT: 5.899 tỷ đồng (Đơn giá bình quân căn hộ tim tường chưa VAT 57 triệu/m2, Shophouse chưa VAT 56 triệu/m2; thời điểm bán 2028). Tổng mức đầu tư chưa VAT: 3.692 tỷ đồng (Trong đó đơn giá đất hiện trạng 3tr/m2, tiền sử dụng đất tạm tính 805 tỷ đồng, suất all in chưa VAT 13triệu/m2). Lợi nhuận trước thuế: 1.322 tỷ đồng Bảng độ nhạy dự án --> Để đạt hiệu quả LNTT/TMĐT = 20% thì giá mua đất 7,4 Triệu/m2 PHƯƠNG ÁN 1b:

---

[] P.ĐT thực hiện tính theo phương án bố trí của phòng QH, tương tự PA 1a P.ĐT tạm để trống phần diện tích đất DVCC cấp đô thị và không thực hiện tính toán phần đất này trong FS. Hiệu quả dự án như sau: Doanh thu chưa VAT: 7.290 tỷ đồng (thời điểm mở bán 2028 giá bán căn hộ và giá shop là 60 triệu bao gồm VAT). Tổng mức đầu tư chưa VAT: 4.520 tỷ đồng (Trong đó đơn giá đất hiện trạng 3tr/m2, tiền sử dụng đất tạm tính 1.229 tỷ đồng, suất all in chưa VAT 13triệu/m2). Lợi nhuận trước thuế: 1.676 tỷ đồng. Bảng độ nhạy dự án Để đạt hiệu quả LNTT/TMĐT = 20% thì giá mua đất 8,7 Triệu/m2 Lưu ý: Giá bán căn hộ vào năm 2028 với điều kiện là các nút giao thông Vành đai 2, Vành đai 3 phải hoàn thành trước thời điểm bán hàng để việc kết nối đến dự án thuận lợi. Phương án theo P.QH bố trí, chỉ xây dựng nhà ở trên phần đất ở 1,7ha/10ha"
BDS-CURATED-0030,có 1 mặt tiền đường Song Hành rộng khoảng 110m của đường Xa lộ Hà Nội,reference_or_narrative,no,"Tên lấy từ câu mô tả vị trí/nội dung, không phải tên dự án","[2022-09-06] Trieu Nguyen-PTDT 9/6/2022 10:34 AM Edited KĐT gửi anh Tuan Tran-CEO báo cáo dự án 2.6ha tại mặt tiền đường Song Hành XLHN, Thủ Đức có giá chào 1250 tỷ (48tr.đồng/m2 đất), cụ thể: Vị trí và hiện trạng: Dự án có 1 mặt tiền đường Song Hành rộng khoảng 110m của đường Xa lộ Hà Nội, và 1 mặt tiền đường Linh Trung rộng khoảng 200m tại P.Linh Trung, Thủ Đức, TPHCM Dự án nằm cách điểm lên ga Metro khoảng 500m, cách cầu Sài Gòn khoảng 10km, cách đường Nguyễn Huệ, Q1 khoảng 15km Hiện trạng có 1 căn biệt thự nằm trong khuôn viên dự án, nằm gần các trụ điện cao thế Pháp lý đất: Chưa được cấp GCNQSDĐ nhưng đã có quyết định giao đất, có cho phép chuyển mục đích sử dụng đất sang dự án chung cư và đã hoàn tất nghĩa vụ tài chính. Trong đó: + Đất ở: 9227m2 giao đất có thu tiền sử dụng đất, thời hạn lâu dài + Đất văn phòng, tmdv: 5047m2, giao đất có thu tiền sử dụng đất, thời hạn 50 năm + Đất công cộng: 11767m2, bàn giao lại cho nhà nước Pháp lý đầu tư: Đã có QĐ6159/QĐ-UB tháng 12/2004 về việc cho phép công ty Phú Đức chuyển hình thức, mục đích sử dụng đất để đầu tư xây dựng khu nhà ở thương mại Pháp lý quy hoạch: Đã có chủ trương của Thành phố chấp thuận điều chinh điều chỉnh QH chi tiết 1.500 năm 2"
BDS-CURATED-0026,KĐT Trấn Biên (thuộc KCN Biên Hòa 1) đang tổ chức đấu giá tại Đồng Nai,reference_or_narrative,no,"Tên lấy từ câu mô tả vị trí/nội dung, không phải tên dự án","[] P.ĐT báo cáo sếp Mr Mike1 -CEO đánh giá sơ bộ hiệu quả dự án KĐT Trấn Biên (thuộc KCN Biên Hòa 1) đang tổ chức đấu giá tại Đồng Nai. 1.Vị trí dự án: https://maps.app.goo.gl/Mww4k2RWctPHssMQA 2. Thông số quy hoạch: - Diện tích: 51.65 ha (16.7ha đất ở, 4.8ha đất hạ tầng xã hội + TMDV) - Sản phẩm: Nhà phố, biệt thự, 3 khu chung cư cao từ 40-45 tầng, 1 Trung tâm thương mại, Trường học, y tế,…) - Dân số: ~ 19.774 dân 3. Pháp lý: Dự án đã có QH 1/500, đang thực hiện công tác giải phóng mặt bằng để tổ chức đấu giá theo kế hoạch. Theo thông báo đấu giá, thời gian nộp hồ sơ/tiền ứng trước từ 17/11/2025 đến 16/12/2025. Thời gian xét duyệt hồ sơ từ 04/12/2025-10/12/2025 Thời gian tổ chức đấu giá: 18/12/2025 Giá khởi điểm: 9.363 tỷ * Giá theo PA đấu giá do Trung tâm PT quỹ đất đề xuất là 2.110 tỷ. Tuy nhiên 10/11/2025, UBND Đồng Nai chính thức ra giá khởi điểm là 9.363 tỷ Tiền ứng trước: 1.873 tỷ 4. Hiệu quả dự án: a) Giá bán đề xuất từ RnD GIÁ CĂN HỘ - Giá căn hộ: 80-90 tr/m2 (gồm VAT, tim tường) - Giá officetel: 62-74tr/m2 (gồm VAT, tim tường) - Giá Shophouse: 136-172 tr./m2 (gồm VAT, tim tường) GIÁ THẤP TẦNG - Giá nhà phố liên kế: 133-154 tr/m2 (giá gồm nhà) – giá đất 94-115tr.m2 - Giá nhà "
BDS-CURATED-0090,khu nhà ở Tân Mai (thuộc danh sách dự kiến đấu giá tại Đồng Nai 2026) A) Thông tin chung,reference_or_narrative,no,"Tên lấy từ câu mô tả vị trí/nội dung, không phải tên dự án","[] P.ĐT báo cáo sếp Admin 01 dự án khu nhà ở Tân Mai (thuộc danh sách dự kiến đấu giá tại Đồng Nai 2026) A) Thông tin chung: - Vị trí: P.Trấn Biên, Đồng Nai - Diện tích toàn khu: 131.690,94 m2 - Mục đích dự án theo QH sử dụng đất và QH xây dựng: KDC nhà ở kết hợp TMDV, cơ sở giáo dục – văn hóa – y tế. B) Định giá đất theo hiệu quả dự án: - Giả định kinh doanh: Thời gian bán hàng từ Q2/2027 – Q1/2030 Căn hộ: 55 – 60 tr/m2 Shop TMDV: 75 – 80 tr/m2 Nhà phố liên kế: 95 – 100tr/m2 Shophouse liên kế: 115 - 120 tr/m2 Biệt thự: 85 – 100 tr/m2 - Giá định cp đầu tư xây dựng Chung cư 19 tầng : 12.8 – 13.3 (gồm VAT, all-in) Nhà phố: 7.5tr/m2 (hoàn thiện mặt ngoài – thô bên trong) Biệt thự: 9.5 tr/m2 (hoàn thiện mặt ngoài – thô bên trong) - Giả định cp bán hàng: ~18% doanh thu => Để dự án đạt mức IRR: 20%, giá đấu cho khu đất là 2.010 tỷ (đơn giá đất ở: ~ 35 tr/m2) Bảng độ nhạy hiệu quả dự án theo giá đấu: Lưu ý và đề xuất: - Dự án có vị trí tốt, thị trường Biên Hòa có nhiều tiềm năng phát triển, hạ tầng đồng bộ phát triển - Hiệu quả theo mức đấu giá dự kiến là 2.010 tỷ để đạt mức IRR 20% Tuy nhiên có 1 số điểm lưu ý như sau: - Trong QH 1/500 được duyệt, diện tích 1 lô tương đối nhỏ (số lô có diện

---

[] P.ĐT báo cáo sếp Admin 01 dự án khu nhà ở Tân Mai (thuộc danh sách dự kiến đấu giá tại Đồng Nai 2026) A) Thông tin chung: - Vị trí: P.Trấn Biên, Đồng Nai - Diện tích toàn khu: 131.690,94 m2 - Mục đích dự án theo QH sử dụng đất và QH xây dựng: KDC nhà ở kết hợp TMDV, cơ sở giáo dục – văn hóa – y tế. B) Định giá đất theo hiệu quả dự án: - Giả định kinh doanh: Thời gian bán hàng t"
BDS-CURATED-0078,KCN Thái Hòa – Liễn Sơn – Liên Hòa - Khu vực 1 (284 ha) thuộc địa phận các xã,reference_or_narrative,no,"Tên lấy từ câu mô tả vị trí/nội dung, không phải tên dự án","[2023-06-16] Sinh Nguyen-Dau Tu 6/16/2023 8:48 PM K.ĐT báo cáo anh Tuan Tran-CEO dự án KCN Thái Hòa – Liễn Sơn – Liên Hòa - Khu vực 1 (284 ha) thuộc địa phận các xã Thái Hòa và xã Bắc Bình, huyện Lập Thạch, tỉnh Vĩnh Phúc như sau: 1/ Vị trí Cách đường Quốc lộ 2C khoảng 80m. Nằm ở giáp ranh giữa Vĩnh Phúc và Tuyên Quang, là khu công nghiệp có vị trí xa nhất khi hướng về Hà Nội và Hải Phòng Cách trung tâm Thành phố Vĩnh Yên khoảng 22km Cách đường Vành Đai 5 (đường Vành Đai – Vùng Thủ Đô) khoảng 16,5km; Cách nút giao cao tốc Hà Nội – Lào Cai khoảng 16km. Cách sân bay quốc tế Nội Bài khoảng 52km Cách Trung Tâm Thủ đô Hà Nội khoảng 78km Cách Hải Phòng khoảng 175km 2/ Hiện trạng: Còn nhiều nhà dân sinh sống trong ranh đất quy hoạch dự án: 1 cụm lớn tập trung ở giữa và khá nhiều hộ nằm rải rác da beo trên đất quy hoạch dự án Có 1 khu mộ trên đất quy hoạch dự án Dự án không tiếp giáp trực tiếp đường Quốc Lộ 2C, chỉ tiếp cận đường nội bộ khu dân cư 3/ Pháp lý đất, pháp lý đầu tư Chưa có 4/ Quy hoạch Quyết định về việc Phê duyệt đồ án QHCT tỷ lệ 1/2000 Khu công nghiệp Thái Hòa, Bắc Bình tại huyện Lập Thạch, tỉnh Vĩnh Phúc số 3424/QĐ-UBND ngày 26/11/2013 Căn cứ phê duyệt quy hoạch sử dụng đất thời kỳ 2021

---

[2023-06-16] Sinh Nguyen-Dau Tu 6/16/2023 8:48 PM K.ĐT báo cáo anh Tuan Tran-CEO dự án KCN Thái Hòa – Liễn Sơn – Liên Hòa - Khu vực 1 (284 ha) thuộc địa phận các xã

---

[2023-05-20] Unknown User 5/20/2023 11:59 AM K.ĐT báo cáo anh Tuan Tran-CEO dự án KCN Thái Hòa – Liễn Sơn – Liên Hòa - Khu vực 1 (284 ha) thuộc địa phận các xã Thái Hòa và xã Bắc Bình, huyện Lập Thạch, tỉnh Vĩnh Phúc như sau: 1/ Vị trí Cách đường Quốc lộ 2C khoảng 80m.Nằm ở giáp ranh giữa Vĩnh Phúc và Tuyên Quang, là khu công nghiệp có vị… K.ĐT đã đi khảo sát dự án KCN ở Vĩnh Phúc xong rồi ạ và đã báo cáo CEO ngày 20/5/2023. K.ĐT gửi lại anh Tuan Tran-CEO thông tin báo cáo dự án chi tiết như sau: K.ĐT báo cáo anh Tuan Tran-CEO dự án ... by Unknown User"
BDS-CURATED-0029,Văn phòng tại khu đất 197 Lê Văn Sỹ cập nhật Hệ số sử dụng đất mới 9,reference_or_narrative,no,"Tên lấy từ câu mô tả vị trí/nội dung, không phải tên dự án","[2023-07-03] Thao L - INVT 7/3/2023 10:43 AM Edited K.ĐT báo cáo anh Tuan Tran-CEO dự án Văn phòng tại khu đất 197 Lê Văn Sỹ cập nhật Hệ số sử dụng đất mới 9,5 lần như sau: CẬP NHẬT HỆ SỐ SỬ DỤNG ĐẤT MỚI 9,5 LẦN 1/ SƠ BỘ THÔNG TIN DỰ ÁN: - Dự án Văn phòng tại khu đất 197 Lê Văn Sỹ, phường 13, quận 3. Khu đất Nằm trên đường Lê Văn Sỹ và hẻm 195 Lê Văn Sỹ, cách cầu Lê Văn Sỹ khoảng 50m có tổng diện tích 985,7m2 với giá chào bán là 340 tỷ. - Link vị trí: https://goo.gl/maps/BgnUiLh44bo3Nyq37 - Đề xuất pháp lý: Mục tiêu: Xây dựng, vận hành Văn phòng mà vẫn giữ được mục đích Đất ở lâu dài. Cách thức để giữ lại mục đích Đất ở lâu dài: - Đại diện một cá nhân đứng tên giấy chứng nhận QSDĐ khu đất. Công ty ký hợp đồng thuê đất với Cá nhân (Hợp đồng thuê thời hạn là 20 năm, sau đó gia hạn dần trong 52 năm – 2 năm xây dựng và 50 năm vận hành) để xây dựng tòa nhà văn phòng. - Trong đó, về mặt pháp lý tiến hành xây dựng một căn hộ ở cho chủ đất sử dụng và không kinh doanh/bán căn hộ này. - Tuy nhiên, về mặt vận hành sẽ bố trí căn hộ này trong khu vực ban quản lý tòa nhà (không ảnh hưởng đến tỷ lệ thương phẩm văn phòng). -Thời gian triển khai: 2023: Pháp lý đất và các pháp lý liên quan. 2023-2024: Xây dựng c"
BDS-CURATED-0050,728 Cách Mạng Tháng 8 Tổng mức đầu tư (Chưa VAT),reference_or_narrative,no,"Tên lấy từ câu mô tả vị trí/nội dung, không phải tên dự án","[] P.ĐT báo cáo Sếp Mr Mike1 -CEO về phương án khai thác kinh doanh 03 tài sản tại TPHCM gồm 391A Nam Kỳ Khởi Nghĩa, 728 Cách Mạng Tháng Tám, Đường 12 An Phú, Quận 2 như sau: A TỔNG QUAN 03 KHU ĐẤT: Vị trí và ranh: Bản đồ 3 tài sản tại TPHCM - Google My Maps Tổng quan về chỉ tiêu QH và phương án kinh doanh đề xuất: Giả định tính toán: + Nghĩa vụ tài chính về đất (như tiền thuê đất, tiền đất bổ sung) phòng tạm chưa đưa vào do thông tin về hồ sơ pháp lý về đất đang còn hạn chế (anh Thới chỉ cung cấp loại đất và giá vốn mua) . + Tỷ lệ lấp đầy: ổn định 80% từ năm khai thác thứ 3 trở đi ~ 2029 cho cả 3 dự án. B - HIỆU QUẢ ĐẦU TƯ: 1/Khu đất 728 Cách Mạng Tháng 8 Tổng mức đầu tư (Chưa VAT): 407 tỷ đồng (CP mua đất 297 tỷ đồng ~ 204 tr/m2, loại đất TMDV, CPXD 108 tỷ đồng, suất vốn All in ~ 10 triệu đồng/m2 chưa VAT). Kinh doanh: Giá cho thuê do R&D đề xuất là 15 USD/m2/tháng chưa VAT, chưa phí quản lý; Chỉ số tài chính: IRR~ 5,1% 2/Khu đất 391A Nam Kỳ Khởi Nghĩa - Phương án 1: Tổng mức đầu tư (Chưa VAT): 440 tỷ đồng (CP mua đất 255 tỷ đồng ~ 164 tr/m2, loại đất TMDV, CPXD 150 tỷ đồng, suất vốn All in ~ 10,1 triệu đồng/m2 chưa VAT). Kinh doanh: Giá cho thuê do R&D đề xuất là 18 USD/m2/tháng ch"
BDS-CURATED-0129,Phú Quang khoảng 350m + Có 2 mặt tiếp xúc kênh rạch II/ Kết nối giao thông đến dự án,reference_or_narrative,no,"Tên lấy từ câu mô tả vị trí/nội dung, không phải tên dự án","[2023-11-27] Trieu Nguyen-PTDT 11/27/2023 3:01 PM Edited KĐT gửi anh Tuan Tran-CEO báo cáo Thu gom quỹ đất thuộc phường Bình Chiểu, Thủ Đức, TPHCM: I/ Vị trí: + Khu đất có mặt tiền rộng khoảng 200m, tiếp giáp đường 4A đi ra hướng đường Ngô Chí Quốc và Quốc lộ 13 + Cách Dự án Phú Quang khoảng 350m + Có 2 mặt tiếp xúc kênh rạch II/ Kết nối giao thông đến dự án: Khu đất tiếp giáp đường 4A (đoạn đã mở rộng lộ giới khoảng 23m). Tuy nhiên, các tuyến đường chính kết nối đến khu đất vẫn chưa hoàn thành mở rộng hoặc dự phóng theo Quy hoạch, cụ thể: + Tại phía Đông của khu đất: Chưa đấu nối Đoạn đường 4A ra đường Ngô Chí Quốc + Tại phía Tây của khu đất: Các tuyến đường LKV9 và đường Vĩnh Phú 32 vẫn chưa hoàn thành để đấu nối ra Quốc lộ 13 + Và một số tuyến đường nhỏ khác chưa được thực hiện III/ Quy mô, Quy hoạch và Hiện trạng: 1/ Tổng quy mô ước tính : khoảng 12,3ha (theo ranh Phòng PTQĐ cung cấp) 2/ Quy hoạch 1/2000: Quy hoạch chủ yếu là đất ở, bao gồm các ô quy hoạch: + Trọn các ô quy hoạch từ số 13 -> 18 : có quy mô 7,68ha, HSSD 7 lần, MĐXD 50%, 30 tầng cao tối đa, 8320 dân số + Một phần đất thuộc ô quy hoạch số 7 và 10 : có quy mô 0,67 ha, HSSD 5 lần , MĐXD 60%, 15 tầng cao, 134 dân số + Có đất hạ t

---

[2023-11-27] Trieu Nguyen-PTDT 11/27/2023 3:01 PM Edited KĐT gửi anh Tuan Tran-CEO báo cáo Thu gom quỹ đất thuộc phường Bình Chiểu, Thủ Đức, TPHCM: I/ Vị trí: + Khu đất có mặt tiền rộng khoảng 200m, tiếp giáp đường 4A đi ra hướng đường Ngô Chí Quốc và Quốc lộ 13 + Cách Dự án Phú Quang khoảng 350m + Có 2 mặt tiếp xúc kênh rạch II/ Kết nối giao thông đến dự án: Khu đất tiếp giáp đường 4A (đoạn đã mở rộng lộ giới khoảng 23m). Tuy nhiên, các tuyến đường chính kết nối đến khu đất"
BDS-CURATED-0139,này có các vấn đề pháp lý chưa rõ và cần Phòng pháp lý dự án đánh giá chi tiết,reference_or_narrative,no,"Tên lấy từ câu mô tả vị trí/nội dung, không phải tên dự án","[] P.ĐT nhận thấy dự án này có các vấn đề pháp lý chưa rõ và cần Phòng pháp lý dự án đánh giá chi tiết, bao gồm: + Nguồn gốc đất ban đầu gồm đất bồi thường (89,166,3 m2) và UBND xã quản lý: 1.443,8 m2. Chưa xác định được hiện trạng mục đích sử dụng đất đã bồi thường. + Chồng ranh quy hoạch với trường Nguyễn Bỉnh Khiêm (khoảng hơn 1460 m2): Chênh lệch về diện tích đất được giao 2005 (90.610,1 m2), diện tích lập quy hoạch 1/500 năm 2009 (92,075 m2), diện tích giao đất điều chỉnh năm 2010 (90.812 m2). Cần điều chỉnh lại 1/500. + Đến nay tháng 07/2025 có thể đã hết thời hạn thực hiện dự án. Khi hết hạn thực hiện dự án sẽ bị nhà nước thu hồi và không bồi hoàn. + Tính chất dự án: quy hoạch đầu tư xây dựng khu nhà ở công nhân và chuyên gia làm việc tại các KCN Nhơn Trạch - Đối với mục đích đầu tư xây dựng nhà ở cho công nhân và chuyên gia, sẽ bị hạn chế đối tượng khách hàng (Chỉ được bán nhà ở cho công nhân và chuyên gia). + Nhiều lần chủ đầu tư kiến nghị tính nghĩa vụ tài chính nhưng chưa được thống nhất. Đến nay vẫn chờ hướng dẫn của các Bộ/ ngành. II. ĐÁNH GIÁ ĐIỀU KIỆN CHUYỂN NHƯỢNG VÀ GIÁ CHÀO DỰ ÁN: Giá chào bán dự án bao gồm TSDĐ là 980 tỷ (~ khoảng 10.8tr/m2 đất toàn khu 90.812 m2). 

---

[] P.ĐT nhận thấy dự án này có các vấn đề pháp lý chưa rõ và cần Phòng pháp lý dự án đánh giá chi tiết, bao gồm: + Nguồn gốc đất ban đầu gồm đất bồi thường (89,166,3 m2) và UBND xã quản lý: 1.443,8 m2. Chưa xác định được hiện trạng mục đích sử dụng đất đã bồi thường. + Chồng ranh quy hoạch với trường Nguyễn Bỉnh Khiêm (khoảng hơn 1460 m2): Chênh lệch về diện tích đất được giao 2005 (90.610,1 m2), diện tích lập"
BDS-CURATED-0123,được chuyển tiếp từ kế hoạch 2025 và có bổ sung thêm những khu đất tiềm năng khác,reference_or_narrative,no,"Tên lấy từ câu mô tả vị trí/nội dung, không phải tên dự án","[] P.ĐT đã so sánh đối chiếu danh sách từ 3 phụ lục trên với danh sách đấu giá năm 2025. Qua đó nhận thấy có 1 số khu đất được chuyển tiếp từ kế hoạch 2025 và có bổ sung thêm những khu đất tiềm năng khác. Căn cứ vào vị trí, sự phát triển đô thị của một số khu vực, sự ưu tiên của Cơ quan NN trong triển khai đấu giá (phụ lục 2), phòng đầu tư đề xuất nghiên cứu các khu đất trong phạm vi thành phố Biên Hòa, Long Thành và Nhơn Trạch, cụ thể: - Khu đất khoảng 13,2 ha tại phường Trấn Biên (Khu nhà máy giấy Tân Mai) - Khu đô thị - thương mại - dịch vụ hỗn hợp (khu vực 1) khoảng 51,65 ha tại phường Trấn Biên (Đấu giá Q1/2026) - Khu đất 610.5 ha (thuộc khu A+B KĐT Long Thành) xã Bình An, Long Thành (Đang lập QH phân khu 1/2000, chưa GPMB) - Khu đất khoảng 329 ha (Khu E khu đô thị Long Thành) tại xã Long Thành (Đang lập QH phân khu 1/2000, chưa GPMB) * 2 khu đất thuộc KĐT Long Thành hiện chưa xác định được vị trí do đang điều chỉnh QH => Dựa vào quy mô và vị trí, P.ĐT đề xuất nghiên cứu sâu khu đất nhà máy giấy Tân Mai (13,2ha) P.Đầu tư đính kèm bản đồ định vị các khu đất đấu giá năm 2026 theo 3 phụ lục (chỉ lọc những khu đất có chức năng ODT, TMDV) và file ppt trình bày khu đất ưu tiên tiềm năn

---

[] P.ĐT đã so sánh đối chiếu danh sách từ 3 phụ lục trên với danh sách đấu giá năm 2025. Qua đó nhận thấy có 1 số khu đất được chuyển tiếp từ kế hoạch 2025 và có bổ sung thêm những khu đất tiềm năng khác. Căn cứ vào vị trí, sự phát triển đô thị của một số khu vực, sự ưu tiên của Cơ quan NN trong triển khai đấu giá (phụ lục 2), phòng đầu tư đề xuất nghiên cứu các khu đất trong phạm vi thành phố Biên Hòa, Long Thành và Nhơn Trạch, cụ thể: - Khu đất khoảng 13,2 ha tại phường Trấn Biên (Khu nhà máy giấy Tân Mai) - Khu đô thị - thương mại - dịch vụ hỗn hợp (khu vực 1) khoảng 51,65 ha tại phường Trấn Biên (Đấu giá Q1/2026) - Khu đất 610.5 ha"
BDS-CURATED-0091,khách sạn cạnh TMS với giá chào là 650tr/m2 tại 290 Võ Nguyên Giáp,reference_or_narrative,no,"Tên lấy từ câu mô tả vị trí/nội dung, không phải tên dự án","[] K.ĐT báo cáo Sếp Admin 01 , về lô đất là... by Hoa D - CVDT, has an attachment. 5/27 9:18 AM Edited Hoa D - CVDT K.ĐT báo cáo Sếp Admin 01, về lô đất làm dự án khách sạn cạnh TMS với giá chào là 650tr/m2 tại 290 Võ Nguyên Giáp, Ngũ Hành Sơn, Đà Nẵng như sau: I SƠ BỘ VỀ DỰ ÁN Vị trí: Sở hữu vị trí mặt tiền hiếm có trên trục biển Võ Nguyên Giáp – trung tâm du lịch cao cấp Đà Nẵng, kết nối thuận tiện sân bay, trung tâm và Hội An. Pháp lý: Đất TMDV có thời hạn sử dụng lâu dài. Sổ bị cấp sai về thời hạn sử dụng đất nên khi xin dự án sẽ điều chỉnh lại còn 50 năm tới 2061. Quy hoạch: hiện đang giả định là 25 tầng, HS SDĐ: 14.7 II ĐÁNH GIÁ HIỆU QUẢ DỰ ÁN 1. Phương án Kinh Doanh: Dựa trên dự án KS Serene, Phòng đầu tư giả định như sau: 2. Dòng tiền dự án 3. Độ nhạy dự án Độ nhạy TMĐT/Phòng (VAT)/phòng và Giá thuê (VAT) Độ nhạy TMĐT/Phòng (VAT)/phòng và Giá mua đất Để IRR của dự án đạt 10% thì giá mua đất khoản 144 tỷ (Tương đương 129tr/m2) và TMĐT Phòng là 2.8 tỷ/key 2026.05.27_Bao cao Loi lo dat canh TMS.pdf

---

[] Wednesday, May 27 K.ĐT báo cáo Sếp Admin 01 , về lô đất là... by Hoa D - CVDT, has an attachment. 5/27 9:18 AM Edited Hoa D - CVDT K.ĐT báo cáo Sếp Admin 01, về lô đất làm dự án khách sạn cạnh TMS với giá chào là 650tr/m2 tại 290 Võ Nguyên Giáp, Ngũ Hành Sơn, Đà Nẵng như sau: I SƠ BỘ VỀ DỰ ÁN Vị trí: Sở hữu vị trí mặt tiền hiếm có trên trục biển Võ Nguyên Giáp – trung tâm du lịch cao cấp Đà Nẵng, kết nối thuận tiện sân bay, trung tâm và Hội An. Pháp lý: Đất TMDV có thời hạn sử dụng lâu dài. Sổ bị cấp sai về thời hạn sử dụng đất nên khi xin dự án sẽ điều chỉnh lại còn 50 năm tới 2061. Quy hoạch: hiện đang giả định là 25 tầng, HS SDĐ: 14.7 II ĐÁNH GIÁ HIỆU QUẢ DỰ ÁN 1. Phương án Kinh Doanh: Dựa trên dự án KS Serene, Phòng đầu tư giả định như sau: 2. Dòng tiền dự án 3. Độ nhạy dự án Độ nhạy TMĐT/Phòng (VAT)/phòng và Giá thuê (VAT) Độ nhạy TMĐT/Phòng (VAT)/phòng và Giá mua đất Để IRR của dự án đạt 10% thì giá mua đất khoản 144 tỷ (Tương đương 129tr/m2) và TMĐT Phòng là 2.8 tỷ/key 2026.05.27_Bao cao Loi lo dat canh TMS.pdf"
BDS-CURATED-0095,thuộc trường hợp giao đất không thông qua đấu giá quyền sử dụng đất - Hồ sơ pháp lý,reference_or_narrative,no,"Tên lấy từ câu mô tả vị trí/nội dung, không phải tên dự án","[2023-08-07] Sinh Nguyen-Dau Tu 8/7/2023 4:30 PM Edited K.ĐT báo cáo anh Tuan Tran-CEO dự án 2.3ha KDC Thuận Hưng Bình Điền (với giá chào 200 tỷ), mặt tiền đường Nguyễn Văn Linh, xã An Phú Tây, huyện Bình Chánh, TP.HCM như sau: 1/ Vị trí Cách Chợ Đầu Mối Bình Điền khoảng 400m Cách ranh Quận 8 và huyện Bình Chánh khoảng 150m Cách UBND huyện Bình Chánh khoảng 3,2km Cách nút giao Vành Đai 2 - Nguyễn Văn Linh khoảng 2,2km 2/ Hiện trạng: Toàn bộ khu đất đã có hoàn tất bồi thường giải phóng mặt bằng và bàn giao đất cho Cty Thuận Hưng. 3/ Pháp lý đất: Tổng diện tích 22.335m² - Nguồn gốc đất: do BQL Khu Nam GPMB bằng vốn ngân sách và giao lại cho Công ty Thuận Hưng (là một trong hai khu đất hoán đổi Khu đất của Công ty Thuận Hưng đã bị thu hồi làm Chợ Bình Điền) - Dự án thuộc trường hợp giao đất không thông qua đấu giá quyền sử dụng đất - Hồ sơ pháp lý: hiện Khu đất được Công ty Thuận Hưng quản lý – sử dụng thông qua Biên bản tạm giao ngày 19/10/2012 giữa Ban Bồi thường Huyện Bình Chánh – Ban Quản lý Khu Nam – Công ty Nam Sài Gòn – Công ty Thuận Hưng. - Chưa thực hiện được thủ tục “Quyết định giao đất” để có cơ sở triển khai các thủ tục tiếp theo - Về việc bố trí ""nhà ở xã hội"": Do dự án đã triển khai "
BDS-CURATED-0147,Khu chung Cư và văn phòng An PHú Quy hoạch chỉ tiết 1/500 đã được phê duyệt có 3 khu chức năng chính,reference_or_narrative,no,"Tên lấy từ câu mô tả vị trí/nội dung, không phải tên dự án","[2026-03-24] Tai L - UPDM 3/24/2026 9:59 AM Dự án Khu chung Cư và văn phòng An PHú Quy hoạch chỉ tiết 1/500 đã được phê duyệt có 3 khu chức năng chính: Văn Phòng, Chung cư, Dịch vụ Dân số được duyệt: 1.672 người. Theo Quy hoạch phân khu được duyệt 15/6/2025 (mới nhất) là 1.488 người ( thấp hơn 184 người so với qhct 1/500 đã được phê duyệt) Khu này không thể chuyển chức năng từ văn phòng sang ở ---Lý do : + QH 1/500 trước đây đã phân khu các khu chức năng: Khu văn phong, khu ở, khu dịch vụ + Dân số không còn Làm cái file báo cáo, đưa bản vẽ và vị trí by Admin 01"
BDS-CURATED-0105,KCN do Tập đoàn Xuận Thiện làm CĐT với 02 Nhà máy Gang thép - Cán thép đã dược tỉnh phê duyệt chủ trương đầu t,reference_or_narrative,no,"Tên lấy từ câu mô tả vị trí/nội dung, không phải tên dự án","[2022-12-03] Thao L - INVT 12/3/2022 12:01 PM K.ĐT gửi anh Tuan Tran-CEO báo cáo về Đề xuất Thực hiện Đầu tư Xây dựng KCN Nghĩa Sơn, tại Huyện Nghĩa Hưng, tỉnh Nam Định như sau: Khảo sát thực địa: Theo như giới thiệu của tỉnh, K.ĐT đã khảo sát thực địa và có các đánh giá khách quan về KCN Nghĩa Sơn như sau: Vị trí: Nằm giữa 2 đường trục Phát triển Cao Bồ - Nam Điền & DT490C. Quy mô: Dự kiến đang trình duyệt là 120ha (chưa có ranh chính xác). Tiềm năng: . Hiện trạng quỹ đất đang là đất lúa với từng ô lớn, thuận tiện cho công tác đền bù giải phòng mặt bằng. . Đơn giá đền bù khu vực còn thấp (~200.000VNĐ/m2), vẫn còn dư địa để phát triển so với các tỉnh đã đi khảo sát Bắc Ninh, Hải Phòng… . Nằm trên đường trục Phát triển kết nối lên Cao tốc Ninh Bình – Hải Phòng – Quảng Ninh hướng về phía Bắc: 4 km và kết nối CT01 (Cao tốc Bắc –Nam). . Hướng về Phía Nam của Huyện là Khu Kinh tế Ninh Cơ Quy mô 56.000 ha. Và Dự án KCN do Tập đoàn Xuận Thiện làm CĐT với 02 Nhà máy Gang thép - Cán thép đã dược tỉnh phê duyệt chủ trương đầu tư với TMĐT là 98.000 tỷ, Nhà máy Sản xuất cấu kiện bê tông đúc sẵn đang triển khai với TMĐT là 900 tỷ và Cảng Chuyên dùng Xuân Thiện có TMĐT 35.000 tỷ. => Với trục cao tốc Cao tốc "
BDS-CURATED-0120,nhà ở khi chuyển mục đích sang đất ở theo Luật Đất đai sẽ phải thực hiện đấu giá đối với hiện trạng các khu đấ,reference_or_narrative,no,"Tên lấy từ câu mô tả vị trí/nội dung, không phải tên dự án","[2023-03-15] Huy M - IM 3/15/2023 10:20 AM KĐT báo cáo CEO Tuan Tran-CEO đánh giá nhanh 12 lô đất anh Duy gửi của Sun Group tại Khu Đô thị ven sông Hoà Xuân - Cẩm Lệ - Đà Nẵng với mục đích làm Khu Chung cư cao tầng. Về Pháp lý đất: Theo GCNQSDĐ được cung cấp (2 lô đại diện): + Diện tích: ~ 5.000 m2 + Mục đích sử dụng: Đất cơ sở sản xuất kinh doanh + Thời hạn: Lâu dài + Nguồn gốc đất: Nhà nước giao đất có thu tiền sử dụng đất. + Cấp ngày 15/06/2011 Với mục đích sử dụng đất vẫn còn là đất SKC chưa chuyển mục đích sang đất ở, trong trường hợp thực hiện dự án nhà ở khi chuyển mục đích sang đất ở theo Luật Đất đai sẽ phải thực hiện đấu giá đối với hiện trạng các khu đất này Về pháp lý quy hoạch: + Theo thông tin QH đối tác cung cấp tại văn bản số 3175 ngày 03/05/2019 của SXD Đà Nẵng, các khu đất trên phần lớn có hệ số sử dụng đất từ 14 đến 18 lần, Theo QC 01/2021 hiện nay thì hệ số sử dụng đất tối đa là 13 lần. Các khu đất này không thuộc trường là các công trình điểm nhấn tại Đà Nẵng để được áp dụng điều kiện ngoại lệ nên khi triển khai sẽ phải bị điều chỉnh về lại tối đa không quá 13 lần. + Sau khi Phòng PLDA dự án rà soát nhanh với SXD Đà Nẵng thì các khu đất trên trong QH phân khu (QH 1.2000) kh"
BDS-CURATED-0151,THEO PHƯƠNG ÁN KINH DOANH ANH CƯỜNG – TMĐT Ko bao gồm ĐẤT Kết quả kinh doanh – PA vận hành 15 năm + GOP bình q,reference_or_narrative,no,"Tên lấy từ câu mô tả vị trí/nội dung, không phải tên dự án","[] Phòng đầu tư trích thêm các chi phí sau: phí quản lý 4%/Rev; Phí nâng cấp cải tạo 2%/Rev mỗi năm trích vào năm 7 và 2%/Rev mỗi năm trích vào năm 15. Diện tích đất: 1.381 m2 thời gian sử dụng 50 năm đến 17/03/2061 Đơn giá đất tạm tính: 350 triệu/m2 Tổng mức đầu tư ko bao gồm đất: 656 tỷ đồng bao gồm VAT và lãi vay Tổng mức đầu tư bao gồm đất: 1.148 tỷ đồng bao gồm VAT 2/ Hiệu quả tài chính dự án THEO PHƯƠNG ÁN KINH DOANH ANH CƯỜNG – TMĐT Ko bao gồm ĐẤT Kết quả kinh doanh – PA vận hành 15 năm + GOP bình quân mỗi năm: 51,4% + EBITDA/Rev bình quân mỗi năm: 45,3% Dòng tiền dự án – PA vận hành 15 năm + IRR dòng tiền vận hành 15 năm: 19,97% Kịch bản độ nhạy THEO PHƯƠNG ÁN KINH DOANH ANH CƯỜNG – TMĐT bao gồm ĐẤT Kết quả kinh doanh – PA vận hành 15 năm + GOP bình quân mỗi năm: 51,4% + EBITDA/Rev bình quân mỗi năm: 45,3% Dòng tiền dự án - Vận hành 15 năm + IRR dòng tiền vận hành 15 năm: 9,22% Kịch bản độ nhạy 2 chiều Sau khi tính toán hiệu quả theo PA Kinh doanh A.Cường. P.ĐT có xem số liệu hệ thống Khách sạn Đà Nẵng tại Tập đoàn. Trong đó, Khách sạn Yarra kinh doanh hiệu quả nhất với GOP đạt 40% và EBITDA/Rev đạt 36% nên P.ĐT có tính toán thêm một PA thận trọng với GOP mỗi năm đạt 40%. THEO

---

[] Phòng đầu tư trích thêm các chi phí sau: phí quản lý 4%/Rev; Phí nâng cấp cải tạo 2%/Rev mỗi năm trích vào năm 7 và 2%/Rev mỗi năm trích vào năm 15. Diện tích đất: 1.381 m2 thời gian sử dụng 50 năm đến 17/03/2061 Đơn giá đất tạm tính: 350 triệu/m2 Tổng mức đầu tư ko bao gồm đất: 656 tỷ đồng bao gồm VAT và lãi vay Tổng mức đầu tư bao gồm đất: 1.148 tỷ đồng bao gồm VAT 2/ Hiệu quả tài chính dự án THEO PHƯƠNG ÁN KINH DOANH ANH CƯỜNG – TMĐT Ko bao gồm ĐẤT Kết quả kinh doanh – PA vận hành 15 năm + GOP bình quân mỗi năm: 51,4% + EBITDA/Rev bình quân mỗi năm: 45,3% Dòng tiền dự án – PA vận hành 15 năm + IRR dòng tiền vận hành 15 năm: 19,97% Kịch bản độ nh"
BDS-CURATED-0045,từ đường Đặng Văn Trơn và giá chào đã bao gồm phần đất này,reference_or_narrative,no,"Tên lấy từ câu mô tả vị trí/nội dung, không phải tên dự án","[2022-09-26] Thao L - INVT 9/26/2022 5:32 PM Edited Giá bán sản phẩm: (Dựa vào giá thị trường cơ sở hiện tại là 58tr/m2 đất vào năm 2022). + Đất ở thương mại: 77tr/m2 đất và 8,7tr/m2 sàn (2025-2026). + Đất ở nội khu: 70tr/m2 đất và 8,7tr/m2 sàn (2025-2026). + NOXH: 8.35tr/m2 sàn NOXH (2025-2026). + Tạm định giá đầu ra phần đất nông nghiệp (QH đất ở hiện hữu chỉnh trang): 14tr/m2 đất. Hiệu quả tài chính: Tỷ lệ LNTT/TMĐT: 15,5% với Lợi nhuận trước thuế là 559,5 tỷ đồng. Kết luận: + Để nhận chuyển nhượng quỹ đất với điều kiện tiên quyết là đối tác đã có sẵn phần đất QH đường kết nối vào dự án từ đường Đặng Văn Trơn và giá chào đã bao gồm phần đất này. + Để dự án đạt tỷ lệ LNTT/TMĐT là 20% khi tổng giá trị đền bù và chuyển nhượng đất là 1.249 tỷ cho tổng diện tích là 15,8ha (tương đường 7,8tr/m2) Link hồ sơ: https://belgroupvn-my.sharepoint.com/:f:/g/personal/trieunguyenptdt_beegroup1_com/Eh5s-UJUAA5Dj7zBlCHOr6sBjBcXKcYtt1vQQZsXESWpTA?e=T5Rb7Y Link vị trí: https://goo.gl/maps/dSeYp8x6gD6nWQJo7 BC Hiệp Hòa.pdf"
BDS-CURATED-0168,chỉ mới trong giai đoạn pháp lý đền bù GPMB thì được xem là quỹ đất và được định giá lại theo phương thức giá,reference_or_narrative,no,"Tên lấy từ câu mô tả vị trí/nội dung, không phải tên dự án","[] Báo cáo anh Mr Mike1 -CEO, Phòng Đầu tư xin báo cáo tóm tắt định giá sơ bộ công ty HDC Tương tự DIG, đối với HDC cũng sẽ áp dụng phương pháp đánh giá tài sản sòng bằng việc xác định lại giá trị của các dự án/quỹ đất của HDC được ghi nhận trên BCTC a. Thông tin Công ty: - Tên công ty: Công ty Cổ phần Phát triển Nhà Bà Rịa – Vũng Tàu - Vị trí trụ sở: 36 Nguyễn Thái Học, P.7, Tp.Vũng Tàu - Thị giá cổ phiếu (07/05/2025): 23.400 đồng/cp - Số lượng cổ phiếu lưu hành: 178.354.966 cổ phần b. Các giả định trong bài tính - Đối với dự án chỉ mới trong giai đoạn pháp lý đền bù GPMB thì được xem là quỹ đất và được định giá lại theo phương thức giá trị thị trường của loại đất lúa/CLN/HNK tùy vào địa hình quỹ đất. - Giá trị ghi nhận khoản mục chi phí đầu tư xây dựng và phát triển dự án trong hàng tồn kho là chi phí đã đầu tư tương ứng với diện tích đã bồi thường GPMB/đã hoàn thành nhận chuyển nhượng được công bố trong bản cáo bạch/BCTC/BCTN. - Đối với các dự án đã triển khai GPMB, xây dựng và bán hàng 1 phần hoặc toàn bộ => tạm ghi nhận giá trị trong BCTC (hàng tồn kho và phải thu). Để xác định giá trị hiện tại cần tìm hiểu chi tiết hiện trạng dự án (pháp lý đất, xây dựng, bán hàng) - Đối với dự 

---

[] Báo cáo anh Mr Mike1 -CEO , Phòng Đầu tư xin báo cáo tóm tắt định giá sơ bộ công ty DIG Do đặc thù DIG là công ty BĐS, phương pháp đánh giá tài sản sòng bằng việc xác định lại giá trị của các dự án/quỹ đất của DIG được ghi nhận trên BCTC sẽ đảm bảo phù hợp giá trị công ty a. Thông tin Công ty: - Tên công ty: Tổng công ty Cổ phần Đầu tư Phát triển Xây Dựng - Vị trí trụ sở: 15 Thi Sách, P.Thắng Tam, Tp.Vũng Tàu - Thị giá cổ phiếu (18/04/2025): 15.650 đồng/cp - Số lượng cổ phiếu lưu hành: 609.581.995 cổ phần b. Các giả định trong bài tính - Đối với dự án chỉ mới trong giai đoạn pháp lý đền bù GPMB thì được xem là quỹ đất và được định giá lại theo phương thức giá trị thị trường của loại đất lúa/CLN/HNK tùy vào địa hình quỹ đất. - Giá trị ghi nhận khoản mục chi phí đầu tư xây dựng và phát triển dự án trong hàng tồn kho là chi phí đã đầu tư tương ứng với diện tích đã bồi thường GPMB/đã hoàn thành nhận chuyển nhượng được công bố trong bản cáo bạch/BCTC/BCTN. - Đối với các dự án đã triển khai GPMB, xây dựng và bán hàng 1 phần hoặc toàn bộ => tạm ghi nhận giá trị trong BCTC (hàng tồn kho và phải thu). Để xác định giá trị hiện tại cần tìm hiểu chi tiết hiện trạng dự án (pháp lý đất, xây dựng"
BDS-CURATED-0034,Bãi Container & Dịch vụ Cảng (Diện tích 31 ha) với giá chào 2 trđ/m2 tại Phước Hòa,reference_or_narrative,no,"Tên lấy từ câu mô tả vị trí/nội dung, không phải tên dự án","[2022-08-09] Quy Vo-PTDT 8/9/2022 2:33 PM 2. Dự án Bãi Container & Dịch vụ Cảng (Diện tích 31 ha) với giá chào 2 trđ/m2 tại Phước Hòa, Phú Mỹ, Bà Rịa Vũng Tàu 2.1 Về Pháp lý Dự án: - Dự án đã có chủ trương đầu tư, GCN quyền sử dụng đất (Đất SXKD, thời hạn đến năm 2061, thuê đất đóng tiền 1 lần), chưa có Giấy phép xây dựng. 2.2 Về vị trí và kết nối, tiềm năng hạ tầng: - Dự án nằm trong khu bến cảng Cái Mép – Thị Vải (thuộc cảng biển Bà Rịa – Vũng Tàu một trong 2 cảng biển loại đặc biệt lớn nhất cả nước, cùng với Cảng biển Hải Phòng), dự án khu bến cảng Cái Mép khoảng 1.5km, tiếp giáp với đường 991B(đường quy hoạch) kết nối đến đường Liên Cảng Cái Mép, dự án kết nối với Cao tốc Bến Lức Long Thành thông qua cầu Phước An (dự kiến cao tốc sẽ được hoàn thành vào 2025); từ dự án kết nối thuận lợi với Quốc Lộ 51, Cao tốc Biên Hòa – Vũng Tàu thông qua đường 991B. - Tiềm năng hạ tầng: Hạ tầng giao thông (cao tốc, sân bay, đường kết nối) sẽ hoàn thành trong giai đoạn 2025 – 2026; các KCN mới ở Bà Rịa – Vũng Tàu, Đồng Nai; ngành logistic hấp dẫn nhiều nhà đầu tư, vận tải đường thủy được Nhà nước chú trọng phát triển sẽ đưa Cụm cảng Cái Mép – Thị Vải sẽ thành cửa ngõ giao thương quốc tế. 2.3 Chức năng của d"
BDS-CURATED-0149,Masteri An Phú - Masteri Thảo Điền - The Vista tăng 40-50% giá trị chỉ trong 3 tháng ) 🎉 Nếu lấy sàn thứ 2 (70,reference_or_narrative,no,"Tên lấy từ câu mô tả vị trí/nội dung, không phải tên dự án","[2025-10-11] Unknown User 10/11/2025 12:27 PM Deal a David Ví dụ : Mua 700 m2 ( 1 sàn ) x 36.5 tr = 25,550 tỷ CK : 9% ( Thâm niên hơn 2,5 năm) CK: 13,8% ( Thanh toán nhanh 95%) CK : 3% ( Early Bird 100 căn đầu tiên) CK : 2% ( mua sỉ từ 5 căn trở lên) Tổng CK : 27,8% 💯=> Giá bán cuối cùng : 18,447 tỷ ( Chưa VAT , Phí BT) => Đơn giá/m2 : 26.4 tr/m2 ( tổng 700m2)x1.12 = 29.5 tr/m2 ( Đã VAT , Phí BT ) Với vị trí của Fenica gần Metro thì chỉ cần bắt đầu triển khai Metro thì tăng giá mỗi năm 10-15% là việc bình thường ( thậm chí như tuyến Metro Số 1 Suối Tiên, các dự án Masteri An Phú - Masteri Thảo Điền - The Vista tăng 40-50% giá trị chỉ trong 3 tháng ) 🎉 Nếu lấy sàn thứ 2 (700 m2 ) => CK TỔNG 23% => Tổng Ngân sách đầu tư 19,67 tỷ => Đơn giá/m2 :28,1 tr/m2 => 31,47 tr/m2 Tính gấp lại nha by Unknown User"
BDS-CURATED-0062,chung cư cao cấp THAT 1,reference_or_narrative,no,"Tên lấy từ câu mô tả vị trí/nội dung, không phải tên dự án","[] Báo cáo tóm tắt dự án chung cư cao cấp THAT 1.Vị trí: Võ Nguyên Giáp, Sơn Trà Đà Nẵng Quy mô dự án: 34.916 m2 (25.852 m2 được giao đất, 9.064 m2 đất thuê) Định vị maps: https://maps.app.goo.gl/o5yA5cAF8qJoTZqW8 2.Pháp lý: Hiện trạng pháp lý: Dự án ban đầu được định hướng triển khai thành khu biệt thự cao cấp kết hợp Khách sạn + TMDV. Sau đó, chủ đầu tư đã xin điều chỉnh thành tổ hợp căn hộ chung cư cao cấp và Khách sạn TMDV. Cho đến nay, tình hình thực hiện dự án chưa triển khai gì thêm. Dựa vào báo cáo pháp lý từ Phòng Pháp lý và Anh Tịnh-pháp lý địa phương Đà Nẵng, P.Đầu tư tổng hợp và tóm tắt đánh giá pháp lý dự án như sau: Chủ trương đầu tư: Hiện chủ đầu tư chưa cung cấp hồ sơ về việc điều chỉnh chủ trương đầu tư từ dự án thấp tầng lên dự án căn hộ+khách sạn cao tầng. Một số thông tin cho thấy dự án chưa có chủ trương đầu tư điều chỉnh nêu trên. Pháp lý đất: Giai đoạn đầu, dự án được cấp 35 GCN (34 GCN đất ở và 1 GCN công trình Khách sạn+TMDV). Sau đó, vào năm 2011, Chủ đầu tư đã xin chuyển đổi thành dự án cao tầng đồng thời chuyển đổi 35 GCN thành 6 GCN trong đó 4GCN đất ở và 2 GCN TMDV, tương ứng 4 tháp chung cư và 2 tháp khách sạn. Liên quan đến việc chuyển đổi nêu trên, mặc"
BDS-CURATED-0212,này hiện chỉ đóng tiền sử dụng đát trên diện tích đất xây dựng thay vì diện tích đất toàn khu đối với toàn khu,reference_or_narrative,no,"Tên lấy từ câu mô tả vị trí/nội dung, không phải tên dự án","[2025-03-16] Huy M - IM 3/16/2025 5:45 PM Translate Khu đất này hiện chỉ đóng tiền sử dụng đát trên diện tích đất xây dựng thay vì diện tích đất toàn khu đối với toàn khu. Bình Dương đang bị tính sai chỗ này. Nên có thể sẽ phải đóng bổ sung thêm tiền sử dụng đất Này là đã VAt chưa by Unknown User

---

[2025-03-16] Huy M - IM 3/16/2025 5:45 PM Translate Khu đất này hiện chỉ đóng tiền sử dụng đát trên diện tích đất xây dựng thay vì diện tích đất toàn khu đối với toàn khu. Bình Dương đang bị tính sai chỗ này. Nên có thể sẽ phải đóng bổ sung thêm tiền sử dụng đất Này là đã VAt chưa by Unknown User Mr M"
BDS-CURATED-0093,không đạt hiệu quả tài chính với giá chào chuyển nhượng là 280 tỷ đồng (chưa bao gồm tiền CMĐSDĐ) - Để dự án đ,reference_or_narrative,no,"Tên lấy từ câu mô tả vị trí/nội dung, không phải tên dự án","[2022-12-14] Thao L - INVT 12/14/2022 11:09 AM Kết luận: - Dự án không đạt hiệu quả tài chính với giá chào chuyển nhượng là 280 tỷ đồng (chưa bao gồm tiền CMĐSDĐ) - Để dự án đạt hiệu quả tài chính thì giá nhận chuyện nhượng dự án từ 204 tỷ đồng (~1,34tr/m2; IRR:20%) – 250 tỷ đồng (~1,65tr/m2; IRR:15%) chưa bao gồm tiền CMĐSDĐ.. Ghi chú: - Chỉ nhận chuyển nhượng dự án khi chủ trương đầu tư dự án được phép phân lô bán nền. - Giả định: + Chủ trương đầu tư cho phép dự án phân lô bán nền => Phải hoàn thiện hạ tầng và xây dựng thô các tiện ích mới được sang tên GCNQSDĐ cho khách hàng (hiện nay các dự án ở Bình Phước chưa ra sổ, sang tên cho khách hàng vì chỉ hoàn thiện hạ tầng mà không hoàn thiện các tiện ích (TMDV, trường học, y tế, công cộng,…) kèm theo). + Quỹ đất dành cho NOXH chiếm 20% quỹ đất ở so với đối tác dự tính chỉ 10% quỹ đất ở + XD thô các công trình công công, TMDV => bán dự án thành phần. * Nguồn dự án: Ms. Xuân - Trường phòng Nguồn vốn. * Thông tin thị trường: Hỗ trợ P. R&D. * Link vị trí: https://goo.gl/maps/u7HMUhYJqdPGD9dz6 * Link hồ sơ: https://belgroupvn.sharepoint.com/:f:/s/BeeGroupCEOOffice-03.KhiuT/EtYngSxT-mdGhwMPwLcn5ssB6y44zSOy-E3U8Ny6gpGP9A?e=7lADhv Vị trí dự án: image by"
BDS-CURATED-0153,căn hộ Đức Long Western Park Dự án Đức Long Western Park tại quận Bình Tân,reference_or_narrative,no,"Tên lấy từ câu mô tả vị trí/nội dung, không phải tên dự án","[2025-04-03] Huy M - IM 4/3/2025 2:45 PM Translate Các vướng mắc của dự án căn hộ Đức Long Western Park Dự án Đức Long Western Park tại quận Bình Tân, TP.HCM do Công ty CP Đầu tư Kinh doanh Bất động sản Đức Long Gia Lai (Đức Long Gia Lai Land) làm chủ đầu tư đã gặp phải nhiều vấn đề pháp lý và tranh chấp với khách hàng. Dưới đây là chi tiết các vướng mắc chính: 1. Pháp lý chưa hoàn thiện Dự án chưa được cấp phép xây dựng, chưa phê duyệt tổng mặt bằng chi tiết tỷ lệ 1/500, chưa nghiệm thu cơ sở hạ tầng kỹ thuật, và chưa đủ điều kiện để giao dịch kinh doanh bất động sản theo quy định của Luật Kinh doanh Bất động sản năm 2014124. Quyết định chấp thuận chủ trương đầu tư và công nhận chủ đầu tư đã hết hiệu lực, khiến dự án không thể triển khai trong thời gian ngắn14. 2. Huy động vốn trái phép Chủ đầu tư đã ký hợp đồng đặt cọc với khách hàng từ năm 2017 – 2018, dù dự án chỉ là bãi đất trống và chưa đủ điều kiện kinh doanh35. Việc huy động vốn trước khi hoàn thành phần móng của tòa nhà là vi phạm Điều 55 Luật Kinh doanh Bất động sản năm 201423. 3. Quảng cáo sai sự thật Dự án được cấp phép xây dựng với quy mô 15 tầng nhưng bị quảng cáo là có chiều cao 21 tầng, vượt quá số tầng được phê duyệt16. Việc nà"
BDS-CURATED-0211,nhà ở thương mại thông qua thỏa thuận về nhận quyền sử dụng đất hoặc đang có quyền sử dụng đất để thể chế hóa,reference_or_narrative,no,"Tên lấy từ câu mô tả vị trí/nội dung, không phải tên dự án","[2024-11-22] Thoi L - ASST. 11/22/2024 9:39 AM https://m.cafef.vn/dai-bieu-quoc-hoi-khong-co-chuyen-lay-dat-lua-dat-nong-nghiep-mot-cach-dai-tra-tran-lan-de-lam-nha-o-thuong-mai-188241121144902763.chn Đại biểu Quốc hội: Không có chuyện lấy đất lúa, đất nông nghiệp một cách đại trà, tràn lan để làm nhà ở thương mại Đại biểu Trịnh Xuân An, Đoàn ĐBQH tỉnh Đồng Nai bày tỏ, việc thí điểm thực hiện dự án nhà ở thương mại thông qua thỏa thuận về nhận quyền sử dụng đất hoặc đang có quyền sử dụng đất chỉ áp dụng với ... m.cafef.vn ""Kết luận nội dung thảo luận, Phó Chủ tịch ... by Thoi L - ASST.

---

[2024-11-22] Thoi L - ASST. 11/22/2024 9:41 AM Translate ""Kết luận nội dung thảo luận, Phó Chủ tịch Quốc hội Nguyễn Đức Hải cho biết, các đại biểu nhất trí cần thiết ban hành Nghị quyết thí điểm thực hiện dự án nhà ở thương mại thông qua thỏa thuận về nhận quyền sử dụng đất hoặc đang có quyền sử dụng đất để thể chế hóa chủ trương của Đảng, tăng thêm điều kiện tiếp cận đất đai cho phát triển nhà ở thương mại, góp phần phát triển kinh tế xã hội, tăng nguồn cung nhà ở, đáp ứng nhu cầu của người dân."" (heart) by Huy M - IM"
BDS-CURATED-0200,cảng tổng hợp và container Cái Mép Hạ được đề xuất đầu tư với tổng vốn 50,reference_or_narrative,no,"Tên lấy từ câu mô tả vị trí/nội dung, không phải tên dự án","[2024-06-03] Huy M - IM 6/3/2024 9:16 AM https://vnexpress.net/de-xuat-dau-tu-sieu-cang-cai-mep-ha-don-tau-bien-lon-nhat-the-gioi-4753385.html Đề xuất đầu tư 'siêu cảng' Cái Mép Hạ đón tàu biển lớn nhất thế giới Bà Rịa - Vũng Tàu- Dự án cảng tổng hợp và container Cái Mép Hạ được đề xuất đầu tư với tổng vốn 50.820 tỷ đồng, quy mô 351 ha, có thể đón các tàu biển lớn nhất thế giới. vnexpress.net

---

[2024-06-03] Huy M - IM 6/3/2024 9:16 AM https://vnexpress.net/de-xuat-dau-tu-sieu-cang-cai-mep-ha-don-tau-bien-lon-nhat-the-gioi-4753385.html Đề xuất đầu tư 'siêu cảng' Cái Mép Hạ đón tàu biển lớn nhất thế giới Bà Rịa - Vũng Tàu- Dự án cảng tổng hợp và container Cái Mép Hạ được đề xuất đầu tư với tổng vốn 50.820 tỷ đồng, quy mô 351 ha, có thể đón các tàu biển lớn nhất th"
BDS-CURATED-0130,Phú Quang – Phương án bổ sung tiền sử dụng đất (LURF) và chi phí liên quan đến phần đất công trong dự án,reference_or_narrative,no,"Tên lấy từ câu mô tả vị trí/nội dung, không phải tên dự án","[2025-03-12] Khoa L - INVT 3/12/2025 2:56 PM Translate K.ĐT gửi anh Mr Mike1 -CEO về hiệu quả dự án Phú Quang – Phương án bổ sung tiền sử dụng đất (LURF) và chi phí liên quan đến phần đất công trong dự án: Trước hết, Phòng Đầu tư tổng hợp và báo cáo nghĩa vụ các bên trong cấu trúc deal như sau: Bên Bán Bên mua Diện tích giao đất đợt 1 (12.6ha) đã giao cho Phú Quang theo QĐ 2987 (07/10/2020) - Chi phí và công tác đền bù/ GPMB - Tiền chuyển mục đích sử dụng đất theo QĐ 2987 (07/10/2020) - Chi phí bồi thường phần đất công năm trong 12.6ha Diện tích giao đất còn lại (~ 19ha) - Chi phí và công tác GPMB - Tiền chuyển mục đích sử dụng đất - Chi phí bồi thường phần đất công trong diện tích giao đất còn lại Như vậy phạm vi Bên mua sẽ chịu trách nhiệm: - Đóng LURF cho phần diện tích giao còn lại, - Đóng LURF bổ sung cho phần giao đất đợt 1 (12.6ha) khi điều chỉnh quy hoạch - Các chi phí liên quan đến phần đất công trong diện tích giao đất còn lại 1. Tính toán LURF P. Đầu tư thực hiện tính toán tiền sử dụng đất theo 2 bước: Bước 1: Tính LURF theo phương án QH 1/500 đã được duyệt: Nhằm xác định nghĩa vụ tài chính cho diện tích giao đất đợt 1 mà bên bán phải đóng Bước 2: Tính LURF theo phương án QH 1/500 đi

---

[2025-03-12] Khoa L - INVT 3/12/2025 2:56 PM Translate K.ĐT gửi anh Mr Mike1 -CEO về hiệu quả dự án Phú Quang – Phương án bổ sung tiền sử dụng đất (LURF) và chi phí liên quan đến phần đất công trong dự án: Trước hết, Phòng Đầu tư tổng hợp và báo cáo nghĩa vụ các bên trong cấu trúc deal như sau: Bên Bán Bên mua Diện tích giao đất đợt 1 (12.6ha) đã giao cho Phú Quang theo QĐ 2987 (07/10/2020) - Chi phí và công tác đền bù/ GPMB - Tiền chuyển mục đích sử dụng đất theo QĐ 2987 (07/10/2020) - Chi phí bồi thường phần đất công năm trong 12.6ha Diện tích giao đấ"
BDS-CURATED-0155,là tính khả thi của công tác giải phóng mặt bằng khi diện tích nhà dân nằm xen cài nhiều trong ranh đất dự án,reference_or_narrative,no,"Tên lấy từ câu mô tả vị trí/nội dung, không phải tên dự án","[2023-06-23] Unknown User 6/23/2023 9:51 AM Này giờ xin chủ trương để đó 10-15 năm sau làm có vẻ ổn nhỉ, chứ giờ mà làm thì lỗ chết Đối với KCN Liễu Sơn - Thái Hoà 1 đã được Thủ tướng bổ sung vào quy hoạch KCN tỉnh Vĩnh Phúc từ năm 2009 (đã 14 năm). Có QH 1.2000 từ nằm 2013 (đã 10 năm). Vấn đề khó khăn nhất của dự án là tính khả thi của công tác giải phóng mặt bằng khi diện tích nhà dân nằm xen cài nhiều trong ranh đất dự án nên dù đã có các pháp lý để thực hiện nhưng 10 – 14 năm nay có thể vì vấn đề này mà chưa triển khai được. Và vì là dự án thương mại nên chủ đầu tư sẽ tự thực hiện giải phóng mặt (nhà nước không can thiệp được theo hình thức cưỡng chế) sẽ dẫn chi phí GPMB cao và sẽ bị chôn vốn kéo dài cho vấn đề này. Do đó chi phí vốn của mình sẽ cao dẫn đến giá cho thuê đầu ra của mình khó cạnh tranh được trong khu vực. ok a by Unknown User"
BDS-CURATED-0361,Khu Công Nghiệp Và Khu Phi Thuế Quan Xuân Cầu tại Khu Cảng Cửa Ngõ Quốc Tế Lạch Huyện,reference_or_narrative,no,"Tên lấy từ câu mô tả vị trí/nội dung, không phải tên dự án","[2024-01-09 | BDS-MASTER-0039] [2024-01-09] Thao L - INVT 1/9/2024 5:12 PM K.ĐT báo cáo anh Tuan Tran-CEO về dự án Khu Công Nghiệp Và Khu Phi Thuế Quan Xuân Cầu tại Khu Cảng Cửa Ngõ Quốc Tế Lạch Huyện, Khu Kinh Tế Đình Vũ – Cát Hải, Thành Phố Hải Phòng như sau: I. HIỆN TRẠNG DỰ ÁN 1. Vị trí: Thuộc khu vực cảng cửa ngõ quốc tế Lạch Huyện, Khu kinh tế Đình Vũ - Cát Hải, Thành phố Hải Phòng. Đối diện cảng số 1 đến số 12 thuộc Zone 4 Cảng nước sâu Quốc tế Lạch Huyện. 2. Quy mô và tính chất: Dự án có diện tích 752Ha thuộc Khu Phi thuế quan, trong đó: 369Ha khu sản xuất công nghiệp và 173Ha khu dịch vụ kho bãi – logistics. 3. Thời gian vận hành: 2021-2071: Còn 47 năm. 4. Hiện trạng: đã được san lấp khoảng 3% trên tổng diện tích dự án, chạy dọc song song với bến cảng số 1,2 (cảng 1, 2 đã đưa vào hoạt động) và cảng 3, 4, 5, 6 đang được xây dựng. 5. Pháp lý (theo như hồ sơ đối tác trình bày): Đã có Quyết định Chủ trương đầu tư; Giấy chứng nhận đăng ký đầu tư; Quy hoạch chi tiết 1/500; Bàn giao mặt biển; Bàn giao đất và Giấy phép xây dựng GĐ1. 6. Chính sách dành cho Khu phi thuế quan: - Ưu đãi thuế Xuất/nhập khẩu - Ưu đãi thuế Giá trị gia tang - Ưu đãi thuế Tiêu thụ đặc biệt - Ưu đãi thuế Thu nhập doanh nghiệp - Thủ tục h

---

[2024-01-09 | BDS-MASTER-0247] [2024-01-09] Thao L - INVT 1/9/2024 5:12 PM K.ĐT báo cáo anh Tuan Tran-CEO về dự án Khu Công Nghiệp Và Khu Phi Thuế Quan Xuân Cầu tại Khu Cảng Cửa Ngõ Quốc Tế Lạch Huyện, Khu Kinh Tế Đình Vũ – Cát Hải, Thành Phố Hải Phòng như sau: I. HIỆN TRẠNG DỰ ÁN 1. Vị trí: Thuộc khu vực cảng cửa ngõ quốc tế Lạch Huyện, Khu kinh tế Đình Vũ - Cát Hải, Thành phố Hải Phòng. Đối diện cảng số 1 đến số 12 thuộc Zone 4 Cảng nước sâu Quốc tế Lạch Huyện. 2. Quy mô và tính chất: Dự án có diện tích 752Ha thuộc Khu Phi thuế"
BDS-CURATED-0143,đạt hiệu quả LNTT/TMĐT ~ >=20% ở khung từ giá bán bình quân chưa VAT đạt từ 75 triệu/m2 trở lên chi phí đầu tư,reference_or_narrative,no,"Tên lấy từ câu mô tả vị trí/nội dung, không phải tên dự án","[] Phòng có chạy thêm độ nhạy theo 2 giả định: Cố định tiền sử dụng đất được khấu trừ ~ đơn giá 168 tr/m2: thay đổi giá bán căn hộ và thay đổi suất vốn đầu tư all-in thì dự án đạt hiệu quả LNTT/TMĐT ~ >=20% ở khung từ giá bán bình quân chưa VAT đạt từ 75 triệu/m2 trở lên chi phí đầu tư xây dựng chưa VAT từ dưới 12,7 tr/m2 all in (Theo bảng độ nhạy, vùng tô vàng) 2. Cố định giá bán căn hộ ~ đơn giá 68,8 tr/m2: thay đổi đơn giá đất được khấu trừ và thay đổi suất vốn đầu tư all-in thì tại mức đơn giá được khấu trừ tối đa ~ 185 tr/,2 = đơn giá đất thặng dư là không đóng thêm tiền sử dụng đất bổ sung) thì tỷ lệ LNTT/TMĐT chỉ đạt 10,8%. (theo bảng độ nhạy) Theo kết quả tính FS và chạy độ nhạy như trên thì trong trường hợp dự án tiền đất khấu trừ tốt nhất (bằng với đơn giá đất tính thặng dư =>không đóng thêm tiền sử dụng đất, đây là giả định lạc quan, thực tế khó mà đạt được) thì dự án vẫn chưa đạt hiệu quả kỳ vọng (chỉ đạt 10,8%) tại mức giá bán căn hộ đề xuất ~ 68,8 tr (chưa VAT). Như vậy, để dự án đạt hiệu quả thì giá bán căn hộ mang tính quyết định ưu tiên, từ 75 tr/m2 chưa VAT và tiền sử dụng đất được khấu trừ cao nhất có thể (tối thiểu từ 168 tr/m2)."
BDS-CURATED-0154,cần kiểm tra xem có chuyển lên thổ cư để thực hiện dự án chung cư được hay không,reference_or_narrative,no,"Tên lấy từ câu mô tả vị trí/nội dung, không phải tên dự án","[] Phòng Pháp lý dự án cần kiểm tra xem có chuyển lên thổ cư để thực hiện dự án chung cư được hay không, và nêu rõ quy trình thực hiện dự án Phía đối tác chào bán hiện trạng - Nguồn: Mr. Nhựt - Link Map: https://goo.gl/maps/C86NnDNwQKH22Bek9- Link OneDrive: Dự án 1.2ha đường Thuận An Hòa, P. An Phú - OneDrive (sharepoint.com)"
BDS-CURATED-0117,hạ tầng trọng điểm quốc gia đang được triển khai như Đường DT 770B (LG 60m) khởi công xây dựng Quý I-2024,reference_or_narrative,no,"Tên lấy từ câu mô tả vị trí/nội dung, không phải tên dự án","[2023-11-27] Sinh Nguyen-Dau Tu 11/27/2023 3:24 PM KĐT gửi anh Tuan Tran-CEO về báo cáo Nghiên cứu Quỹ đất thuộc xã Tân Hiệp, huyện Long Thành, tỉnh Đồng Nai: 1/ Hạ tầng giao thông 1.1/ Hạ tầng trọng điểm Đồng Nai: ● Giao thông: Cao tốc Bến Lức – Long Thành, cao tốc Biên Hòa – Vũng Tàu, cao tốc Long Thành – Dầu Giây; Đường Vành Đai 3, đường Vành Đai 4; Đường Quốc lộ 51, đường DT770B, đường Nguyễn Ái Quốc (Đường 25C),… ● Sân bay quốc tế Long Thành ● Cảng quốc tế Cái Mép – Thị Vãi ● Đường sắt Biên Hòa – Vũng Tàu, Thủ Thiêm – Long Thành,… 1.2/ Hạ tầng khu vực nghiên cứu ● Cách nút giao cao tốc Bến Lức – Long Thành, cao tốc Biên Hòa - Vũng Tàu và Quốc lộ 51C khoảng 9km (đi theo tuyến đường Quốc lộ 51C vào nút giao) ● Cách nút giao cao tốc Biên Hòa – Vũng Tàu và đường Nguyễn Ái Quốc (Đường 25C) khoảng 16km ● Tiếp giáp tuyến đường DT770B (QH dự kiến 60m), dự kiến khởi công Quý I/2024, kết nối 4 huyện (Định Quán, Thống Nhất, Cẩm Mỹ và Long Thành) và 1 Thành phố (Long Khánh) 2/ Phân tích Swot a/ Điểm mạnh: Giáp KCN Tân Hiệp – Bàu Cạn, quy hoạch KCN 2.627ha (KCN thuộc xã Tân Hiệp là 1.333ha) lớn thứ 2 tỉnh Đồng Nai và lớn thứ nhất huyện Long Thành; Giáp KCN Phước Bình, quy hoạch khoảng 1.000ha Nằm gần n"
BDS-CURATED-0210,mình khảo sát ở kcn Vĩnh Phúc khi bay flycam thì thấy hiện trạng là đất lúa xen kẽ nhiều nhà dân và có các đồi,reference_or_narrative,no,"Tên lấy từ câu mô tả vị trí/nội dung, không phải tên dự án",[2023-06-16] Huy M - IM 6/16/2023 9:22 PM Đối với hiện trạng dự án mình khảo sát ở kcn Vĩnh Phúc khi bay flycam thì thấy hiện trạng là đất lúa xen kẽ nhiều nhà dân và có các đồi cao Lúc đi vẫn chưa có thông tin cao độ về dự á... by Huy M - IM
BDS-CURATED-0252,này sao tiền sử dụng đất cao vậy Dự án được tính tiền sử dụng đất theo phươn,reference_or_narrative,no,"Tên lấy từ câu mô tả vị trí/nội dung, không phải tên dự án",[2024-10-07] Mr Mike1 -CEO 10/7/2024 10:38 AM Translate Mà dự án này sao tiền sử dụng đất cao vậy Dự án được tính tiền sử dụng đất theo phươn... by Unknown User
BDS-CURATED-0182,(1) chưa có chủ trương đầu tư (Điểm cộng để xin thí điểm) + (2) dự án chưa đăng ký ngay đợt đầu như PGK nên sợ,reference_or_narrative,no,"Tên lấy từ câu mô tả vị trí/nội dung, không phải tên dự án","[2025-04-09] Huy M - IM 4/9/2025 6:02 PM Translate Đúng rồi à cái này giống như PGK sẽ phải xin vào thí điểm, tuy nhiên dự án (1) chưa có chủ trương đầu tư (Điểm cộng để xin thí điểm) + (2) dự án chưa đăng ký ngay đợt đầu như PGK nên sợ sẽ hết room Nói chuyện với anh Tâm thử xem by Unknown User"
BDS-CURATED-0167,The Bale của Được gửi giá đã giảm mà lại ko lãi hã Dự án Bale này giá có giảm nhưng pháp lý trước đây họ cam k,reference_or_narrative,no,"Tên lấy từ câu mô tả vị trí/nội dung, không phải tên dự án",[2023-06-01] Unknown User 6/1/2023 2:24 PM Ủa dự án The Bale của Được gửi giá đã giảm mà lại ko lãi hã Dự án Bale này giá có giảm nhưng pháp lý trước đây họ cam kết là có thể chuyển sang đất tmdv đóng tiền 1 lần được nhưng giờ cập nhật lại là chỉ được thuê trả tiền hàng năm. Với đất thuê trả tiền hàng năm thì phương án bán sản phẩm thu tiền một lần rất khó và cũng chưa gặp trường này trên thị trường và pháp lý để chuyển giao phần thuê đất cho người mua đối với đất thu tiền hàng năm hiện nay cũng chưa rõ ràng. 2. Dự án với mục đích phát triển du lịch nhưng lại không có mặt biển trực tiếp phải đi 500m mới ra tới. 3. Thời hạn sử dụng đến 2058 (còn 35 năm) triển khai hoàn tất cũng mất từ 3 - 5 năm nên thời hạn sử dụng còn lại chỉ được 30 năm sẽ rất kém khách. Qua những hạn chế trên thì P.DT đề xuất mình không tham gia dự án này à
BDS-CURATED-0232,IDEO cách trung tâm Bangk,reference_or_narrative,no,"Tên lấy từ câu mô tả vị trí/nội dung, không phải tên dự án",[2023-08-17] Tuan Tran-CEO 8/17/2023 2:44 PM xem cùng vị trí thì giá ở tp nào cao hơn 1 Heart reaction. Với vị trị dự án IDEO cách trung tâm Bangk... by Thao L - INVT
BDS-CURATED-0189,IDEO cách trung tâm Bangkok khoảng 6-7Km và gần sông Chao Phraya,reference_or_narrative,no,"Tên lấy từ câu mô tả vị trí/nội dung, không phải tên dự án","[2023-08-17] Thao L - INVT 8/17/2023 2:53 PM Với vị trị dự án IDEO cách trung tâm Bangkok khoảng 6-7Km và gần sông Chao Phraya, khu vực này có tính chất khá tương đồng với khu vực gần đoạn đường Phạm Văn Đồng và gần sông Sài Gòn (khúc qua cầu Bình Lợi) cách trung tâm Quận 1 khoảng 6-7Km theo đường chim bay thì đơn giá căn hộ của hai khu vực không chệch lệch nhiều. Tuy nhiên về phương tiện công cộng thì khu vực dự án có kết nối tốt hơn so với vị trí của Phạm Văn Đồng ở HCM. Ý a là mình khảo sát thêm nhiều dự án và nh... by Unknown User"
BDS-CURATED-0234,Phú Quang khoảng 350m + Có 2 mặt tiếp xúc,reference_or_narrative,no,"Tên lấy từ câu mô tả vị trí/nội dung, không phải tên dự án","[2023-11-27] Trieu Nguyen-PTDT 11/27/2023 3:01 PM Edited KĐT gửi anh Tuan Tran-CEO báo cáo Thu gom quỹ đất thuộc phường Bình Chiểu, Thủ Đức, TPHCM: I/ Vị trí: + Khu đất có mặt tiền rộng khoảng 200m, tiếp giáp đường 4A đi ra hướng đường Ngô Chí Quốc và Quốc lộ 13 + Cách Dự án Phú Quang khoảng 350m + Có 2 mặt tiếp xúc"
BDS-CURATED-0195,The Sang Residence đang gần hoàn thành xây dựng với giá bán (58-68trđ/m2) với vị trí nằm sâu trong đường Phạm,reference_or_narrative,no,"Tên lấy từ câu mô tả vị trí/nội dung, không phải tên dự án",[2022-08-10] Quy Vo-PTDT 8/10/2022 10:54 AM Dự án The Sang Residence đang gần hoàn thành xây dựng với giá bán (58-68trđ/m2) với vị trí nằm sâu trong đường Phạm Kiệt và khoảng cách đi ra biển Mỹ Khê khoảng 1.2-1.4 km không lợi thế hơn so với dự án của mình. image by Unknown User
BDS-CURATED-0202,của mình nằm sát Khu CBD mới của Đà Nẵng và lợi thế nằm ngay đường Phạm Văn Đồng (có 4 mặt tiền,reference_or_narrative,no,"Tên lấy từ câu mô tả vị trí/nội dung, không phải tên dự án","[2022-08-10] Quy Vo-PTDT 8/10/2022 10:47 AM Vị trí dự án của mình nằm sát Khu CBD mới của Đà Nẵng và lợi thế nằm ngay đường Phạm Văn Đồng (có 4 mặt tiền, mặc dù bị khuyết 1 ô), cách bãi tắm biển Phạm Văn Đồng 500 mét (1 trong bãi biển đẹp nhất của Đà Nẵng). Đối với shophouse thì giá bán đang đề xuất ... by Unknown User"
BDS-CURATED-0174,này hiện đã thực hiện pháp lý đến giai đoạn cấp sổ đỏ riêng cho từng lô biệt thự Nhưng hiện tại,reference_or_narrative,no,"Tên lấy từ câu mô tả vị trí/nội dung, không phải tên dự án","[2022-08-10] Binh Vo-GD-PTDT 8/10/2022 4:40 PM Dự án này hiện đã thực hiện pháp lý đến giai đoạn cấp sổ đỏ riêng cho từng lô biệt thự Nhưng hiện tại, họ đang điều chỉnh lại qh 1... by Unknown User"
BDS-CURATED-0194,Swanbay 456ha hiện Dic đã chuyển nhượng lại các dự án thành phần cho các chủ đầu tư khác nên có nhiều dự án co,reference_or_narrative,no,"Tên lấy từ câu mô tả vị trí/nội dung, không phải tên dự án","[2023-06-05] Huy M - IM 6/5/2023 12:25 PM Bên dự án Swanbay 456ha hiện Dic đã chuyển nhượng lại các dự án thành phần cho các chủ đầu tư khác nên có nhiều dự án con. Bên Aqua cũng khá nhiều phân khu. Team thu thập giá các loại hình nhà phố, shophouse, villa. Ngày mai sẽ gửi tổng hợp so sánh báo cáo Tuấn nhé. ok by Unknown User"
BDS-CURATED-0205,khi thực hiện kcn phải san lấp thêm ở mức bao nhiêu nên cũng chưa ước tính chi phí san lấp cho dự án này,reference_or_narrative,no,"Tên lấy từ câu mô tả vị trí/nội dung, không phải tên dự án","[2023-06-16] Huy M - IM 6/16/2023 9:24 PM Edited Lúc đi vẫn chưa có thông tin cao độ về dự án khi thực hiện kcn phải san lấp thêm ở mức bao nhiêu nên cũng chưa ước tính chi phí san lấp cho dự án này. Nên chưa rõ lắm về chi phí 1.5 trđ Tuấn đang đề cập à image by Unknown User, has an attachment."
BDS-CURATED-0179,tuy đạt hiệu quả đầu tư về mặt tính toán nhưng sẽ bị vướng mắc về Pháp lý đất (đất SKC bị hết hạn,reference_or_narrative,no,"Tên lấy từ câu mô tả vị trí/nội dung, không phải tên dự án","[2024-12-06] Huy M - IM 12/6/2024 8:05 AM Translate Dự án tuy đạt hiệu quả đầu tư về mặt tính toán nhưng sẽ bị vướng mắc về Pháp lý đất (đất SKC bị hết hạn, không gia hạn được do không phù hợp quy hoạch=> bị thu hồi), dự án chưa được phê duyệt chủ chương đầu tư, Công ty Việt An chưa có QSDĐ hợp pháp nên sẽ có thể phải thực hiện đấu thấu. Chi tiết nội dung này phần đề xuất và báo cáo pháp lý dự án Nhờ a Nghiệp check ply a by Unknown User

---

[2024-12-06] Huy M - IM 12/6/2024 8:05 AM Translate Dự án tuy đạt hiệu quả đầu tư về mặt tính toán nhưng sẽ bị vướng mắc về Pháp lý đất (đất SKC bị hết hạn, không gia hạn được do không phù hợp quy hoạch=> bị thu hồi), dự án chưa được phê duyệt chủ chương đầu tư, Công ty Việt An chưa có QSDĐ hợp pháp nên"
BDS-CURATED-0198,cao tầng phải đầu tư 2–3 tầng hầm Trường hợp cần rà soát chi tiết và cập nhật chính xác hơn,reference_or_narrative,no,"Tên lấy từ câu mô tả vị trí/nội dung, không phải tên dự án","[2026-05-27] Admin 01 5/27/2026 4:35 PM Với chi phí dự phòng cũng cao hơn Về chi phí xây dựng: -Đối với khối cao tầng, hiện phương án thiết kế từ P.QH đang theo hướng tối ưu chi phí xây dựng, gồm: chỉ bố trí 01 tầng hầm và khối tháp cao khoảng 35–40 tầng, đồng thời sử dụng giải pháp để xe nổi. => Vì vậy, chi phí xây dựng dự kiến sẽ không quá nặng như các dự án cao tầng phải đầu tư 2–3 tầng hầm Trường hợp cần rà soát chi tiết và cập nhật chính xác hơn, P.ĐT sẽ phối hợp cung cấp thêm thông tin đầu vào để P.QS tính toán và cập nhật lại chi phí xây dựng cụ thể ạ Anh nghĩ nên tăng cp bán hàng đi, ngoài đảo... by Admin 01"
BDS-CURATED-0042,có mặt tiền rộng khoảng 100m ngay đường Nguyễn Hữu Thọ,reference_or_narrative,no,"Tên lấy từ câu mô tả vị trí/nội dung, không phải tên dự án","[2022-08-26] Trieu Nguyen-PTDT 8/26/2022 2:10 PM Edited Dear anh Tuan Tran-CEO, Anh Binh Vo-GD-PTDT và Mi đã gặp bên chào bán là công ty Anh Tuấn để lấy thông tin sơ bộ 2 dự án 3.4ha và 3ha, thông tin cụ thể: A/ Dự án 3.4ha tại đường Nguyễn Hữu Thọ, Nhà Bè, TPHCM có giá chào 589 tỷ (17tr/m2 đất): 1. Vị trí và hiện trạng: - Dự án có mặt tiền rộng khoảng 100m ngay đường Nguyễn Hữu Thọ, Nhà Bè, TPHCM, cách đường Nguyễn Văn Linh, Q7 khoảng 5km, cách trung tâm Q1 khoảng 11km, cách sân bay Tân Sơn Nhất khoảng 17km - Nằm đối diện dự án GS Metro City, cách dự án Zeitgeist khoảng 600m - Hiện trạng đất trống (theo quan sát vệ tinh), có chiều sâu so với đường Nguyễn Hữu Thọ khoảng 380m 2. Pháp lý đất: - Chưa có hồ sơ cụ thể - Bản vẽ hiện trạng: 34729m2 đất nông 3. Pháp lý đầu tư: chưa có 4. Pháp lý quy hoạch: - QH 1.2000: + Đất thương mại 793.62m2 (2.29%) + Đất chung cư: 22266.33m2 (64.11%), HSSD 3.85 - 4.93 lần, MĐXD 20%, 18 - 23 tầng cao, dân số 2448 + Hành lang điện: 74.07m2 (0.21%) + Đất giao thông: 11595m2 (33.39%) 5. Pháp lý xây dựng: Chưa có 6. Loại hình phát triển: Chung cư trung cao cấp - 1 sàn TMDV (giá thuê khoán $8/m2/tháng có VAT) và 26 căn shop thương mại (giá bán trung bình 70tr/m2 sàn thôn"
BDS-CURATED-0329,căn hộ cao cấp tại vị trí nghiên cứu là khả thi với mức giá đấu max 370 tr,reference_or_narrative,no,"Tên lấy từ câu mô tả vị trí/nội dung, không phải tên dự án","[] Phòng Đầu tư báo cáo CEO Mr Mike1 -CEO 2 khu đất thuộc trung tâm tài chính quốc tế Đà Nẵng đang kêu gọi nhà đầu tư như sau: 1. Vị trí: Theo đề án trung tâm tài chính quốc tế Đà Nẵng và báo cáo SXD Đà Nẵng, lô A12 và A14 được quy hoạch chức năng căn hộ cao cấp. Do đó, P.ĐT đề xuất nghiên cứu 2 lô đất này vì có tiềm năng mang lại lợi nhuận và dòng thu sớm nhất. 2. Thông tin 2 lô đất: - Lô A12: 7.633 m2, MĐXD 40-90%, 38 tầng - Lô A14: 10.327 m2, MĐXD 40 – 90%, 38 tầng. Dựa vào thông tin nghiên cứu, thông số quy hoạch (p.QLTK), giá bán (RnD) đề xuất 167tr/m2 gồm VAT thông thủy, Chi phí đầu tư xd all-in gồm VAT: 22.3tr/m2, Cp bán hàng 25%/doanh thu, P.ĐT tóm tắt hiệu quả tương ứng với các kịch bản đấu giá như sau: 3. Hiệu quả a) Lô A12: Trường hợp không vay tiền đất (100% vốn CSH đấu giá đất) - Giả định giá bán căn hộ: 150tr/m2: Để đảm bảo IRR 15% => Giá đấu giá max: 290 tr/m2 (tổng giá trị đất: 2.213 tỷ), LNTT/TMĐT: 35.8% - Giả định giá bán căn hộ: 167,4tr/m2 (phương án đề xuất của RnD) Để đảm bảo IRR 15% => Giá đấu giá max: 341tr/m2 (tổng giá trị đất: 2.603 tỷ), LNTT/TMĐT: 39.8% Trường hợp vay 50% tiền đất - Giả định giá bán căn hộ: 150tr/m2: Để đảm bảo IRR 15% => Giá đấu giá max: 307"
BDS-CURATED-0279,Phượng Hoàng theo Chính sách bán hàng mới từ Mr Cường (SM),reference_or_narrative,no,"Tên lấy từ câu mô tả vị trí/nội dung, không phải tên dự án","[2025-09-10] Thao L - INVT 9/10/2025 12:08 PM Translate K.ĐT báo cáo anh Mr Mike1 -CEO cập nhật hiệu quả đầu tư dự án Phượng Hoàng theo Chính sách bán hàng mới từ Mr Cường (SM) như sau: Đã thực hiện tính toán phương án độc lập để đối chiếu cùng với kết quả từ Ms.Hạnh – Phòng Đầu tư. Kết quả từ hai bên tương đương nhau, đảm bảo tính chính xác và đồng nhất của số liệu 1 Like reaction."
BDS-CURATED-0290,mình là đường ven biển rồi lên Cao Tốc ra Cảng Hải Phòng Anh vẽ cho em đường bộ và đường sông đi ra,reference_or_narrative,no,"Tên lấy từ câu mô tả vị trí/nội dung, không phải tên dự án",[2023-04-26] Huy M - IM 4/26/2023 10:30 AM Đường kết nối chính ra Hải Phòng từ dự án mình là đường ven biển rồi lên Cao Tốc ra Cảng Hải Phòng Anh vẽ cho em đường bộ và đường sông đi ra ... by Unknown User
BDS-CURATED-0175,này hồi xưa mình có thông tin nhưng sau đó đề xuất là không quan tâm sâu do có 2 nhược điểm lớn là,reference_or_narrative,no,"Tên lấy từ câu mô tả vị trí/nội dung, không phải tên dự án",[2023-09-07] Huy M - IM 9/7/2023 5:14 PM Dự án này hồi xưa mình có thông tin nhưng sau đó đề xuất là không quan tâm sâu do có 2 nhược điểm lớn là : Dự án làm khu cao tầng nhưng có khu mộ rất lớn ở sát ngây phía sau 2. Ngay phía trong ranh dự án quy hoạch có đường sắt cắt ngang qua chia làm 2 phần thì phần bên trong không tiếp cận được từ lối chính của dự án mà phải đi một lối khác và việc có đường sắt cắt ngang ngây chính giữa dự án sẽ gây ra tiếng ồn rất lớn. image by Huy M - IM
BDS-CURATED-0262,tiền M&A nên đang bị phẩn bổ khá nhiều thời gian cho phần phân tích các dự án tiền M&A này Begin quote,reference_or_narrative,no,"Tên lấy từ câu mô tả vị trí/nội dung, không phải tên dự án","[2022-08-22] Binh Vo-GD-PTDT 8/22/2022 2:49 PM do team đang tập trung làm phân tích nhanh các dự án tiền M&A nên đang bị phẩn bổ khá nhiều thời gian cho phần phân tích các dự án tiền M&A này Begin quote, Binh Vo-GD-PTDT, 8/22/2022 2:4... by Ngoc V - ASST."
BDS-CURATED-0108,Suối Nhum với giá 1180 tỷ theo hình thức chuyển nhượng 100% cổ phần cty với hiện trạng có Quy hoạch mới dự kiế,reference_or_narrative,no,"Tên lấy từ câu mô tả vị trí/nội dung, không phải tên dự án",[2022-08-30] Trieu Nguyen-PTDT 8/30/2022 6:29 PM Edited KĐT gửi anh Tuan Tran-CEO: Phía đối tác chào bán lại dự án Suối Nhum với giá 1180 tỷ theo hình thức chuyển nhượng 100% cổ phần cty với hiện trạng có Quy hoạch mới dự kiến được điều chịnh như sau: Kết quả bảng tính theo quy hoạch mới có IRR là 23.4% (đã dự tính đóng thêm tiền sử dụng đất được miển giảm 20% theo Bảng giá đất năm 2013 là 25 tỷ) => KĐT đề xuất xúc tiến làm việc với đối tác để nhận chuyển nhượng công ty sở hữu dự án
BDS-CURATED-0103,Hội An Riverside Resort & Spa theo Concept Lamanon và giá kinh doanh của anh David Cường cung cấp,reference_or_narrative,no,"Tên lấy từ câu mô tả vị trí/nội dung, không phải tên dự án","[] Phòng ĐT báo cáo Sếp Admin 01 về cập nhật FS dự án Hội An Riverside Resort & Spa theo Concept Lamanon và giá kinh doanh của anh David Cường cung cấp, như sau: 1/ Cơ cấu phòng: 125 phòng gồm 105 phòng khách sạn và 20 phòng Villa (không thay đổi) 2/ Suất đầu tư Chi phí đầu tư (gồm VAT) Tháng 4/2026 Tháng 12/2024 Suất vốn đầu tư /key 2,7 tỷ/key 2,3 tỷ/key Đơn giá All - in 17,8 tr/m2 15 tr/m2 Tổng chi phí đầu tư 377 tỷ đồng 303 tỷ đồng 3/Giá bán, tỷ lệ lấp đầy, chi phí vận hành: Giá kinh doanh Tháng 4/2026 Tháng 12/2024 Giá phòng khách sạn 2,97 triệu/phòng 2,7 triệu/phòng Giá phòng Villa 9,27 triệu/phòng 8 triệu/phòng Công suất 65%,70%,72%,80% 60%,65%,70%, 75%, 80% Doanh thu khác 31% 35% Giá bình quân 150 USD (tỷ giá 27.000 đồng) 4/Hiệu quả đầu tư Chỉ tiêu Tháng 4/2026 Tháng 12/2024 IRR 17.1% 17.1% NPV 75 tỷ đồng 104 tỷ đồng Thời gian hoàn vốn 7 năm 9 năm Do concept mới chưa có suất vốn đầu tư nên phòng đang tạm tính theo suất vốn chuẩn 5 sao mức đầu tư cao cấp ~ 2,7 tỷ/key và có tính độ nhạy hiệu quả thay đổi theo suất vốn đầu tư, như sau: Dựa vào bảng độ nhạy thì dự án đạt hiệu quả với giới hạn suất vốn đầu tư/key tối đa ~2,9 tỷ/key, tương đương với đơn giá xây dựng all-in khoảng 19 "
BDS-CURATED-0069,đã được chấp thuận đầu tư dự án và đã được gia hạn tiến độ 02 năm kể từ ngày được cấp phép xây dựng - Hiện chủ,reference_or_narrative,no,"Tên lấy từ câu mô tả vị trí/nội dung, không phải tên dự án","[] P.ĐT báo cáo anh Mr Mike1 -CEO về việc cập nhật hiệu quả tài chính và pháp lý dự án 2,3ha Bình Điền – Bình Chánh, sau khi phòng Pháp lý và phòng Quy hoạch gặp đối tác như sau: 1/ Vị trí: - Cách Chợ Đầu Mối Bình Điền khoảng 400m, cách ranh Quận 8 và huyện Bình Chánh khoảng 150m, cách UBND huyện Bình Chánh khoảng 3,2km, cách nút giao Vành Đai 2 - Nguyễn Văn Linh khoảng 2,2km - Tiềm năng trong tương lai: + Cách bến xe miền Tây mới khoảng 1,5km + Nằm giữa trung tâm lưu thông hàng hóa I (khu E -115ha) và trung tâm lưu thông hàng hóa II (khu D - 85ha) thuộc khu đô thị Phú Mỹ Hưng => Dự kiến 30/04/2025 hoàn tất việc giải phóng đền bù + Cách các nhà ga thuộc tuyến Metro line 7 trong bán kính 500m 2/ Pháp lý 2.1/ Phòng Pháp lý - Dự án đã được chấp thuận đầu tư dự án và đã được gia hạn tiến độ 02 năm kể từ ngày được cấp phép xây dựng - Hiện chủ đầu tư chưa thực hiện ký quỹ, dự án sẽ bị chấm dứt hoạt động nếu nhà đầu tư không ký quỹ hoặc không có bảo lãnh nghĩa vụ ký quỹ (mức ký quỹ là 1%/ Vốn đầu tư dự án) - Phối hợp đầu tư hạ tầng kỹ thuật và giao thông theo nguyên tắc 50 – 50 với công ty Phú Mỹ Lợi (dự án liền kề) - Tại thời điểm này, công ty Thuận Hưng quản lý sử dụng 02 vị trí đất và thự"
BDS-CURATED-0146,Holiday Beach tại Đà Nẵng đánh giá nhanh phương án vận hành khách sạn tạm thời trong thời gian ngắn,reference_or_narrative,no,"Tên lấy từ câu mô tả vị trí/nội dung, không phải tên dự án","[2024-09-14] Unknown User 9/14/2024 11:54 AM P.Đầu tư gửi anh Mr Mike1 -CEO Bảng tính toán hiệu quả dự án Holiday Beach tại Đà Nẵng đánh giá nhanh phương án vận hành khách sạn tạm thời trong thời gian ngắn: 1/ Các giả định trong bảng tính: + Doanh thu và chi phí hoạt động được căn cứ theo phương án kinh doanh của Mr. Cường – GM 📷 + … Phương án tạm tính bài toán đầu tư của HB 2 à K.ĐT báo cáo anh Mr Mike1 -CEO về thị... by Thao L - INVT, has an attachment.

---

[2024-09-14] Trieu Nguyen-PTDT 9/14/2024 11:54 AM Translate P.Đầu tư gửi anh Mr Mike1 -CEO Bảng tính toán hiệu quả dự án Holiday Beach tại Đà Nẵng đánh giá nhanh phương án vận hành khách sạn tạm thời trong thời gian ngắn: 1/ Các giả định trong bảng tính: + Doanh thu và chi phí hoạt động được căn cứ theo phương án kinh doanh của Mr. Cường – GM + Chi phi hoàn thiện công trình từ thời điểm hiện tại đến lúc hoạt động kinh doanh: 198 tỷ có VAT được cung cấp bởi phòng QS + Bảng tính không tính chi phí mua dự án đầu vào, chi phí hiện tại đã đầu tư vào công trình 524,8 tỷ (theo số liệu P. Tài chính cung cấp) + Bảng tính chưa tính toán các phần chi phí liên quan đến chi phí phạt, xử lý và khắc phục các sai phạm hiện có của công trình xây dựng. Hiện tại chưa ước tính được các chi phí phát sinh và các điều chỉnh giảm diện tích xây dựng và công năng hoạt động của công trình. => Do đó phương án đang tính toán là phương án lạc quan nhất về mặt chi phí và hiện trạng công trình 2/ Kết quả tính toán: + Phương án tạm khai thác 5 năm: NPV < - 50,78 tỷ , IRR 0,98% => Dự án không hiệu quả + Phương án tạm khai thác 7 năm: NPV < - 2,17 tỷ, IRR 10,69% => Dự án không hiệu quả + Phương án tạm khai thác 10 năm: NPV = 56,

---

[2024-09-14] Trieu Nguyen-PTDT 9/14/2024 11:54 AM Translate P.Đầu tư gửi anh Mr Mike1 -CEO Bảng tính toán hiệu quả dự án Holiday Beach tại Đà Nẵng đánh giá nhanh phương án vận hành khách sạn tạm thời trong thời gian ngắn: 1/ Các giả định trong bảng tính: + Doanh thu và chi phí hoạt động được căn cứ theo phương án kinh doanh của Mr. Cường – GM + Chi phi hoàn thiện công trình từ thời điểm hiện tại đến lúc hoạt động kinh doanh: 198 tỷ có VAT được cung cấp bởi phòng QS + Bảng tính không tính chi phí mua dự án đầu vào, chi phí hiện tại đã đầu tư vào công trình 524,8 tỷ (theo số liệu P. Tài chính cu"
BDS-CURATED-0479,hoàn chỉnh nút giao và nhánh nối xa lộ Hà Nội - vành đai 3,reference_or_narrative,no,"Tên lấy từ câu mô tả vị trí/nội dung, không phải tên dự án","[] Link https://tuoitre.vn/tp-hcm-se-lam-nut-g... by Unknown User Hoang V - IM 1/7 8:33 AM https://tuoitre.vn/tp-hcm-se-lam-nut-giao-go-cong-quy-mo-4-tang-20260106234016844.htm TP.HCM sẽ làm nút giao Gò Công quy mô 4 tầng - Tuổi Trẻ Online UBND TP.HCM vừa phê duyệt nhiệm vụ thiết kế thi công tuyển phương án kiến trúc nút giao Gò Công, thuộc dự án hoàn chỉnh nút giao và nhánh nối xa lộ Hà Nội - vành đai 3. Công trình được xác định là ... tuoitre.vn nút giao Gò Công - Ảnh 1. by Unknown User Hoang V - IM 1/7 8:33 AM Link https://www.youtube.com/shorts/liVPfOD... by Unknown User Hoang V - IM 1/7 8:41 AM https://www.youtube.com/shorts/liVPfODv51Y?feature=share - YouTube Enjoy the videos and music you love, upload original content, and share it all with friends, family, and the world on YouTube. www.youtube.com Ua3 là chỗ nào nào by Unknown User Mr Mike1 -CEO 1/7 8:53 AM Ua3 là chỗ nào nào Là tân vạn đó hã a by Unknown User Mr Mike1 -CEO 1/7 8:53 AM Là tân vạn đó hã a Chỗ này là gần Cầu Đồng Nai 2 mới được phê ... by Unknown User Hoang V - IM 1/7 8:53 AM Translate Chỗ này là gần Cầu Đồng Nai 2 mới được phê duyệt ah Sếp. gần Khu Nối từ Vin Grandpark qua Aqua City. by Unknown User Hoang V -

---

[] Wednesday, January 7 Link https://tuoitre.vn/tp-hcm-se-lam-nut-g... by Unknown User Hoang V - IM 1/7 8:33 AM https://tuoitre.vn/tp-hcm-se-lam-nut-giao-go-cong-quy-mo-4-tang-20260106234016844.htm TP.HCM sẽ làm nút giao Gò Công quy mô 4 tầng - Tuổi Trẻ Online UBND TP.HCM vừa phê duyệt nhiệm vụ thiết kế thi công tuyển phương án kiến trúc nút giao Gò Công, thuộc dự án hoàn chỉnh nút giao và nhánh nối xa lộ Hà Nội - vành đai 3. Công trình được xác định là ... tuoitre.vn nút giao Gò Công - Ảnh 1. by Unknown User Hoang V - IM 1/7 8:33 AM Link https://www.youtube.com/shorts/liVPfOD... by Unknown User Hoang V - IM 1/7 8:41 AM https://www.youtube.com/shorts/liVPfODv51Y?feature=share - YouTube Enjoy the videos and music you love, upload original content, and share it all with friends, family, and the world on YouTube. www.youtube.com Ua3 là chỗ nào nào by Unknown User Mr Mike1 -CEO 1/7 8:53 AM Ua3 là chỗ nào nào Là tân vạn đó hã a by Unknown User Mr Mike1 -CEO 1/7 8:53 AM Là tân vạn đó hã a Chỗ này là gần Cầu Đồng Nai 2 mới được phê ... by Unknown User Hoang V - IM 1/7 8:53 AM Translate Chỗ này là gần Cầu Đồng Nai 2 mới được phê duyệt ah Sếp. gần Khu Nối từ Vin Grandpark qua Aqua City. by U"
BDS-CURATED-0124,(giá bán quỹ đất bao gồm cam kết của đối tác sẽ hỗ trợ phần đất đi vào dự án) với chi phí làm đường là 1tr/m2,reference_or_narrative,no,"Tên lấy từ câu mô tả vị trí/nội dung, không phải tên dự án","[2022-09-26] Thao L - INVT 9/26/2022 5:31 PM Phương án tính toán: + Tiền chuyển mục đích sử dụng đất tạm tính là: 12tr/m2 cho phần đất thương phẩm (trừ NOXH, tính thoe phương pháp thặng dư, gấp 1.4 lần đơn giá nhà nước). + Khi đền bù giải phóng mặt bằng sẽ phải mua trọn thửa và có phần sẽ nằm ngoài ranh dự án. Tạm định giá đầu ra phần đất nông nghiệp nằm ngoài ranh dự án, được QH là đất ở với diện tích là 0,87ha với đơn giá là 14tr/m2. + Làm đường đi vào dự án (giá bán quỹ đất bao gồm cam kết của đối tác sẽ hỗ trợ phần đất đi vào dự án) với chi phí làm đường là 1tr/m2 cho 1,8ha diện tích làm đường. + Bảng cơ cấu đất: Hạng mục đất Diện tích đất (m2) Tỷ lệ đất (%) Đất ngoài ranh nghiên cứu 42,474.47 24.7% Đất cây xanh tập trung 5,512.00 3.2% Đất NN (QH đất ở hiện hữu chỉnh trang) 8,710.63 5.1% Đất giao thông ngoại khu 28,251.84 16.5% Đất trong ranh nghiên cứu 129,180.37 75.3% Nhóm đất ở thấp tầng 123,054.00 71.69% Đất ở Thương mại 12,305.40 7.17% Đất ở nội khu 36,916.20 21.51% NOXH 12,305.40 7.17% Cây xanh nội khu 2,461.08 1.43% Giao thông nội khu 57,589.27 33.55% Đất giáo dục 1,476.65 0.86% Đất giao thông phân khu vực 6,126.37 3.57% Tổng diện tích đất 171,654.84 100% Loại hình phát triển: + Nhà "
BDS-CURATED-0166,Sông Đà - Quốc Cường Gia Lai (Nguồn từ Mr Tiến R&D) có giá chào 6,reference_or_narrative,no,"Tên lấy từ câu mô tả vị trí/nội dung, không phải tên dự án","[] Báo cáo Sếp Admin 01 Admin 01 về dự án Sông Đà - Quốc Cường Gia Lai (Nguồn từ Mr Tiến R&D) có giá chào 6.500 tỷ đồng cho diện tích phù hợp QH 2,5ha ~ 259,5 tr/m2 đường Quốc Lộ 13, P.Hiệp Bình, Thủ Đức (cũ), như sau: 1/TỔNG QUAN VỊ TRÍ: link map Vị trí và Ranh dự án Sông Đà - Quốc Lộ 13 Mặt tiền Quốc lộ 13 tại TP.HCM cũ, gần Khu đô thị Vạn Phúc, có 1 mặt giáp Sông, kết nối thuận tiện với các khu vực trọng điểm như Sân bay Tân Sơn Nhất và Ngã tư Bình Triệu. 2/ THÔNG TIN QUY HOẠCH Thông số QH theo 1/2000 Và đối tác đang tính Thông số QH theo 1/2000"
BDS-CURATED-0132,Võ Văn Kiệt (Gộp 2 Lô) theo chỉ tiêu QH dự kiến điều chỉnh,reference_or_narrative,no,"Tên lấy từ câu mô tả vị trí/nội dung, không phải tên dự án","[] P.ĐT báo cáo Sếp Admin 01 về cập nhật DA Võ Văn Kiệt (Gộp 2 Lô) theo chỉ tiêu QH dự kiến điều chỉnh, như sau: 1. Quy hoạch: Những thay đổi chính trong PA QH mới: Hệ số tăng từ 13,7 lên 14,7 Tầng cao từ 30 lên 36 tầng Tăng 3.467 m2 sàn kinh doanh ~ tăng 19 căn, từ 833 lên 852, đồng thời Shop điều chỉnh thành 3 tầng. 2. Hiệu quả tài chính: Đơn giá xây dựng All-in vẫn giữ 21 tr/m2 (gồm VAT). Chi phí kinh doanh bán hàng 19%/Doanh thu. Giá bán căn hộ giảm từ 105 xuống còn 99 tr/m2 (gồm VAT), tương đương với giá 90 tr chưa VAT ~ 5 tỷ/căn 56 m2. Giá bán Shop giữ đơn giá tầng 1+2"
BDS-CURATED-0113,Westgate của AnGia – 38 tr/m2 (vị trí trung tâm Huyện Bình Chánh) + Thấp hơn mức giá trung bình của Akari – Na,reference_or_narrative,no,"Tên lấy từ câu mô tả vị trí/nội dung, không phải tên dự án","[2024-10-07] Huy M - IM 10/7/2024 8:30 AM Translate Hiện tại mình đang set giá bán chung cư hiện trạng là 42 tr/m2, lúc mở bán 46 tr/m2 (đã tăng 10% so với giá đề xuất năm 2023) và giá này: + Đang cao hơn 10% so với dự án Westgate của AnGia – 38 tr/m2 (vị trí trung tâm Huyện Bình Chánh) + Thấp hơn mức giá trung bình của Akari – Nam Long khoảng 10% - 44 – 50 tr/m2 (Vị trí và tiện ích của Akari có nhỉnh hơn mình một chút). Akari đang bán được giá cao một phần cũng do họ làm theo phong cách Nhật, diện tích trung bình 1 căn nhỏ. Điểm trừ lớn của dự án mình khiến không set giá Bán cao được là do theo QH 1.500 được duyệt từ năm 2008 diện tích trung bình 1 căn quá lớn lên tới 82 m2/căn (trung bình thị trường tầm 60 m2/căn) Về giá bán biệt thự mình đang bán 80 tr/m2, giá bán của khu bên trong dự án đang khoảng 60 tr/m2 Nên giá bán theo hiện trạng của dự án đang đề xuất cũng là ở mức phù hợp à. Ok a by Unknown User"
BDS-CURATED-0101,Cù lao Tân Vạn theo đơn giá bán (đất + nhà) trung bình dựa vào các loại hình do Mr,reference_or_narrative,no,"Tên lấy từ câu mô tả vị trí/nội dung, không phải tên dự án","[2025-05-06] Thao L - INVT 5/6/2025 5:36 PM Translate K.ĐT gửi anh Mr Mike1 -CEO cập nhật báo cáo dự án Cù lao Tân Vạn theo đơn giá bán (đất + nhà) trung bình dựa vào các loại hình do Mr. Lâm đề xuất như sau: 1. DOANH THU (THEO ĐỀ XUẤT MR. LÂM) - Đơn giá bán đất + nhà trung bình cho Biệt thự Đơn lập vị trí giáp sông/kênh: 100tr/m2 - Đơn giá bán đất + nhà trung bình cho Biệt thự Đơn lập vị trí phía trong: 90tr/m2 - Đơn giá bán đất + nhà trung bình cho Biệt thự Song lập: 85tr/m2 - Đơn giá bán đất + nhà trung bình cho Nhà liên kế: 95tr/m2 2. CHI PHÍ ĐẦU TƯ 3. CHI PHÍ HOẠT ĐỘNG VÀ CHI PHÍ LÃI VAY 4. HIỆU QUẢ ĐẦU TƯ Với đơn giá bán (đất + nhà) theo đề xuất của Mr. Lâm. Dự án có Tỷ suất LNTT/TMĐT= 30% 5. NHẬN ĐỊNH - Đơn giá bán đất + nhà trung bình được đề xuất theo PA của Mr. Lâm khi dự án: + Hoàn thiện pháp lý + Hoàn thiện hạ tầng kỹ thuật và hạ tầng xã hội để đủ điêu kiện bán hàng + Hòa thiện việc xây nhà + Thời gian dự kiến đủ điều kiện bán hàng toàn dự án là T9/2026 (hơn 1 năm nữa) Với giá Biệt thự song lập đang được đề xuất là 85tr/m2 vào thời điểm dự kiến T9/2026 sau khi đã hoàn thiện all hết các điều kiện hạ tầng, tiện ích.....như trên thì đang tương đương với Đơn giá bán 20 căn Biệt thự song"
BDS-CURATED-0196,Thông tin quyết định chủ trương đầu tư/pháp lý dự án/thông tin quy hoạch dự án - Thông tin đơn vị khác tham,reference_or_narrative,no,"Tên lấy từ câu mô tả vị trí/nội dung, không phải tên dự án","[] Phòng chuyên môn phụ trách đối ngoại xúc tiến gặp gỡ Sở Tài Chính/UBND tỉnh Đồng Nai để trao đổi và thu thập thông tin: - Hướng dẫn quy trình đăng ký thực hiện dự án - Thông tin quyết định chủ trương đầu tư/pháp lý dự án/thông tin quy hoạch dự án - Thông tin đơn vị khác tham quan tâm các dự án này - Các vấn đề liên quan đến ưu đãi trong triển khai NOXH, các xác định giá bán - Các thông tin khác phục vụ công tác phân tích đánh giá + Triển khai lập phương án liên danh với công ty/đối tác vì hiện tại công ty không đủ năng lực kinh nghiệm để tham gia - Với thời hạn tham gia đăng ký chỉ còn 31 ngày, đề xuất nhanh chóng nghiên cứu lập phương án liên danh với công ty/đối tác đã có kinh nghiệm đầu tư xây dựng, vận hành dự án nhà ở nhằm đảm bảo đáp ứng điều kiện về kinh nghiệm được nêu trong thông báo mời thầu. (hồ sơ đăng ký thực hiện dự án và những yêu cầu về tư cách hợp lệ, năng lực tài chính và kinh nghiệm thực hiện dự án được nêu chi tiết trong file đính kèm) 2025.03.27-Cac buoc trien khai noxh Dong Nai.pdf"
BDS-CURATED-0133,gộp 2 lô Võ Văn Kiệt theo thay đổi giá bán căn hộ và giá mua dự án,reference_or_narrative,no,"Tên lấy từ câu mô tả vị trí/nội dung, không phải tên dự án","[] Báo cáo Sếp Admin 01, bảng độ nhạy DA gộp 2 lô Võ Văn Kiệt theo thay đổi giá bán căn hộ và giá mua dự án: Theo bảng độ nhạy thì Với đơn giá bán căn hộ 90 tr/m2 thì giá mua dự án để hiệu quả IRR~ từ 15% là ở khung 260 tr đến 280 tr/m2 ~ 685 tỷ đến 738 tỷ đồng cho Lô A17-01 diện tích 2.635 m2. Ngoài ra, theo thông tin từ anh Tài thì tầng cao, hệ số, dân số của tổng hai lô theo chỉ tiêu mới đều tăng cao hơn trước đây. Hiện anh Tài đang tính toán lại phương án mới (có bố trí Shop 3-4 tầng theo gợi ý của Sếp), sau khi có PA từ anh Tài, chị sẽ cập nhật lại FS báo cáo lại à. Giá bán không trả được thấp vậy đâu. by Admin 01"
BDS-CURATED-0115,có tỷ lệ LNTT/TMDT đạt hiệu quả nhưng không đạt hiệu quả về chỉ tiêu IRR,reference_or_narrative,no,"Tên lấy từ câu mô tả vị trí/nội dung, không phải tên dự án","[2024-12-16] Huy M - IM 12/16/2024 5:49 PM Translate 8) Hiệu quả tài chính: • Lợi nhuận trước thuế/TMĐT: 24.1% • NPV chủ đầu tư: (20,637) • IRR chủ đầu tư: 11.68% 9) Kết luận: Dự án có tỷ lệ LNTT/TMDT đạt hiệu quả nhưng không đạt hiệu quả về chỉ tiêu IRR, NPV 10) Đề xuất: • Thị trường huyện Vĩnh Tường và Yên Lạc chưa phù hợp với việc phát triển trung tâm thương mại dịch vụ vì nhu cầu thị trường thấp, tính thanh khoản kém. Để dự án đạt hiệu quả hơn, K.ĐT đề xuất chuyển toàn bộ (hoặc đa phần) đất TMDV sang đất ở để tạo tính thanh khoản cao và phù hợp nhu cầu thị trường thực tế. Link vị trí: https://goo.gl/maps/eqfdgJBc7XT7VhAW8 Link hồ sơ: 50ha Vĩnh Phúc - OneDrive (sharepoint.com) Google Maps Tìm kiếm các doanh nghiệp địa phương, xem bản đồ và tìm chỉ đường trên Google Maps. goo.gl Image Vị trí dự án 50ha và vị trí dự án ... by Huy M - IM"
BDS-CURATED-0249,nghỉ dưỡng nghìn tỷ bà Trương Mỹ Lan từng thâu tóm Ngân hàng TMCP Công Thương Việt Nam - Chi nhánh Thủ Thiêm (,reference_or_narrative,no,"Tên lấy từ câu mô tả vị trí/nội dung, không phải tên dự án","[2024-06-02] Tuan Tran-CEO 6/2/2024 9:25 AM https://m.cafebiz.vn/ngan-hang-rao-ban-du-an-nghi-duong-nghin-ty-ba-truong-my-lan-tung-thau-tom-176240601115633272.chn?fbclid=IwZXh0bgNhZW0CMTEAAR0gCq068odDwfaVarWXMrVzKJsb5N8mA7iQBstez2vOEGsFuEzu6c2XlSg_aem_AcxQFSkDhP9A9hf7e1nWIyBRpzUs6iL9wF0qP3p0ABLJ4FzSDldhLOZLzi9adCYt-RhJ7elval4J1vy0KIB-0uoU Ngân hàng rao bán dự án nghỉ dưỡng nghìn tỷ bà Trương Mỹ Lan từng thâu tóm Ngân hàng TMCP Công Thương Việt Nam - Chi nhánh Thủ Thiêm (VietinBank Thủ Thiêm) vừa thông tin về việc tìm đơn vị bán đấu giá khoản nợ của Công ty Cổ phần Greenhill Village - doanh nghiệp thực hiệ... m.cafebiz.vn Dự án này trước họ rao 900ty đúng ko mng. L... by Unknown User

---

[2024-06-02] Tuan Tran-CEO 6/2/2024 9:25 AM https://m.cafebiz.vn/ngan-hang-rao-ban-du-an-nghi-duong-nghin-ty-ba-truong-my-lan-tung-thau-tom-176240601115633272.chn?fbclid=IwZXh0bgNhZW0CMTEAAR0gCq068odDwfaVarWXMrVzKJsb5N8mA7iQBstez2vOEGsFuEzu6c2XlSg_aem_AcxQFSkDhP9A9hf7e1nWIyBRpzUs6iL9wF0qP3p0ABLJ4FzSDldhLOZLzi9adCYt-RhJ7elval4J1vy0KIB-0uoU Ngân hàng rao bán dự án nghỉ dưỡng nghìn tỷ bà Trương Mỹ Lan từng thâu tóm Ngân hàng TMCP Công Thương Việt Nam - Chi nhánh Thủ Thiêm (VietinBank Thủ Thiêm) vừa thông tin về việc tìm đơn vị bán đấu giá khoản nợ của Công ty Cổ phần Greenhill Village - doanh ng"
BDS-CURATED-0388,tại 02 Tây Thạnh,reference_or_narrative,no,"Tên lấy từ câu mô tả vị trí/nội dung, không phải tên dự án","[] P.ĐT xin báo cáo Sếp Admin 01 về cập nhật thêm thông tin khu đất tại 02 Tây Thạnh, Tân Phú như sau: Diện tích đất : 11.221,7 m², đất ở lâu dài, mục đích sử dụng là đất sản xuất kinh doanh. Vị trí: Mặt tiền đường Tây Thạnh (dài khoảng 65m, lòng đường 16m, vỉa hè mỗi bên 8m). Nằm trong bán kính TOD metro số 2 (chưa xác định chính xác có thuộc ranh đền bù của dự án TOD). Cập nhật sang tên cá nhân ông Phạm Công Danh từ ngày 13/06/2006. Hiện Sacombank đang rao đấu giá xử lý nợ. Lịch sử các lần đưa ra đấu giá không thành: Cuối 2023 - Giữa 2024: Mức giá 508,56 tỷ đồng. Tháng 09/2024: Hạ xuống 483,13 tỷ đồng (giảm hơn 25 tỷ) Nửa đầu năm 2025 đến 2026: Đại hạ giá xuống mức 410 tỷ đồng (đơn giá đất khoảng 36,5 triệu/m²). Các rủi ro tiềm ẩn và hiện hữu đối với khu đất : Bẫy thuế TNCN và thủ tục hành chính: Quy chế đấu giá của Sacombank đẩy toàn bộ nghĩa vụ thuế chuyển nhượng (2% trên giá trị trúng đấu giá) sang cho người mua. Hồ sơ thuế yêu cầu chữ ký chính chủ, trong khi ông Phạm Công Danh đang thụ án tù, tạo ra điểm nghẽn hành chính giữa các cơ quan tư pháp => Khó có đất sạch sau khi bỏ tiền ra mua đất giá. Tranh chấp quyền sử dụng mặt bằng: Khu đất do Chi nhánh Công ty TNHH Tập đoàn Thái T

---

[] P.ĐT xin báo cáo Sếp Admin 01 về cập nhật thêm thông tin khu đất tại 02 Tây Thạnh, Tân Phú như sau: Diện tích đất : 11.221,7 m², đất ở lâu dài, mục đích sử dụng là đất sản xuất kinh doanh. Vị trí: Mặt tiền đường Tây Thạnh (dài khoảng 65m, lòng đường 16m, vỉa hè mỗi bên 8m). Nằm trong bán kính TOD metro số 2 (chưa xác định chính xác có thuộc ranh đền bù của dự án TOD). Cập nhật sang tên cá nhân ông Phạm Công Danh từ ngày 13/06/2006. Hiện Sacombank"
BDS-CURATED-0466,tiêu biểu và đang book lịch đi khảo sát thực tế thị trường về giá bán,reference_or_narrative,no,"Tên lấy từ câu mô tả vị trí/nội dung, không phải tên dự án","[] Dạ hiện P.ĐT và P.RD đã chốt các dự án tiêu biểu và đang book lịch đi khảo sát thực tế thị trường về giá bán, tỷ lệ lắp đầy, dịch vụ, tiện ích và phối kết hợp với phòng QH và QS để rà soát lại tỷ lệ thương phẩm, khối lượng và chi phí xây dựng ạ Check thêm về phía Long AN, bình dương nữa by Admin 01"
BDS-CURATED-0274,12ha đủ lớn để có thể địn hướng triển khai tiện ích cảnh quan,reference_or_narrative,no,"Tên lấy từ câu mô tả vị trí/nội dung, không phải tên dự án","[] Dạ nếu tính theo ranh địa lý hành chính cũ thì khu vực này vẫn thuộc Hồ Chí Minh ạ Sở dĩ giá bán này là vì team cũng đã cân nhắc về quy mô dự án 12ha đủ lớn để có thể địn hướng triển khai tiện ích cảnh quan, mảng xanh, cải tạo công viên bờ kênh, xây thêm cầu kết nối, yếu tố thời gian và những ý tưởng về các tiện ích mà dự án có thể mang lại cho cư dân."
BDS-CURATED-0381,NOXH đang đánh giá khoảng 15Km Trên dưới 20 Triệu/m2 Giá đất UBND MT đường DT742 5 Triệu/m2 Theo Tổng mức đầu,reference_or_narrative,no,"Tên lấy từ câu mô tả vị trí/nội dung, không phải tên dự án","[] P.ĐT khảo sát giá thị trường các sản phẩm xung quanh có thông tin như sau: Hạng Mục Đơn giá Giá đất ở ngoài KCN Vsip II 10 Triệu/m2 - 15 Triệu/m2 Giá đất KDC trong KCN Vsip II Trên dưới 15 Tr/m2 Giá căn hộ Tecco Felice (NOTM) Gần trung tâm Tp Tân Uyên, cách dự án NOXH đang đánh giá khoảng 15Km Trên dưới 20 Triệu/m2 Giá đất UBND MT đường DT742 5 Triệu/m2 Theo Tổng mức đầu tư ước tính từ suất vốn đầu tư của Bộ xây dựng để tính toán giá bán căn hộ nhà xã hội hiện nay, P.ĐT đánh giá: Giá căn hộ NOXH ước tính khoảng 23 Triệu/m2 - 25 Triệu/ m2 cao hơn 50%-60% giá đất ở KDC xung quanh dự án. Giá bán căn hộ NOXH gần tương đương với mức giá căn hộ Tecco Felice (NOTM) tại Tp.Tân Uyên. => Do đó, sản phẩm NOXH cho dự án đang đánh giá thực hiện là KHÔNG khả thi. KẾT LUẬN: Với các nội dung đánh giá và phân tích, P.ĐT đề xuất KHÔNG tiếp tục nghiên cứu 2 dự án trên. NOXH TÂN NHỰT, BÌNH CHÁNH - Google マイマップ NOXH TÂN NHỰT, BÌNH CHÁNH www.google.com Giá khu 2 này tính ra nhiu 1m by Unknown User"
BDS-CURATED-0445,của mình sẽ thực hiện đồng bộ theo hạ tầng của tỉnh Vậy cầu này làm để kết nói đường bộ ven biể,reference_or_narrative,no,"Tên lấy từ câu mô tả vị trí/nội dung, không phải tên dự án",[2023-04-26] Huy M - IM 4/26/2023 10:11 AM Tiến độ triển khai dự án của mình sẽ thực hiện đồng bộ theo hạ tầng của tỉnh Vậy cầu này làm để kết nói đường bộ ven biể... by Unknown User
BDS-CURATED-0237,chung cư nhiều nhưng số lượng dự án và thị trường thì thấy Đà Nẵng có vẻ sôi động hơn à Nhưng condotel ở Đà Nẵ,reference_or_narrative,no,"Tên lấy từ câu mô tả vị trí/nội dung, không phải tên dự án",[2024-10-25] Huy M - IM 10/25/2024 10:42 AM Translate Nha Trang thời gian vừa rồi mình cũng không nghiên cứu dự án chung cư nhiều nhưng số lượng dự án và thị trường thì thấy Đà Nẵng có vẻ sôi động hơn à Nhưng condotel ở Đà Nẵng thì giờ đang khá x... by Huy M - IM
BDS-CURATED-0222,trước năm 2024 đúng thật là thấy giá chung cư của HN thấy thấp hơn SG nếu nhìn vị trí có tính tương đương,reference_or_narrative,no,"Tên lấy từ câu mô tả vị trí/nội dung, không phải tên dự án",[2024-12-07] Huy M - IM 12/7/2024 1:56 PM Translate Mấy đợt đi HN khảo sát dự án trước năm 2024 đúng thật là thấy giá chung cư của HN thấy thấp hơn SG nếu nhìn vị trí có tính tương đương. Nay giá lại vượt SG. Vẫn còn 1 sản phẩm ở HN thấy giá thấp hơn HCM nữa là giá thuê Văn Phòng. Ko biết sắp tới có bị làn sóng đẩy lên ko.
BDS-CURATED-0247,lớn và có quy mô tương tự dự án Nghiên cứu (Dự án – Hùng Thắng 1,reference_or_narrative,no,"Tên lấy từ câu mô tả vị trí/nội dung, không phải tên dự án","[2022-10-01] Huy M - IM 10/1/2022 9:26 AM KĐT gửi CEO Tuan Tran-CEO kế hoạch đi khảo sát thị trường Quảng Ninh chi tiết như sau: Mục tiêu: Khảo sát thị trường Quảng Ninh, các dự án lớn và có quy mô tương tự dự án Nghiên cứu (Dự án – Hùng Thắng 1.7 ha) Thời gian: Ngày 3 – 5/11/2022 Nhân sự: Võ Bình – GĐ KĐT Mai Huy – TP ĐT Nguyễn Thanh Sơn - TP R&D Văn Đình Sơn – Trợ lý TGĐ KĐT trình CEO xét duyệt để triển khai các công tác liên quan. Ok by Unknown User"
BDS-CURATED-0228,=> Nên chưa đánh giá hiệu quả dự án theo yếu tố dòng tiền ** Link Drive,reference_or_narrative,no,"Tên lấy từ câu mô tả vị trí/nội dung, không phải tên dự án",[] Báo cáo này không đánh giá chi phí đầu vào bao gồm chi phí duy tu sửa chữa vì khách sạn đã không hoạt động trong giai đoạn dịch và chi phí mua dự án => Nên chưa đánh giá hiệu quả dự án theo yếu tố dòng tiền ** Link Drive: Dự án Regalia - OneDrive (sharepoint.com) ** Nguồn thông tin: chị Ngoc Vo-TL-TGD
BDS-CURATED-0245,hiện tại mình đang vận hành để xem thử mình có chi phí nào khác cần bổ sung không à,reference_or_narrative,no,"Tên lấy từ câu mô tả vị trí/nội dung, không phải tên dự án",[2025-04-08] Unknown User 4/8/2025 7:37 PM Hana Anh xin trao đổi thêm với chỗ chị Hana về giữa chỗ tỷ lệ GOP về tới EBITDA đối với các dự án hiện tại mình đang vận hành để xem thử mình có chi phí nào khác cần bổ sung không à. Đợt trước anh có xem thì thấy có dự án chênh lệch lớn nhưng cũng có cái chênh lệch nhỏ nên cũng chưa rõ bên mình có đặc thù gì khác ko à. Ok by Unknown User
BDS-CURATED-0296,thông qua đấu thầu nên khả năng cao chỉ thực hiện được chuyển nhượng thông qua hình thức mua cổ phần nên,reference_or_narrative,no,"Tên lấy từ câu mô tả vị trí/nội dung, không phải tên dự án","[2025-06-26] Unknown User 6/26/2025 5:11 PM Ủa ổn quá kìa. Ủa mình mua lại vậy đc tính vào chi phí ko Vì NOXH là hình thức cũng đặc thù và dự án thông qua đấu thầu nên khả năng cao chỉ thực hiện được chuyển nhượng thông qua hình thức mua cổ phần nên chi phí sẽ không được tính à P.Đầu tư gởi thêm hồ sơ mời quan tâm của 2 ... by Khoa L - INVT, has attachments.

---

[2025-06-26] Unknown User 6/26/2025 5:11 PM Ủa ổn quá kìa. Ủa mình mua lại vậy đc tính vào chi phí ko Vì NOXH là hình thức cũng đặc thù và dự án thông qua đấu thầu nên khả năng cao chỉ thực hiện được chuyển nhượng thông qua hình thức mua cổ phần nên chi phí sẽ không được tính à P.Đầu tư gởi thêm hồ sơ mời quan tâm của 2 ... by K

---

[2025-06-26] Unknown User 6/26/2025 5:11 PM Ủa ổn quá kìa. Ủa mình mua lại vậy đc tính vào chi phí ko Vì NOXH là hình thức cũng đặc thù và dự án thông qua đấu thầu nên khả năng cao chỉ thực hiện được chuyển nhượng thông qua hình thức mua cổ phần nên"
BDS-CURATED-0278,Khu nhà ở công nhân và chuyên gia tại xã Nhơn Trạch của Công ty TNHH Vạn Phúc,reference_or_narrative,no,"Tên lấy từ câu mô tả vị trí/nội dung, không phải tên dự án","[] P.ĐT báo cáo Sếp Mr Mike1 -CEO về Dự án Khu nhà ở công nhân và chuyên gia tại xã Nhơn Trạch của Công ty TNHH Vạn Phúc như sau: I. ĐÁNH GIÁ THÔNG TIN CHUNG DỰ ÁN Vị trí: Đường Ngô Gia Tự, Xã Nhơn Trạch, Tỉnh Đồng Nai Tọa độ google map: 10.721592, 106.892393"
BDS-CURATED-0280,Phượng Hoàng theo Chính sá… Vậy chốt PkD phương án này đi Ok Sếp,reference_or_narrative,no,"Tên lấy từ câu mô tả vị trí/nội dung, không phải tên dự án",[2025-09-10] Thao L - INVT 9/10/2025 12:08 PM K.ĐT báo cáo anh Mr Mike1 -CEO cập nhật hiệu quả đầu tư dự án Phượng Hoàng theo Chính sá… Vậy chốt PkD phương án này đi Ok Sếp. Anh sẽ báo lại A Cường. by Huy M - IM
BDS-CURATED-0239,chợ lớn có khi phải điều chỉnh ranh Dự án Chợ Lớn đang làm quy hoạch anh Tài đã có cập nhật ranh Metro vào rồi,reference_or_narrative,no,"Tên lấy từ câu mô tả vị trí/nội dung, không phải tên dự án",[2024-11-25] Unknown User 11/25/2024 4:30 PM Làm nổi thì chắc dự án chợ lớn có khi phải điều chỉnh ranh Dự án Chợ Lớn đang làm quy hoạch anh Tài đã có cập nhật ranh Metro vào rồi à image by Huy M - IM
BDS-CURATED-0297,thương hiệu Trump đầu tiên tại Việt Nam - Tuổi Trẻ Online Chiều 21-5,reference_or_narrative,no,"Tên lấy từ câu mô tả vị trí/nội dung, không phải tên dự án","[2025-05-25] Huy M - IM 5/25/2025 4:39 PM https://tuoitre.vn/thu-tuong-cung-ong-eric-khoi-cong-du-an-thuong-hieu-trump-dau-tien-tai-viet-nam-20250521175920379.htm Thủ tướng cùng ông Eric khởi công dự án thương hiệu Trump đầu tiên tại Việt Nam - Tuổi Trẻ Online Chiều 21-5, Thủ tướng Phạm Minh Chính dự lễ khởi công dự án khu phức hợp đô thị, du lịch sinh thái và sân golf Khoái Châu (dự án Trump International Hưng Yên). tuoitre.vn Image by Huy M - IM"
BDS-CURATED-0269,được tính bằng cách lấy tổng doanh thu trừ các chi phí vận hành trực tiếp (như chi phí phòng,reference_or_narrative,no,"Tên lấy từ câu mô tả vị trí/nội dung, không phải tên dự án","[2025-06-29] Thao L - INVT 6/29/2025 4:35 PM EBITDA được tính bằng cách lấy tổng doanh thu trừ các chi phí vận hành trực tiếp (như chi phí phòng, F&B, điện, nước…) để ra GOP (47% - tỷ lệ Mr. David đề xuất). Từ GOP, tiếp tục trừ chi phí quản lý, chi phí khác… (chiếm khoảng 8% - tỷ lệ"
BDS-CURATED-0243,của Novaland được tháo gỡ liên quan đến Waterbay và Lakeview theo NQ 170 của Quốc Hội Liên quan đến vấn đề giả,reference_or_narrative,no,"Tên lấy từ câu mô tả vị trí/nội dung, không phải tên dự án",[2025-02-28] Huy M - IM 2/28/2025 11:55 AM Translate Thực hiện chỉ đạo của CEO trong công tác đào tạo nội bộ. P.ĐT sáng nay có thực hiện trao đổi về case của 2 Dự án của Novaland được tháo gỡ liên quan đến Waterbay và Lakeview theo NQ 170 của Quốc Hội Liên quan đến vấn đề giải quyết vướng mắc c... by Huy M - IM
BDS-CURATED-0310,thì cách tiếp cận sẽ khác so với các PA ban đầu,reference_or_narrative,no,"Tên lấy từ câu mô tả vị trí/nội dung, không phải tên dự án","[] Thao L - INVT 6/2 4:17 PM Edited Translate Với mục đích rao bán toàn dự án thì cách tiếp cận sẽ khác so với các PA ban đầu, P.ĐT sẽ kết hợp P.RD đang nghiên cứu thị trường để phù hợp hơn Sau khi có báo cáo của RD, P.ĐT sẽ tính toán và báo lại liền ạ"
