curated_id,project_name,labeled_items,unclassified_items
BDS-CURATED-0011,12ha KDC Vĩnh Phú gần Phú Quang,12,11
BDS-CURATED-0001,31 Trần Não,20,66
BDS-CURATED-0068,Đông Trung,1,0
BDS-CURATED-0009,Stown Gateway có quy mô 8816m2 tại hẻm Quốc lộ 13,8,15
BDS-CURATED-0007,Holiday Beach,15,41
BDS-CURATED-0020,gồm Chung cư cao tầng gồm 02 Hầm + 02 tầng Khối đế + 26 tầng căn hộ (trong đó căn hộ NOXH chiếm 20% tổng số că,10,26
BDS-CURATED-0022,"Dự án 353 Nơ Trang Long, Bình Thạnh",5,0
BDS-CURATED-0014,KDC Long Phước có quy mô 18ha tại Phường Long Phước,4,14
BDS-CURATED-0016,Trần Hưng Đạo,5,8
BDS-CURATED-0018,chung cư tại Tân Bình,5,15
BDS-CURATED-0052,Bãi Kèo Phú Quốc,11,24
BDS-CURATED-0019,"Dự án 1,2 ha đường Thuận An Hóa, Thuận An",5,9
BDS-CURATED-0010,"Khu đất 1,7 ha đường Hoàng Quốc Việt, Hạ Long",7,13
BDS-CURATED-0033,Quỹ đất 2.316 ha phía Nam Nhơn Trạch,19,21
BDS-CURATED-0041,chung cư Thành Lộc với tổng diện tích đất phù hợp quy hoạch để thực hiện dự án là 8,4,9
BDS-CURATED-0024,ở khu vực gần đó đã được duyệt giá đất (như Emerald 2,11,13
BDS-CURATED-0057,Khu trung tâm tòa nhà hỗn hợp thương mại,2,11
BDS-CURATED-0063,chung cư trên quy đất này có thể theo 2 hướng,5,8
BDS-CURATED-0002,Chung cư Đỗ Xuân Hợp,13,9
BDS-CURATED-0314,Lô đất Phú Thọ Hòa Tân Phú,17,38
BDS-CURATED-0040,"Dự án 2,3 ha Bình Điền, Bình Chánh",5,13
BDS-CURATED-0030,"Khu đất 2,6 ha mặt tiền Song Hành XLHN, Thủ Đức",3,8
BDS-CURATED-0026,KĐT Trấn Biên (thuộc KCN Biên Hòa 1) đang tổ chức đấu giá tại Đồng Nai,6,22
BDS-CURATED-0060,Phú Quang,23,26
BDS-CURATED-0039,Võ Văn Kiệt) cố định ~ 190 tr/m2,12,28
BDS-CURATED-0066,khu tổ hợp văn phòng cho thuê,2,2
BDS-CURATED-0027,Long Thuận Long Phước Quận 9 10ha,12,18
BDS-CURATED-0056,Khu nhà ở Đại Quang Minh,3,12
BDS-CURATED-0013,Hermes Power 1,7,12
BDS-CURATED-0047,2769m2 tại Đà Nẵng,5,6
BDS-CURATED-0035,Chung cư Minh Ngọc tại đường CMT8,2,11
BDS-CURATED-0313,H2-02,22,21
BDS-CURATED-0082,Khu Đô Thị Mới Bắc Quán Hành - Quán Hành - Nghi Lộc - Nghệ An,1,4
BDS-CURATED-0058,Khu Đô Thị Mới Hậu Nghĩa - Đức Hòa,0,6
BDS-CURATED-0008,NOXH khu vực Nhơn Trạch,7,16
BDS-CURATED-0112,Dự án Vương Bảo Long,0,1
BDS-CURATED-0065,khu nhà ở Lộc Phú Gia với tổng diện tích đất thực hiện dự án là 690,6,11
BDS-CURATED-0090,khu nhà ở Tân Mai (thuộc danh sách dự kiến đấu giá tại Đồng Nai 2026) A) Thông tin chung,4,9
BDS-CURATED-0021,the Bale tại Phan Thiết,7,10
BDS-CURATED-0161,Bà Kèo theo Quy hoạch 1/500 cũ (100% thấp tầng),4,3
BDS-CURATED-0036,Chung cư Trường Thịnh,1,7
BDS-CURATED-0005,cao tầng Icon Plaza,5,10
BDS-CURATED-0067,là 30,0,2
BDS-CURATED-0025,Chung cư Võ Thị Sáu,0,8
BDS-CURATED-0003,Chưa đặt tên,2,40
BDS-CURATED-0037,Green Hill tại Quy Nhơn,5,18
BDS-CURATED-0078,KCN Thái Hòa – Liễn Sơn – Liên Hòa - Khu vực 1 (284 ha) thuộc địa phận các xã,0,0
BDS-CURATED-0029,Khu đất 197 Lê Văn Sỹ,6,3
BDS-CURATED-0324,Văn phòng tại khu đất 72-74 Võ Thị Sáu,6,5
BDS-CURATED-0141,"Khu đất 1,6 ha Phan Văn Hớn, Quận 12",1,4
BDS-CURATED-0051,8029 m2 tại Mỹ Phước - Tân Vạn,2,2
BDS-CURATED-0083,Khu đô thị mới Bắc Quán Hành tại thị trấn Quán Hành,2,9
BDS-CURATED-0006,chung cư Thuận Nghiệp - DT743C,13,10
BDS-CURATED-0114,có tiềm năng để phát triển Dự án Khu đô thị,2,1
BDS-CURATED-0315,48 Nguyễn Thiện Thuật,11,28
BDS-CURATED-0050,728 Cách Mạng Tháng 8 Tổng mức đầu tư (Chưa VAT),10,14
BDS-CURATED-0100,Cù Lao Tân Vạn – Centria Island (nguồn,1,3
BDS-CURATED-0017,Urban Green / Bình Thái,3,5
BDS-CURATED-0061,VEN SÔNG HÀN,0,3
BDS-CURATED-0089,"KDC Tam Phước 4,9 ha, Biên Hòa",0,5
BDS-CURATED-0031,nhà ở lực lượng vũ trang nhân dân Quận 12,12,15
BDS-CURATED-0098,đấu giá 77ha,15,18
BDS-CURATED-0048,4ha Thị xã Phú Mỹ với tổng diện tích đất thực hiện dự án là 4,6,10
BDS-CURATED-0317,Khu gia đình quân nhân quân chủng PK-KQ (8,10,9
BDS-CURATED-0129,Phú Quang khoảng 350m + Có 2 mặt tiếp xúc kênh rạch II/ Kết nối giao thông đến dự án,0,1
BDS-CURATED-0087,Văn phòng tại khu đất 197 Lê Văn Sỹ,2,2
BDS-CURATED-0139,này có các vấn đề pháp lý chưa rõ và cần Phòng pháp lý dự án đánh giá chi tiết,3,2
BDS-CURATED-0012,Diamond Garden Đào Trí Phú Thuận,5,10
BDS-CURATED-0104,IDEO CHANRAN 70 RIVERVIEW nằm trên đường Charan Sanit Wong,0,12
BDS-CURATED-0079,KDC Minh Hưng tại xã Minh Hưng,2,1
BDS-CURATED-0085,Toàn Thịnh Phát tại Bãi Trường,2,1
BDS-CURATED-0123,được chuyển tiếp từ kế hoạch 2025 và có bổ sung thêm những khu đất tiềm năng khác,0,0
BDS-CURATED-0096,"Dự án Victory Hoàn Cầu, Bình Chuẩn, Thuận An",2,3
BDS-CURATED-0054,Căn hộ Dịch vụ Quận 2 (1,0,4
BDS-CURATED-0091,khách sạn cạnh TMS với giá chào là 650tr/m2 tại 290 Võ Nguyên Giáp,7,4
BDS-CURATED-0095,thuộc trường hợp giao đất không thông qua đấu giá quyền sử dụng đất - Hồ sơ pháp lý,3,3
BDS-CURATED-0072,132 $/phòng/đêm 145,3,4
BDS-CURATED-0126,Anantara Mũi Né Resort,3,4
BDS-CURATED-0055,DKC ARITA TWIN TOWER 1,1,3
BDS-CURATED-0316,kế bên DA Võ Văn Kiệt,12,25
BDS-CURATED-0142,được tính tiền sử dụng đất theo phương pháp thặng dự,3,1
BDS-CURATED-0147,Khu chung cư và văn phòng An Phú,0,0
BDS-CURATED-0107,"Khu đất Ngô Chí Quốc, Bình Chiểu, Thủ Đức",0,0
BDS-CURATED-0109,Thanh Đa,1,10
BDS-CURATED-0028,Thủ Đức Living,4,14
BDS-CURATED-0135,nhà ở xã hội UBND Đồng Nai mời quan tâm đấu thầu,2,6
BDS-CURATED-0105,"KCN Nghĩa Sơn, Nghĩa Hưng, Nam Định",4,3
BDS-CURATED-0044,thấp tầng SADACO – Phú Mỹ,6,11
BDS-CURATED-0023,đấu giá 102ha,8,8
BDS-CURATED-0046,"Khu đất 2.769 m² Hoàng Sa, Đà Nẵng",6,9
BDS-CURATED-0120,"12 lô đất Sun Group – KĐT ven sông Hòa Xuân, Đà Nẵng",0,0
BDS-CURATED-0032,sẽ mất 1 năm để xử lý các vấn đề liên quan khoản nợ đang trong DATC,7,9
BDS-CURATED-0074,Cát Lái - Sky Habitat,12,18
BDS-CURATED-0151,THEO PHƯƠNG ÁN KINH DOANH ANH CƯỜNG – TMĐT Ko bao gồm ĐẤT Kết quả kinh doanh – PA vận hành 15 năm + GOP bình q,6,5
BDS-CURATED-0045,từ đường Đặng Văn Trơn và giá chào đã bao gồm phần đất này,6,10
BDS-CURATED-0331,Felicia Đà Nẵng,3,3
BDS-CURATED-0168,chỉ mới trong giai đoạn pháp lý đền bù GPMB thì được xem là quỹ đất và được định giá lại theo phương thức giá,0,19
BDS-CURATED-0351,thấp tầng Phú An Hội giáp mặt tiền Tôn Đức Thắng (25B),2,19
BDS-CURATED-0070,(Chi phí đất,4,4
BDS-CURATED-0318,1ha Sơn Trà,21,17
BDS-CURATED-0034,Bãi Container & Dịch vụ Cảng (Diện tích 31 ha) với giá chào 2 trđ/m2 tại Phước Hòa,1,0
BDS-CURATED-0053,Chen Sea 3,0,0
BDS-CURATED-0075,Cảng Sài Gòn – Thép Việt,1,0
BDS-CURATED-0015,NOXH khu vực Phước An,7,6
BDS-CURATED-0097,Khu du lịch TMDV Quất Lâm 7 ha và CCN Giao Tiến 50 ha,0,0
BDS-CURATED-0149,Masteri An Phú - Masteri Thảo Điền - The Vista tăng 40-50% giá trị chỉ trong 3 tháng ) 🎉 Nếu lấy sàn thứ 2 (70,0,9
BDS-CURATED-0116,cơ bản đạt hiệu quả tài chính,2,0
BDS-CURATED-0110,Thuận Nghiệp ở Dĩ An,0,1
BDS-CURATED-0004,Trần Đức 1 2.8ha Thuận Giao,11,19
BDS-CURATED-0062,chung cư cao cấp THAT 1,1,5
BDS-CURATED-0092,không đạt hiệu quả tài chính,8,2
BDS-CURATED-0266,Đà Nẵng thì liên hệ A Tịnh,0,0
BDS-CURATED-0343,Hoàng Cát Center có quy mô 7,0,11
BDS-CURATED-0081,KHU ĐÔ THỊ MỚI G1,0,1
BDS-CURATED-0347,chung cư Hòa Xuân,1,10
BDS-CURATED-0334,chung cư Hải Sơn có diện tích đất 8,1,3
BDS-CURATED-0043,Khu đất mặt tiền Ngô Chí Quốc gần Phú Quang,11,18
BDS-CURATED-0137,này --- [] Monday,0,0
BDS-CURATED-0212,này hiện chỉ đóng tiền sử dụng đát trên diện tích đất xây dựng thay vì diện tích đất toàn khu đối với toàn khu,0,0
BDS-CURATED-0225,đấu thầu,2,4
BDS-CURATED-0064,khu dân cư cao tầng Ngọc Hồi với tổng diện tích đất thực hiện dự án là 24,2,8
BDS-CURATED-0093,không đạt hiệu quả tài chính với giá chào chuyển nhượng là 280 tỷ đồng (chưa bao gồm tiền CMĐSDĐ) - Để dự án đ,6,5
BDS-CURATED-0176,này nhé,0,0
BDS-CURATED-0162,Cù lao Tân Vạn với 02 nội dung,0,8
BDS-CURATED-0131,Swan Park và Swan Bay,1,0
BDS-CURATED-0236,THTT,0,0
BDS-CURATED-0340,Văn phòng – An Phú,5,1
BDS-CURATED-0153,căn hộ Đức Long Western Park Dự án Đức Long Western Park tại quận Bình Tân,0,0
BDS-CURATED-0209,là 300 tỷ - Độ nhạy Lợi nhuận trước thuế / Tổng mức đầu tư của dự án với 2 biến số,1,1
BDS-CURATED-0211,nhà ở thương mại thông qua thỏa thuận về nhận quyền sử dụng đất hoặc đang có quyền sử dụng đất để thể chế hóa,0,0
BDS-CURATED-0327,Bale tại Mũi Né,5,12
BDS-CURATED-0188,Hoà Xuân 15h by Unknown User,0,0
BDS-CURATED-0339,Richland,6,14
BDS-CURATED-0200,Cảng tổng hợp và container Cái Mép Hạ,0,3
BDS-CURATED-0258,quy mô trên 1000 ha trước khi Nova bị mất thanh khoản định xúc tiến ở Bà Rịa,0,0
BDS-CURATED-0298,trong kế hoạch đấu giá năm 2026 trên địa bàn tỉnh Đồng Nai,0,0
BDS-CURATED-0145,High và West của LDG (nguồn từ anh Dũng),0,10
BDS-CURATED-0155,"KCN Liễu Sơn – Thái Hòa 1, Vĩnh Phúc",0,0
BDS-CURATED-0257,"Khu đất Phú Thọ Hòa, Tân Phú",0,0
BDS-CURATED-0156,"Khu đất 10.052,1 m² tại 1691/3N",0,0
BDS-CURATED-0337,Felicia,3,8
BDS-CURATED-0361,Khu Công Nghiệp Và Khu Phi Thuế Quan Xuân Cầu tại Khu Cảng Cửa Ngõ Quốc Tế Lạch Huyện,0,1
BDS-CURATED-0192,Phú Gia Khiêm về việc điều chỉnh chỉ tiêu dân số,0,0
BDS-CURATED-0321,~38ha,7,19
BDS-CURATED-0143,đạt hiệu quả LNTT/TMĐT ~ >=20% ở khung từ giá bán bình quân chưa VAT đạt từ 75 triệu/m2 trở lên chi phí đầu tư,8,5
BDS-CURATED-0144,đạt tỷ lệ LNTT/TMĐT 15% ~ 290 tỷ đồng ~ đơn giá 137,11,3
BDS-CURATED-0071,(FS),2,21
BDS-CURATED-0326,(GỒM VAT) – 4,8,35
BDS-CURATED-0049,54ha liền kề sân bay Phan Thiết có giá chào 860-900 tỷ,4,1
BDS-CURATED-0102,Hải Âu tại Bãi Trường,2,1
BDS-CURATED-0319,chung cư Hòa Xuân (A2-3 & A2-4) 1,8,8
BDS-CURATED-0154,"Dự án 1,2 ha đường Thuận An Hòa, An Phú",0,0
BDS-CURATED-0117,"Quỹ đất Tân Hiệp, Long Thành, Đồng Nai",0,0
BDS-CURATED-0216,phân lô bán nền (không xây nhà) giá rẻ ở Nhơn Trạch,2,0
BDS-CURATED-0122,tuy có bãi biển đẹp,0,0
BDS-CURATED-0359,Đặng Văn Bi + Vị trí,1,7
BDS-CURATED-0073,AK (2025)~ 4,5,9
BDS-CURATED-0160,Asia Phú Mỹ – Bình Chánh (dự án do anh Hiếu-GĐPL giới thiệu) 1,0,0
BDS-CURATED-0086,Urban Green,0,0
BDS-CURATED-0210,mình khảo sát ở kcn Vĩnh Phúc khi bay flycam thì thấy hiện trạng là đất lúa xen kẽ nhiều nhà dân và có các đồi,0,0
BDS-CURATED-0214,này image by Huy M - IM,0,0
BDS-CURATED-0252,này sao tiền sử dụng đất cao vậy Dự án được tính tiền sử dụng đất theo phươn,0,0
BDS-CURATED-0267,đang ở giai đoạn đ,2,1
BDS-CURATED-0268,đang ở giai đoạn đóng tiền sử dụng đất,0,0
BDS-CURATED-0182,(1) chưa có chủ trương đầu tư (Điểm cộng để xin thí điểm) + (2) dự án chưa đăng ký ngay đợt đầu như PGK nên sợ,0,0
BDS-CURATED-0185,Anantara tham chiếu theo Phú Hải,1,8
BDS-CURATED-0323,Hội An Riverside Resort & Spa,15,22
BDS-CURATED-0354,KĐT An Phú – PG (nguồn từ Ý-Pháp Chế) 1,2,1
BDS-CURATED-0088,cao tầng tại Trung tâm Quận 9 (TPHCM) với quy mô 3,1,5
BDS-CURATED-0330,gồm,11,11
BDS-CURATED-0218,rà soát và làm rõ các điểm pháp lý sau,0,0
BDS-CURATED-0272,ở khu Long Phước,0,0
BDS-CURATED-0158,1 - Lợi nhuận trước thuế/TMĐT 22,2,12
BDS-CURATED-0332,168ha gần Khu Đa,2,3
BDS-CURATED-0077,Hoa viên Vĩnh Thanh sau khi có Thông số từ P,6,7
BDS-CURATED-0335,khá cao cấp),3,9
BDS-CURATED-0254,này với các điều kiện sau,0,0
BDS-CURATED-0177,phân lô bán nền 4,0,0
BDS-CURATED-0309,thành phần lô A2-3 Hòa Xuân,0,0
BDS-CURATED-0220,triển khai chi tiết,0,0
BDS-CURATED-0226,đối diện hiện tại là giá chào của khách lẻ,1,0
BDS-CURATED-0229,ANANTARA THAM CHIẾU THEO DỰ ÁN PHÚ HẢI Bảng so sánh,0,0
BDS-CURATED-0076,Giá bán đề xuất,2,4
BDS-CURATED-0232,IDEO cách trung tâm Bangk,0,0
BDS-CURATED-0189,IDEO cách trung tâm Bangkok khoảng 6-7Km và gần sông Chao Phraya,0,0
BDS-CURATED-0084,"Khách sạn 5 sao 12 Hùng Vương, Đà Lạt",0,0
BDS-CURATED-0305,Minh Ngọc,0,0
BDS-CURATED-0234,Phú Quang khoảng 350m + Có 2 mặt tiếp xúc,0,0
BDS-CURATED-0195,The Sang Residence,0,1
BDS-CURATED-0287,cùng phân khúc rẻ nhất Q9 Kiếm các dự án ở khu Long Phước,0,0
BDS-CURATED-0202,của mình nằm sát Khu CBD mới của Đà Nẵng và lợi thế nằm ngay đường Phạm Văn Đồng (có 4 mặt tiền,0,0
BDS-CURATED-0246,khu đô thị dọc theo Me,0,0
BDS-CURATED-0172,làm KCN tại huyện Nghĩa Hưng Khảo sát vị trí hiện trạng,0,0
BDS-CURATED-0174,này hiện đã thực hiện pháp lý đến giai đoạn cấp sổ đỏ riêng cho từng lô biệt thự Nhưng hiện tại,0,0
BDS-CURATED-0227,ạ! Về phần diện tích đất cũng same same với nh,0,0
BDS-CURATED-0336,(VAT),11,16
BDS-CURATED-0363,43ha - Dự án Tân phú,3,4
BDS-CURATED-0150,Richland Quận 9,0,0
BDS-CURATED-0194,SwanBay 456 ha,0,0
BDS-CURATED-0348,du lịch tại Mũi Né,3,6
BDS-CURATED-0370,khác đang triển khai như Stown,1,9
BDS-CURATED-0173,mình lên gia tăng hiệu quả đầu tư vì không tốn thêm bộ máy vận hành,0,0
BDS-CURATED-0253,này thì phải Các dự án quy mô trên 1000 ha trước khi Nov,0,0
BDS-CURATED-0255,nêu trên (QĐ 789 cho khu đất 2,0,0
BDS-CURATED-0320,thay đổi khi thay đổi giá mua dự án và giá bán căn hộ,8,11
BDS-CURATED-0344,KCN Phước An tại xã Phước An,0,0
BDS-CURATED-0409,NOXH Đồng Nai (2 dự án trung tâm Biên Hòa)1,1,3
BDS-CURATED-0242,của Nova đang khởi công trở lại nhưng vẫn chưa bán hàng ah,0,0
BDS-CURATED-0205,khi thực hiện kcn phải san lấp thêm ở mức bao nhiêu nên cũng chưa ước tính chi phí san lấp cho dự án này,0,1
BDS-CURATED-0208,không khả thi với bất kỳ giá mua nào Begin quote,2,6
BDS-CURATED-0357,là 547 tỷ,4,1
BDS-CURATED-0251,này là mình vào xây dựng được liền Nó đã bán hơn 200 nền,0,0
BDS-CURATED-0219,sẽ được cải thiện hơn,0,0
BDS-CURATED-0179,tuy đạt hiệu quả đầu tư về mặt tính toán nhưng sẽ bị vướng mắc về Pháp lý đất (đất SKC bị hết hạn,0,0
BDS-CURATED-0038,Hoa viên Vĩnh Thanh tại đường nhánh của đường DT19,1,6
BDS-CURATED-0198,cao tầng phải đầu tư 2–3 tầng hầm Trường hợp cần rà soát chi tiết và cập nhật chính xác hơn,0,0
BDS-CURATED-0042,có mặt tiền rộng khoảng 100m ngay đường Nguyễn Hữu Thọ,4,19
BDS-CURATED-0256,nếu vùng đất thấp phải san lấp thêm nữa thì đơn giá 250,0,2
BDS-CURATED-0223,xung quanh,1,2
BDS-CURATED-0360,đang vận hành có hệ số nén 0,6,8
BDS-CURATED-0365,Khu du lịch,3,3
BDS-CURATED-0282,Võ Văn Kiệt – Gộp 2 lô,0,1
BDS-CURATED-0111,Vì 2 vấn đề trên,3,3
BDS-CURATED-0217,Dự án phân lô Long Phước (ViệtNhân1234 / Blue Diamond Riverside),0,0
BDS-CURATED-0259,tham gia để đánh giá thêm về chuyên mô á Sếp,0,3
BDS-CURATED-0301,tại Đà Lạt vào ngày 09-11,0,0
BDS-CURATED-0099,50ha thuộc huyện Vĩnh Tường – Yên Lạc,2,1
BDS-CURATED-0322,Hải Nhân,8,23
BDS-CURATED-0346,cao tầng với tổng diện tích đất dự án là 10,2,5
BDS-CURATED-0329,căn hộ cao cấp tại vị trí nghiên cứu là khả thi với mức giá đấu max 370 tr,15,22
BDS-CURATED-0356,là 300 tỷ * Giải thích hệ số sử dụng đất càng cao (từ 3,3,1
BDS-CURATED-0106,KDC An Tôn theo 02 phương án quy hoạch,5,16
BDS-CURATED-0080,KHU DU LỊCH SINH THÁI BIỂN CAO CẤP LẠC VIỆT,0,1
BDS-CURATED-0233,Khu đô thị Bắc Quán Hành tại thị trấn Quán Hành,0,0
BDS-CURATED-0366,Phú Gia Khiêm,16,21
BDS-CURATED-0235,Sơn xdung đưa ở DT743 đó,0,0
BDS-CURATED-0308,Vương Bảo Long,0,0
BDS-CURATED-0285,bị Phốt nhiều à Vậy bỏ qua cái Đức Long nha by Unknown User,0,2
BDS-CURATED-0325,chung cư Việt An,4,11
BDS-CURATED-0288,của Nova đang khởi công t,0,1
BDS-CURATED-0244,của mình sẽ thực h,0,0
BDS-CURATED-0289,hiệu quả IRR đạt 10%,2,1
BDS-CURATED-0206,khác đang mở bán trên thị trường,0,0
BDS-CURATED-0207,khách sạn Đông Á Premier tại số 186/14 Hùng Vương,0,0
BDS-CURATED-0290,mình là đường ven biển rồi lên Cao Tốc ra Cảng Hải Phòng Anh vẽ cho em đường bộ và đường sông đi ra,0,0
BDS-CURATED-0175,này hồi xưa mình có thông tin nhưng sau đó đề xuất là không quan tâm sâu do có 2 nhược điểm lớn là,0,0
BDS-CURATED-0358,này nằm trong KCN Thái Hòa-Liễn Sơn-Liên Hòa Khu vực II Vị trí KCN,0,1
BDS-CURATED-0293,này sau phải tăng chi phí này lên by Unknown User,1,0
BDS-CURATED-0294,nên Nova buộc dừng thi công toàn bộ & bị khủng hoảng,0,0
BDS-CURATED-0262,tiền M&A nên đang bị phẩn bổ khá nhiều thời gian cho phần phân tích các dự án tiền M&A này Begin quote,0,0
BDS-CURATED-0372,trong Khu Công Nghiệp tỉnh Vĩnh Phúc,0,1
BDS-CURATED-0264,với A Sơn Trợ lý sau đó sẽ báo cáo BLĐ tính khả thi của dự án,0,0
BDS-CURATED-0224,đang vận hành của Tập đoàn là 5% -8%,1,0
BDS-CURATED-0303,được xác định bằng giá vốn ban đầu,1,0
BDS-CURATED-0349,hiệu quả với tỷ lệ LNTT/TMĐT từ > 12% là từ 90 triệu đồng/m2,4,0
BDS-CURATED-0375,đã và đang thực hiện trên BCTC,1,1
BDS-CURATED-0125,53ha đấu thầu tại đường Thăng Long,1,2
BDS-CURATED-0380,Hoàng Cát Center,2,6
BDS-CURATED-0108,Dự án Suối Nhum,2,4
BDS-CURATED-0341,khách sạn Đông Á Premier tại Phường Lộc Thọ,5,7
BDS-CURATED-0157,trên có diện tích hơn 77ha,0,0
BDS-CURATED-0362,386 ha là 84,8,11
BDS-CURATED-0414,Võ Văn Kiệt,0,1
BDS-CURATED-0369,cũng 42 tr/m2,0,3
BDS-CURATED-0140,thuộc QH hiện hữu là ô phố I82b (16,2,2
BDS-CURATED-0352,tọa lạc,0,1
BDS-CURATED-0152,chưa phê duyệt quyết định/ chấp thuận chủ trương đầu tư,0,0
BDS-CURATED-0383,gộp là 1,0,0
BDS-CURATED-0479,hoàn chỉnh nút giao và nhánh nối xa lộ Hà Nội - vành đai 3,0,0
BDS-CURATED-0119,kết nối vào quỹ đất,3,4
BDS-CURATED-0342,Bất động sản khảo sát,0,0
BDS-CURATED-0333,Phượng Hoàng,7,31
BDS-CURATED-0124,(giá bán quỹ đất bao gồm cam kết của đối tác sẽ hỗ trợ phần đất đi vào dự án) với chi phí làm đường là 1tr/m2,1,4
BDS-CURATED-0128,Parklane,2,0
BDS-CURATED-0203,du lịch sinh thái nghỉ dưỡng giải trí núi Chứa Chan với giá khoảng 1,0,3
BDS-CURATED-0178,tuy nhiên,1,0
BDS-CURATED-0159,Aqua city của Novaland đã được tháo gỡ vướng mắc về pháp lý,0,0
BDS-CURATED-0127,Khách sạn,2,7
BDS-CURATED-0166,Sông Đà - Quốc Cường Gia Lai (Nguồn từ Mr Tiến R&D) có giá chào 6,2,2
BDS-CURATED-0169,có vị trí tại phường An Bình,0,0
BDS-CURATED-0417,khách sạn Dự án Holiday,0,0
BDS-CURATED-0386,này không,0,0
BDS-CURATED-0215,phân lô ( ko xây nhà) nào đang rẻ nhất 1 Like reaction,0,0
BDS-CURATED-0389,đấu thầu tại Đà Nẵng,0,0
BDS-CURATED-0378,Aqua City và Swan Bay,0,1
BDS-CURATED-0394,Long Tân đến nay là khoảng 871 tỷ,1,3
BDS-CURATED-0132,Võ Văn Kiệt (Gộp 2 Lô) theo chỉ tiêu QH dự kiến điều chỉnh,2,3
BDS-CURATED-0368,có vị trí gần với Fenica và Phú Gia Khiêm,0,0
BDS-CURATED-0415,hạ tầng kết nối lớn tại các tỉnh thành lân cận,1,0
BDS-CURATED-0385,là KCN,0,1
BDS-CURATED-0400,sẽ bắt đầu từ quý 4-2026 đến năm 2029,0,0
BDS-CURATED-0428,Đầu tư xây dựng đường Cao tốc TP,0,3
BDS-CURATED-0148,"Lô đất mặt tiền Quốc lộ 13, Hiệp Bình Phước",0,3
BDS-CURATED-0113,Westgate của AnGia – 38 tr/m2 (vị trí trung tâm Huyện Bình Chánh) + Thấp hơn mức giá trung bình của Akari – Na,3,7
BDS-CURATED-0240,càng tốt ạ Vì luật hiện nay vẫn quy định đơn giá ko dc,0,0
BDS-CURATED-0399,này by Huy M - IM,1,0
BDS-CURATED-0373,đầu tư xây dựng Cao ốc căn hộ Hạnh Phúc,0,3
BDS-CURATED-0180,đạt hiệu quả với giá mua dự án ở khoảng 17 triệu đồng/m2 ~ ngưỡng giá mua dự án 520 tỷ đồng,3,3
BDS-CURATED-0432,35ha 1,0,0
BDS-CURATED-0184,50ha ở Vĩnh Yên,0,0
BDS-CURATED-0391,53ha Đà Nẵng),3,9
BDS-CURATED-0101,Cù lao Tân Vạn theo đơn giá bán (đất + nhà) trung bình dựa vào các loại hình do Mr,5,4
BDS-CURATED-0197,Với phương án của mình trước là làm phân kh,1,0
BDS-CURATED-0134,không đạt hiệu quả ạ Begin quote,6,2
BDS-CURATED-0181,"Khu đất đấu thầu Nhơn Trạch, Đồng Nai",0,0
BDS-CURATED-0183,(pháp lý,0,0
BDS-CURATED-0231,Hội An Riverside có nhiều khả năng thay đổi concept,0,0
BDS-CURATED-0355,Phụ trách Lâm Đồng và P,0,0
BDS-CURATED-0196,Thông tin quyết định chủ trương đầu tư/pháp lý dự án/thông tin quy hoạch dự án - Thông tin đơn vị khác tham,0,0
BDS-CURATED-0444,của DIG rồi ạ Begin quote,0,0
BDS-CURATED-0133,gộp 2 lô Võ Văn Kiệt theo thay đổi giá bán căn hộ và giá mua dự án,9,4
BDS-CURATED-0387,sau này chỉ có đấu thầu,0,1
BDS-CURATED-0376,đầu tư,0,0
BDS-CURATED-0390,168ha gần Khu Đa Phước - OneDrive (sharepoint,0,0
BDS-CURATED-0187,Cát Lái từ P,0,0
BDS-CURATED-0364,KDC Đại Nam,0,3
BDS-CURATED-0115,có tỷ lệ LNTT/TMDT đạt hiệu quả nhưng không đạt hiệu quả về chỉ tiêu IRR,2,0
BDS-CURATED-0249,nghỉ dưỡng nghìn tỷ bà Trương Mỹ Lan từng thâu tóm Ngân hàng TMCP Công Thương Việt Nam - Chi nhánh Thủ Thiêm (,0,0
BDS-CURATED-0136,này,0,2
BDS-CURATED-0138,này Ok by Admin 01,0,2
BDS-CURATED-0388,Khu đất 02 Tây Thạnh,0,5
BDS-CURATED-0374,đã có sổ riêng từng nền,1,0
BDS-CURATED-0164,Khu Đô Thị Văn Giang (Red River Villa) tại Hưng Yên,0,2
BDS-CURATED-0412,Swanbay 456ha hiện Dic đã chuyển,0,0
BDS-CURATED-0170,do mình có điều chỉnh qh 1/500,0,2
BDS-CURATED-0384,hiện tại là 28,2,3
BDS-CURATED-0416,khác Team cũng có đánh giá lại theo giá thị trường,1,1
BDS-CURATED-0118,không đạt hiệu quả tài,5,5
BDS-CURATED-0263,trên có diện tích,0,0
BDS-CURATED-0270,Khu đất đấu thầu 386 ha Nhơn Trạch,0,0
BDS-CURATED-0186,CCN Giao Yến cũng đang ở bước đầu xin dự án,0,0
BDS-CURATED-0353,Fenica,4,13
BDS-CURATED-0382,"SADACO - Phú Mỹ""",0,0
BDS-CURATED-0121,trong thời gian khai thác kinh doanh,0,1
BDS-CURATED-0265,Đà Nẵng,0,0
BDS-CURATED-0405,Diamond Island Q,0,2
BDS-CURATED-0408,NOXH của Công ty Ba Huân,0,0
BDS-CURATED-0193,Regalia Gold Nha Trang,0,0
BDS-CURATED-0480,không với những hạn chế ở trên,0,0
BDS-CURATED-0420,mở bán mới/dự kiến ở thị trường HCM,0,6
BDS-CURATED-0371,nữa Tính ra thì đúng là như vậy,0,1
BDS-CURATED-0466,tiêu biểu và đang book lịch đi khảo sát thực tế thị trường về giá bán,0,0
BDS-CURATED-0430,định giá Link vị trí,0,0
BDS-CURATED-0392,600 tỷ,1,4
BDS-CURATED-0379,Fenica (16%),2,3
BDS-CURATED-0163,KDC,0,16
BDS-CURATED-0274,12ha đủ lớn để có thể địn hướng triển khai tiện ích cảnh quan,0,0
BDS-CURATED-0377,Ana Mandara Villas Dalat Resort & Spa,0,1
BDS-CURATED-0476,Hiyori e đang tổng hợp thông tin,0,1
BDS-CURATED-0381,NOXH đang đánh giá khoảng 15Km Trên dưới 20 Triệu/m2 Giá đất UBND MT đường DT742 5 Triệu/m2 Theo Tổng mức đầu,1,8
BDS-CURATED-0395,Phú Đông premier gần PH đang bán giá 37 39,1,3
BDS-CURATED-0443,của DIG,0,0
BDS-CURATED-0445,của mình sẽ thực hiện đồng bộ theo hạ tầng của tỉnh Vậy cầu này làm để kết nói đường bộ ven biể,0,0
BDS-CURATED-0421,này dự kiến 2026 sẽ bắt đầu ra tin à image by Huy M - IM,0,0
BDS-CURATED-0473,đề xuất quan tâm theo file đính kèm,0,0
BDS-CURATED-0401,📷 2,0,0
BDS-CURATED-0434,Aeon Mall hơn 6,0,2
BDS-CURATED-0276,Cát Lái,0,2
BDS-CURATED-0406,KDC Đại Nam T01,0,4
BDS-CURATED-0165,NOXH sẽ giúp tạo thương hiệu tích cực cho công ty trên thị trường,2,2
BDS-CURATED-0413,Vignette Collection đến Hội An Khách sạn Moire Hội An,0,0
BDS-CURATED-0199,cao tầng với,0,0
BDS-CURATED-0237,chung cư nhiều nhưng số lượng dự án và thị trường thì thấy Đà Nẵng có vẻ sôi động hơn à Nhưng condotel ở Đà Nẵ,0,0
BDS-CURATED-0441,cập nhật chốt xin giữ dân số cho PGK là 3800,0,0
BDS-CURATED-0171,dự kiến hợp tác vs,0,0
BDS-CURATED-0446,gần 11,0,3
BDS-CURATED-0448,hơn 72,0,2
BDS-CURATED-0213,này hiện đã thực hiện pháp lý đến gia,0,1
BDS-CURATED-0455,này luôn nhé,0,0
BDS-CURATED-0461,này đã có đánh giá báo cáo Sếp trước đây rồi à,0,0
BDS-CURATED-0422,nằm ở vị trí quỹ đất còn nhiều,0,0
BDS-CURATED-0462,phát triển nhà ở kết họp TOD,0,1
BDS-CURATED-0423,phân lô (,0,1
BDS-CURATED-0424,phía Bắc,0,0
BDS-CURATED-0222,trước năm 2024 đúng thật là thấy giá chung cư của HN thấy thấp hơn SG nếu nhìn vị trí có tính tương đương,0,0
BDS-CURATED-0273,ở vị trí khác nên phương án kinh doanh đưa lên không còn chính xác,0,0
BDS-CURATED-0402,31 Trần Não – PA4,3,3
BDS-CURATED-0403,31 ha,0,0
BDS-CURATED-0201,cần kiểm tra lại QH 1,0,0
BDS-CURATED-0094,không đạt được hiệu quả với NPV,12,29
BDS-CURATED-0247,lớn và có quy mô tương tự dự án Nghiên cứu (Dự án – Hùng Thắng 1,0,0
BDS-CURATED-0425,team đã đi khảo sát,0,0
BDS-CURATED-0228,=> Nên chưa đánh giá hiệu quả dự án theo yếu tố dòng tiền ** Link Drive,0,0
BDS-CURATED-0393,Cty Định Giá Việt,1,2
BDS-CURATED-0190,"Khách sạn 25 Trần Phú, Đà Lạt",0,3
BDS-CURATED-0396,a có trao đổi về việc,3,1
BDS-CURATED-0238,chưa bàn giao nên chưa dc vào ở à,0,0
BDS-CURATED-0367,có một số hạn chế như,5,1
BDS-CURATED-0245,hiện tại mình đang vận hành để xem thử mình có chi phí nào khác cần bổ sung không à,0,0
BDS-CURATED-0221,triển khai chưa mng Team đã trao đổi với A Sơn Trợ lý để lên list các dự án này à,0,0
BDS-CURATED-0271,ở Thái à Bên Thái tuần này đang trong thời gian nghỉ,0,0
BDS-CURATED-0431,3047583976353865173,0,0
BDS-CURATED-0404,Begin quote,0,1
BDS-CURATED-0435,Green Hill 2054482750212548727,0,0
BDS-CURATED-0191,Nguyễn Thiện Thuật và Đoàn Trần Nghiệp - Nha Trang,0,0
BDS-CURATED-0410,PGK,0,3
BDS-CURATED-0296,thông qua đấu thầu nên khả năng cao chỉ thực hiện được chuyển nhượng thông qua hình thức mua cổ phần nên,0,0
BDS-CURATED-0470,xung quanh do phòng R&D tổng hợp,0,0
BDS-CURATED-0472,đã xong phần đất,0,0
BDS-CURATED-0278,Khu nhà ở công nhân và chuyên gia tại xã Nhơn Trạch của Công ty TNHH Vạn Phúc,0,0
BDS-CURATED-0418,k… Gửi lại độ nhạy,0,0
BDS-CURATED-0299,trên đã có các nhà đàu tư đăng ký tham gia đấu thầu,0,0
BDS-CURATED-0312,đã được đưa vào danh sách thí điểm 171 Số thự tự 41,0,0
BDS-CURATED-0248,lớn xảy ra sai phạm nghiêm trọng trong quản lý đất đai của tỉnh Đồng Nai,0,0
BDS-CURATED-0261,thì khả năng cao dự án không phải nộp thêm ạ,0,0
BDS-CURATED-0275,Aqua thì hiện nay Nova đang dừng triển khai ở dự án này,0,0
BDS-CURATED-0436,Greenhill Village … 03,0,0
BDS-CURATED-0230,HLW - Merryaland 1,0,0
BDS-CURATED-0306,Ngọc Hồi Thanh Trì,0,0
BDS-CURATED-0439,Phú Gia Khiêm và Phú Quang,0,0
BDS-CURATED-0411,Serene Đà Nẵng với những nội dung sau,0,3
BDS-CURATED-0283,by Huy M - IM,0,0
BDS-CURATED-0284,bên mình đã đang follow nha a Huy Mai-PTDT Anh đã share hồ sơ cho em rồi nha,0,0
BDS-CURATED-0286,chợ lớn có khi phải điều chỉnh ranh Begin quote,0,0
BDS-CURATED-0239,chợ lớn có khi phải điều chỉnh ranh Dự án Chợ Lớn đang làm quy hoạch anh Tài đã có cập nhật ranh Metro vào rồi,0,0
BDS-CURATED-0241,có giá vốn đất thấp trong khi hệ số cao (trên 11 chấm),0,0
BDS-CURATED-0440,cùn,0,0
BDS-CURATED-0442,của BeeGroup Begin quote,0,0
BDS-CURATED-0204,dự kiến hợp tác vs park hyatt,0,0
BDS-CURATED-0398,hiện tại,1,0
BDS-CURATED-0449,khu vực phía Bắc theo chỉ đạo của Anh Tâm,0,0
BDS-CURATED-0450,khác với tỷ lệ,0,0
BDS-CURATED-0451,lớn thì gần như sẽ phải đấu t,0,0
BDS-CURATED-0419,lớn thì gần như sẽ phải đấu thầu,0,0
BDS-CURATED-0453,nhiều và phân mảng,0,0
BDS-CURATED-0454,nào mà đóng tssđ hàng năm nó cứ t,0,0
BDS-CURATED-0250,nào mà đóng tssđ hàng năm nó cứ tăng hàng năm nữa,0,0
BDS-CURATED-0291,này hồi xưa mình có thông tin nhưng s,0,0
BDS-CURATED-0292,này nha anh Cái này phải đi khảo sát địa hình,0,0
BDS-CURATED-0456,này nha by Unknown User,0,0
BDS-CURATED-0457,này thì chuyển cho anh Tâm nên K,0,0
BDS-CURATED-0458,này trước họ rao 900ty đúng ko mng,0,0
BDS-CURATED-0459,này đâu có cái nào mình nghiên,0,0
BDS-CURATED-0460,này đâu có cái nào mình nghiên cứu ta Bên Mr,0,0
BDS-CURATED-0463,quy nhơn nha 1 Heart reaction,0,0
BDS-CURATED-0464,rồi,0,0
BDS-CURATED-0465,thì 120 -130 ạ 31 là kích thước sao nhỉ by Admin 01,0,0
BDS-CURATED-0297,thương hiệu Trump đầu tiên tại Việt Nam - Tuổi Trẻ Online Chiều 21-5,0,0
BDS-CURATED-0467,triển khai,0,0
BDS-CURATED-0300,tuy đạt hiệu quả đầu tư về mặt tính t,0,0
BDS-CURATED-0468,tại các tỉnh phía Bắc,0,0
BDS-CURATED-0469,vào list theo dõi,0,0
BDS-CURATED-0471,à Begin quote,0,0
BDS-CURATED-0269,được tính bằng cách lấy tổng doanh thu trừ các chi phí vận hành trực tiếp (như chi phí phòng,1,0
BDS-CURATED-0474,để nuôi sale nên chốt mua luôn ạ,0,0
BDS-CURATED-0475,📄 File,0,0
BDS-CURATED-0407,Khu Chung Cư & Văn Phòng An Phú 2,0,0
BDS-CURATED-0295,sẽ hơi nhiều gốc cạnh sau khi ráp 2 miếng vào,0,0
BDS-CURATED-0397,căn hộ Đức Long Wes,0,2
BDS-CURATED-0243,của Novaland được tháo gỡ liên quan đến Waterbay và Lakeview theo NQ 170 của Quốc Hội Liên quan đến vấn đề giả,0,0
BDS-CURATED-0277,Gladia heights dự kiến triển khai trong 2026 này,0,2
BDS-CURATED-0437,Holiday Beach - 14,0,0
BDS-CURATED-0438,IRR thấp hơn ạ,1,0
BDS-CURATED-0307,Parklane P,0,0
BDS-CURATED-0477,chư by Admin 01,0,1
BDS-CURATED-0478,cần bố trí khoảng xanh,0,0
BDS-CURATED-0447,hay VP,0,0
BDS-CURATED-0452,một lần,0,0
BDS-CURATED-0481,nha em,0,0
BDS-CURATED-0310,thì cách tiếp cận sẽ khác so với các PA ban đầu,0,0
BDS-CURATED-0311,thì họ sẽ làm như thế nào Huy M - IM Rồi anh tính phương án thử by Admin 01,0,0
BDS-CURATED-0426,và thị trường khu vực,0,0
