project_id,project_name,source_chat,source_message_link,source_excerpt,status,priority,province_city,district,ward,address,latitude,longitude,map_url,land_area_m2,gross_floor_area_m2,saleable_area_m2,project_type,land_type,planned_land_use,max_floors,far,building_density_pct,population,planning_source,planning_checked_at,legal_status,legal_notes,asking_land_price_total,asking_land_price_per_m2,expected_product_selling_price_per_m2,expected_product_selling_price_note,total_land_cost,total_development_cost_ex_land,total_project_cost,total_revenue,gross_profit,gross_margin_pct,profit_per_land_m2,residual_land_value_total,residual_land_value_per_m2,irr_pct,payback_months,key_risks,next_actions,owner,created_at,updated_at
BDS-TEAMS-0001,Kinh Đô / TP Thủ Đức 5.1ha,Bee || Phân Tích Đầu Tư,,Attachment: 23.12.11_DA 5.1ha_Kinh Do-TP.ThuDuc-3.700 nguoi.pdf,checking_planning,high,TP.HCM,TP Thủ Đức,,, ,,,51000,,,other,,, ,,,3700,,,unknown,Preliminary from filename only; PDF content not parsed yet,,,,,,,,,,,,,,Parse PDF; geocode exact address; fetch planning and market price,,2026-07-21,2026-07-21,,,
BDS-TEAMS-0002,Diamond Garden,Bee || Phân Tích Đầu Tư,,Attachment: Báo cáo FS Diamond Garden— 12_6_2026 1.pdf,underwriting,high,,,,,,,,,,,other,,,,,,,,unknown,FS report attachment found; needs parse,,,,,,,,,,,,,,Download/parse FS PDF; extract cost revenue hiệu quả,,2026-07-21,2026-07-21,,,,
BDS-TEAMS-0003,120 Đặng Văn Bi Thủ Đức,Bee || Phân Tích Đầu Tư,,"Attachment: 22052026_R&D_120 Đặng Văn Bi, Thủ Đức.pdf",screening,high,TP.HCM,TP Thủ Đức,,120 Đặng Văn Bi Thủ Đức,,,,,,,other,,,,,,,,unknown,R&D attachment found; needs parse,,,,,,,,,,,,,,Download/parse PDF; fetch planning; market comps,,2026-07-21,2026-07-21,,,,
BDS-TEAMS-0004,Lô đất phường Phú Thọ Hòa,Bee || Phân Tích Đầu Tư,,Attachment: Lô đất phường Phú Thọ Hòa.pdf,screening,medium,TP.HCM,,Phú Thọ Hòa,,,,,,,,other,,,,,,,,unknown,Attachment found; needs parse,,,,,,,,,,,,,,Download/parse PDF; geocode exact address; fetch planning/price,,2026-07-21,2026-07-21,,,,
BDS-TEAMS-0005,Link mở rộng đường LVV,Bee || Phân Tích Đầu Tư,,Visible Teams link: Link mở rộng đường LVV; visible map link https://maps.app.goo.gl/qDbb6mJHvwhXw4Az6,screening,medium,,,,,10.784153,106.725690,https://maps.app.goo.gl/qDbb6mJHvwhXw4Az6,,,,infrastructure,,,,,,,,unknown,Need expand Google Maps short link and identify related land/project,,,,,,,,,,,,,,Resolve map link; determine whether it is standalone infrastructure item or tied to a project,,2026-07-21,2026-07-21,,,,
BDS-TEAMS-0006,GamudaLand M&A cao tầng trung tâm Quận 9,Bee || Phân Tích Đầu Tư,,Chat 2026-07-02 Dung N: GamudaLand nghiên cứu M&A dự án cao tầng trung tâm Q9,screening,high,TP.HCM,Quận 9,,Trung tâm Quận 9,,,,31000,,,apartment,,,,8.0,,3000,,2026-07-02,clean_title,GPMB 100%; đất đã đưa vào công ty; đã duyệt danh sách 171,3600000000000,116129032,90000000,Giá bán dự kiến 90-110 tr/m2 chưa VAT,,,,,,,,,,,,M&A value 3600 tỷ; CĐT cũ giữ 20%; Gamuda/partner 80%; cần xác định pháp lý chi tiết và vị trí,,2026-07-21,2026-07-21,
BDS-TEAMS-0007,Richland Quận 9,Bee || Phân Tích Đầu Tư,,Chat 2026-07-07 Hanh T: tổng hợp pháp lý/quy hoạch Richland Q9,checking_planning,high,TP.HCM,Quận 9,,,,,49443,,,apartment,,"Chung cư, trường mầm non, văn phòng TMDV",,4.99,,6972,,2026-07-07,planning_pending,"Hết tiến độ; cần gia hạn sử dụng đất/điều chỉnh chủ trương; chưa rõ GPMB 11,308.7m2; chưa hoàn thành nghĩa vụ tài chính",,,,,,,,,,,,,Rủi ro giảm dân số; khu TOD 1.09ha có đất ở 0.38ha; phương án nhận chuyển nhượng doanh nghiệp CĐT,,2026-07-21,2026-07-21,,,,,
BDS-TEAMS-0008,Trần Đức 1 2.8ha Thuận Giao,Bee || Phân Tích Đầu Tư,,Chat 2026-07-07 Khoa L: FS Trần Đức 1,rejected,high,Bình Dương,Thuận An,Thuận Giao,"Ngã tư Mỹ Phước Tân Vạn - Thủ Khoa Huân, P. Thuận Giao",10.970034,106.715651,https://maps.app.goo.gl/t178LDzcrFtjxgEz9,28000,, ,mixed_use,,,30,5.08,,2700,,2026-07-07,unknown,Mua 100% cổ phần; vốn điều lệ 132 tỷ; rủi ro thuế TNDN 78 tỷ,520000000000,18571429,52000000,Căn hộ 52tr/m2; Shop 55tr/m2; Officetel 49.4tr/m2; Nhà phố 80tr/m2 đất,520000000000,, ,,,347000000000,10,, ,,,9.24,,NPV -40 tỷ; LNST 278 tỷ; dự án không hiệu quả; cần giá 440 tỷ + căn hộ 56tr hoặc giá dưới 360 tỷ nếu giữ 52tr,,2026-07-21
BDS-TEAMS-0009,Sông Đà - Quốc Cường Gia Lai QL13,Bee || Phân Tích Đầu Tư,,Chat 2026-07-08 Hanh T: FS dự án Sông Đà - QCG QL13,rejected,high,TP.HCM,Thủ Đức,Hiệp Bình,"Quốc Lộ 13, P. Hiệp Bình, Thủ Đức",,,,25045.1,189250,112829,apartment,,Căn hộ + Shop TM,20,7.2,,3411,,2026-07-08,unknown,Giá chào 6500 tỷ chưa gồm tiền sử dụng đất; seller tính TSDĐ khoảng 1900 tỷ,6500000000000,259500000,85000000,Căn hộ 85tr/m2; shophouse 127.5tr/m2 chưa VAT tim tường,6500000000000,7353000000000,13853000000000,9974000000000,-3879000000000,-31.11,,1317000000000,52600000,,,LNTT/TMĐT -33%; để đạt 20% thì giá mua chỉ 1317 tỷ; đất incl TSDĐ 3128 tỷ ~125tr/m2,,2026-07-21,2026-07-21,
BDS-TEAMS-0010,A2-3 Hòa Xuân,Bee || Phân Tích Đầu Tư,,Chat 2026-07-09 Khoa L: chênh lệch hệ số 11.73 vs 11.3; attachment 2026.07.05-FS Hoa Xuan A2-3 - 11.3.pdf,underwriting,high,Đà Nẵng,Hòa Xuân,,,,,,,,,mixed_use,,,,11.3,,,,,2026-07-09,unknown,Need parse FS PDF,,,,,,,,,,,,,Hiệu quả giảm khi hệ số giảm từ 11.73 xuống 11.3; cần parse attachment,,2026-07-21,2026-07-21,,,
BDS-TEAMS-0011,Phía Nam Nhơn Trạch 2.316ha,Bee || Phân Tích Đầu Tư,,Chat 2026-07-09 Hanh T: sơ bộ hiệu quả đầu tư dự án 2.316ha Phía Nam Nhơn Trạch,underwriting,high,Đồng Nai,Nhơn Trạch,,Phía Nam Nhơn Trạch,,,,23160,,,mixed_use,,,,,,,,2026-07-09,unknown,Temporary planning indicators by Anh Tài; details in attachment/images,,3300000,28000000,Căn hộ 28tr/m2; đất nền nhà liên kế 36tr/m2; đất nền biệt thự 35tr/m2,,,,,,,,,,,,Reverse land cost incl TSDĐ for LNTT/TMĐT 20% ~3.3tr/m2; official nearby land table road position 1 ~6.5tr/m2; simplified as land sale only,,2026-07-21,2026-07-21,
BDS-TEAMS-0012,Hải Nhân 4.5ha,Bee || Phân Tích Đầu Tư,,Chat: phân tích đầu tư dự án Hải Nhân 4.5ha nguồn Mr Duy,underwriting,high,,,,,, ,,,45000,,,apartment,,Ô phố 1.2 số 02 nhóm nhà ở,50,10,,5177,,2026-07-16,planning_pending,Chỉ vào danh sách thí điểm 171; cần làm lại thủ tục đầu tư; rủi ro pháp lý đất/nguồn gốc đất/GPMB,1700000000000,37777778,,,1700000000000,,,,,,,,1400000000000,30000000,,,Giá hiệu quả khoảng 1400-1500 tỷ ~30-33tr/m2 kèm điều kiện bao chủ trương đầu tư; giá chào 1700 tỷ ~37tr/m2; đề xuất nghiên cứu sâu,,2026-07-21
BDS-TEAMS-0013,Parklane Quận 9,Bee || Phân Tích Đầu Tư,,Chat: báo cáo Parklane Quận 9; PA1 thận trọng theo P.QH,screening,high,TP.HCM,Quận 9,,,,,,,,mixed_use,,,,,,3000,,2026-07-16,planning_pending,Nằm trong ranh TOD; rủi ro bị thu hồi nếu NN triển khai TOD; kết nối LVV/Trương Văn Hải bị thắt cổ chai,,,,,99000000,Dự án chỉ tiềm ẩn hiệu quả nếu giá căn hộ đạt 99tr/m2 theo Gamuda; theo giá thận trọng R&D không hiệu quả,,,,,,,,13,,IRR chỉ khoảng 13% ngay cả theo giá Gamuda; chưa hấp dẫn so với rủi ro pháp lý/quy hoạch/hạ tầng,,2026-07-21,2026-07-21,,
BDS-TEAMS-0014,Hermes Power,Bee || Phân Tích Đầu Tư,,Chat: P.ĐT tính toán FS sơ bộ dự án Hermes Power,screening,medium,TP.HCM,,,,,,,,,mixed_use,,,,,,,,2026-07-16,unknown,Khu đất theo định vị thuộc ô QH K4.4HH; pháp lý chưa có gì; chưa có đường; có liên quan Vạn Thịnh Phát; giả định đất nông nghiệp,,,,,,,,,,,,,2300000000000,,15,,Muốn IRR 15% đàm phán giá mua xuống 2660 tỷ; IRR 20% giá mua xuống 2300 tỷ; thời điểm bán hàng dự kiến 2029,,2026-07-21,2026-07-21,
BDS-TEAMS-0015,Tân Phú Bình Dương Kim Oanh 43ha,Bee || Phân Tích Đầu Tư,,Chat: tóm tắt pháp lý sơ bộ dự án 43ha Tân Phú Bình Dương Kim Oanh,rejected,high,Bình Dương,Tân Phú,,, ,,,,430000,,,land_lot,,,,,,,,2026-06,under_dispute,Liên quan vụ án 43ha đất vàng / Tổng công ty 3/2; giá chào hiện trạng không gồm TSDĐ và không gồm gỡ pháp lý,5600000000000,13000000,,,5600000000000,,,,,,,,,,,Giá chào 13tr/m2 cho 43ha ~5600 tỷ; ~30tr/m2 đất ở thương phẩm theo 1/500 dự kiến; đề xuất không nghiên cứu,,2026-07-21,2026-07-21
BDS-TEAMS-0016,Bãi Kèo Phú Quốc,Bee || Phân Tích Đầu Tư,,Chat: ước tính TSDĐ và PA12A Bãi/Báo Kéo Phú Quốc 5000 dân 2269 căn,underwriting,high,Kiên Giang,Phú Quốc,,, ,,,,42000,,,mixed_use,,,,5.7,,5000,,2026-06,planning_pending,Chủ đầu tư hiện CKG; chuyển nhượng cần hoàn thành GPMB; cần MOU/cơ chế đặt cọc; có thể cần tái cấu trúc/tách dự án,1000000000000,23809524,90700000,Căn hộ 76-107tr/m2 avg 90.7tr; nhà liên kế chính avg 270tr/m2; bên trong avg 215tr/m2,500000000000,2850000000000,,,,,,,,,,"PA giá chuyển nhượng 1500 tỷ IRR đối tác 11.6%, LNTT/TMĐT 21.6%; PA 1000 tỷ IRR 16.5%, LNTT/TMĐT 29.2%; TSDĐ ~2850 tỷ là yếu tố trọng yếu",,2026-07-21,2026-07-21
BDS-TEAMS-0017,Thủ Đức Living Phạm Văn Đồng,Bee || Phân Tích Đầu Tư,,Chat: dự án Thủ Đức Living đường Phạm Văn Đồng,rejected,high,TP.HCM,Thủ Đức,,Đường Phạm Văn Đồng,10.8679394,106.763008,https://maps.app.goo.gl/D8GuCY5LefTH8JVq9,4661,,,apartment,,Phù hợp QH 3545m2; lộ giới 1111m2,,,,,,2026-06,planning_pending,Thí điểm nhà ở thương mại theo NQ171; đất 1471m2 đất ở + 3190m2 đất cây hằng năm,400000000000,85818494,66000000,Căn hộ 66tr/m2 tim tường có VAT; shophouse 78tr/m2,400000000000,1015000000000,1415000000000,1179000000000,-236000000000,,,,,,,"Không hiệu quả do dân số thấp không dùng hết HSSDĐ, giá mua đất + nghĩa vụ tài chính + pháp lý cao; đề xuất không nghiên cứu sâu",,2026-07-21,2026-07-21,
BDS-TEAMS-0018,LDG High + West Intela,Bee || Phân Tích Đầu Tư,,Chat: 2 dự án High và West của LDG,rejected,high,TP.HCM,,,High mặt tiền Võ Văn Kiệt; West An Dương Vương,,,,11241,,54309,apartment,,,,,,,,2026-06,legal_risk,Chưa hoàn tất nghĩa vụ tài chính 2017-2018; công trình ngưng thi công gần 10 năm; huy động khách hàng cũ 250 tỷ; nhiều rủi ro thương hiệu/pháp lý,780000000000,69388755,70000000,High 70tr/m2 VAT; West 50tr/m2 VAT,780000000000,270000000000,,,,,,,,635000000000,,,,"Tổng giá chào 780 tỷ gồm 250 tỷ đã thu khách hàng; TSDĐ ước 270 tỷ; để LNTT/TMĐT 20% giá mua dưới 635 tỷ; đề xuất không nghiên cứu sâu, nếu quan tâm chỉ xem High",,2026-07-21
BDS-TEAMS-0019,Long Thuận Long Phước Quận 9 10ha,Bee || Phân Tích Đầu Tư,,Chat: sơ bộ dự án 10ha đường Long Thuận Long Phước Quận 9,underwriting,medium,TP.HCM,Quận 9,Long Phước,Đường Long Thuận Long Phước,,,,100000,,,mixed_use,,,,,,1500,,2026-06,unknown,Thông tin bị cắt trong batch; có PA1 dân số 1500 người và các PA FS; cần đọc batch sâu hơn/attachment,690000000000,6900000,,,,,,,,,,,,,,"Giá chào gốc môi giới khoảng 692 tỷ, điều chỉnh FS dùng 690 tỷ; cần trích thêm",,2026-07-21,2026-07-21,
BDS-TEAMS-0020,Lô mặt tiền Quốc Lộ 13 Hiệp Bình Phước,Bee || Phân Tích Đầu Tư,,Chat: lô mặt tiền Quốc Lộ 13 Hiệp Bình Phước TP Thủ Đức,rejected,medium,TP.HCM,Thủ Đức,Hiệp Bình Phước,Quốc Lộ 13,10.8486272,106.7188746,https://maps.app.goo.gl/oHEYY6H9GGykdD9C6,4214,,,mixed_use,,Hỗn hợp nhóm ở & dịch vụ 2900m2; cây xanh công viên 1300m2,,,,,,2026-06,unknown,Đất cây xanh công viên chiếm 31% khu đất; phần đất ở phù hợp còn nhỏ,350000000000,83056478,,,350000000000,,,,,,,,,,,Giá chào 350 tỷ ~120tr/m2 đất QH hỗn hợp nhóm ở & DV; đề xuất không nghiên cứu sâu,,2026-07-21,2026-07-21,
BDS-TEAMS-0021,PGK,Bee || Phân Tích Đầu Tư,,Chat: tính tiền sử dụng đất dự án PGK,checking_planning,medium,,,,,,,,27888,,,mixed_use,,,,,,,,2026-06,planning_pending,QHCT 1/500 chưa phê duyệt; dự kiến giao đất giữa-cuối 2026; TSDĐ có thể tăng,,,,,,,,700000000000,1100000000000,,,,,,,"TSDĐ ước 700-1100 tỷ; theo luật mới: 27888 x 15.9 x 1.67 x 1.3 ≈ 960 tỷ; DGNN 15.9tr/m2, hệ số thị trường 1.67",,2026-07-21,2026-07-21,
BDS-TEAMS-0022,Khách sạn khu mới Phú Hải Resort,Bee || Phân Tích Đầu Tư,,Chat: dự án khách sạn khu mới Phú Hải Resort - thiết kế Ong&Ong,underwriting,medium,,,,,,,,,,hotel,,,,,,,,2026-06,unknown,Thiết kế mới giảm diện tích phòng từ 45m2 xuống 32m2; tăng phòng 150 lên 200; chưa gồm cải tạo/dất/pháp lý,,,,,,Giá thuê phòng 1.9-2.3tr/phòng/đêm,,,,,,,,,10,,"Suất đầu tư hoàn thiện gần nhất 26.6tr/m2; TMDT/phòng giảm 3.3 tỷ xuống 2.6 tỷ/phòng; để IRR 10%, giá thuê 1.9tr thì TMDT 2.6 tỷ/phòng hoặc 2.3tr thì 3 tỷ/phòng",,2026-07-21,2026-07-21,
BDS-TEAMS-0023,Cát Lái Sky Habitat H2-02,Bee || Phân Tích Đầu Tư,,Chat: cập nhật FS Cát Lái - Sky Habitat PA giá 690 tỷ bao LUR,approved,high,TP.HCM,Cát Lái,,Lô H2-02 Cát Lái,,,,7826,,,apartment,,,,,,,,2026-06,planning_pending,Rủi ro LUR 120 tỷ theo hệ số K; chuyển nhượng từ Invesco sang Phú Gia khi chưa hoàn thành hạ tầng; cần làm rõ đưa đất vào sử dụng đúng hạn,690000000000,88167646,80800000,Giá bán TB 80.8tr/m2 chưa VAT tim tường,818000000000,,, ,424000000000,25.2,,,,,15.5,,"Nếu phát sinh LUR 120 tỷ: tổng đầu vào 938 tỷ, LNTT/TMĐT 15.9%, IRR 9.7%, không còn hiệu quả; cần giá mua dưới 600 tỷ hoặc giấy xác nhận hoàn thành nghĩa vụ tài chính",,2026-07-21,2026-07-21
BDS-TEAMS-0024,Diamond Garden Đào Trí Phú Thuận,Bee || Phân Tích Đầu Tư,,Chat + attachment: báo cáo FS Diamond Garden 12/6/2026,rejected,high,TP.HCM,Phú Thuận,,Đường Đào Trí Phường Phú Thuận,10.727928,106.742496,https://maps.app.goo.gl/GdiSL1z7fBFtk3tr8,10471,,,apartment,,"Bị chia cắt bởi rạch; đất lúa 5718m2, đất ở 676m2, chuyên dùng 3217m2, lộ giới 860m2",,,,,,2026-06,planning_pending,"Xin cơ chế thí điểm NQ171, cần ít nhất 2 năm; rủi ro xây cầu nối hai khu đất",400000000000,42000000,64000000,Căn hộ 64tr/m2; shophouse 83tr/m2 chưa VAT,400000000000,, ,3579000000000,180000000000,7,,,,,3.59,,"Nghĩa vụ tài chính 666 tỷ; CPBH 527 tỷ=15% DT; CPXD 16tr/m2; không hiệu quả do nghĩa vụ tài chính và giá đất cao, rủi ro không tăng dân số; không nghiên cứu sâu",,2026-07-21,2026-07-21
BDS-TEAMS-0025,Võ Văn Kiệt Gấp 2 Lô,Bee || Phân Tích Đầu Tư,,Chat: cập nhật DA Võ Văn Kiệt theo chỉ tiêu QH dự kiến điều chỉnh,underwriting,high,,,,,Võ Văn Kiệt,,,,,, ,apartment,,,,,,,,2026-06,planning_pending,Rủi ro tiền sử dụng đất theo hệ số K Đà Nẵng từ 1/7/2026,,,99000000,Căn hộ giảm 105 xuống 99tr/m2 VAT (~90tr chưa VAT); shop bình quân 193tr/m2 VAT (~175tr chưa VAT),,,,,,,16.6,,,,,10.2,,"Tăng 3467m2 sàn KD, số căn 833->852; với giá mua 365-370tr/m2 IRR 10.2-10.5%, LNTT/TMĐT 16.6-17.1%; để đạt IRR 15% & LNTT/TMĐT 20% cần giá bán 106tr VAT/96tr chưa VAT",
