curated_id,current_dirty_name,extracted_parent_name,confidence,alternatives,cleaning_notes,source_excerpt
BDS-CURATED-0020,gồm Chung cư cao tầng gồm 02 Hầm + 02 tầng Khối đế + 26 tầng căn hộ (trong đó căn hộ NOXH chiếm 20% tổng số că,nhất các chỉ tiêu quy hoạch và xin thêm 2.522 dân. a. Quy mô,8,gồm Chung cư cao tầng gồm 02 Hầm + 02 tầng Khối đế + 26 tầng căn hộ,name_missing_or_sentence,"[2023-08-03] Thao L - INVT 8/3/2023 2:24 PM Edited 2. PHƯƠNG ÁN PHÁT TRIỂN ĐỀ XUẤT: 2.1. Phương án Cao tầng: Sử dụng hiệu quả nhất các chỉ tiêu quy hoạch và xin thêm 2.522 dân. a. Quy mô: Dự án gồm Chung cư cao tầng gồm 02 Hầm + 02 tầng Khối đế + 26 tầng căn hộ (trong đó căn hộ NOXH chiếm 20% tổng số căn hộ); Trường mầm non và Y tế. b. Loại hình kinh doanh: 02 tầng khối đế cho thuê sàn trung tâm thương mại: 5.162m2 sàn thương phẩm (tỷ lệ thương phẩm trung bình 57%). 26 tầng tháp bán căn hộ: 75.540m2 sàn thương phẩm (tỷ lệ thương phẩm trung bình 73%): .Căn hộ NOXH: 15,110m2 sàn ~ 291 căn, diện tích trung bình 52m2/căn. .Căn hộ thương mại: 60,430m2 sàn 1.040 căn, diện tích trung bình 58m2/căn. Số căn hộ: 1.331 căn. Dân số sử dụng: 3.022 người, dân số theo quy hoạch: 500 người => Dân số cần xin thêm: 2.522 người. c. Thời gian triển khai: Đến cuối 2025: Đền bù giải phóng mặt bằng, Chuyển mục đích SDĐ và hoàn thành pháp lý dự án. 2026 - cuối 2028: Xây dựng và bán hàng theo tiến độ căn hộ thương phẩm. Cuối 2028: Bán sàn TTTM. 2029: Bán căn hộ NOXH. d. Tổng mức đầu tư : Tiền sử dụng đất: Tạm tính theo phương pháp hệ số điều chỉnh (K=3,3): 153,7 tỷ ~ 12tr/m2 cho 12,856m2 đất ở tương ứng phần căn hộ thư --- [] Thao L - INVT 3/23 11:46 AM Translate 2. PHƯƠNG ÁN PHÁT TRIỂN ĐỀ XUẤT: 2.1. Phương án Cao tầng: Sử dụng hiệu quả nhất các chỉ tiêu quy hoạch và xin thêm 2.522 dân. a. Quy mô: Dự án gồm Chung cư cao tầng gồm 02 Hầm + 02 tầng Khối đế + 26 tầng căn hộ (trong đó căn hộ NOXH chiếm 20% tổng số căn hộ); Trường mầm non và Y tế. b. Loại hình kinh doanh: 02 tầng khối đế cho thuê sàn tru"
BDS-CURATED-0010,có 4 mặt tiền nằm tại trục chính đường Hoàng Quốc Việt,ICON 40,7,,narrative_sentence_name,"[2022-10-31] Trieu Nguyen-PTDT 10/31/2022 2:44 PM Edited KĐT gửi anh Tuan Tran-CEO báo cáo dự án 1.7ha tại đường Hoàng Quốc Việt, Hạ Long, Quảng Ninh có giá chào 140tr/m2 đất (2400 tỷ), cụ thể: Vị trị và hiện trạng: Dự án có 4 mặt tiền nằm tại trục chính đường Hoàng Quốc Việt, nằm trong quần thể dự án của BIM GROUP, có hướng nhìn ra biển Phía đối diện dự án có dự án công viên và biển hồ Pháp lý đất: GCNQSDĐ có quy mô 17098m2 đất ở kết hợp cửa hàng, thời hạn sử dụng lâu dài, có nguồn gốc nhà nước giao đất có thu tiền sử dụng đất Pháp lý đầu tư: Chưa có Pháp lý quy hoạch: QH Phân khu: Đất hỗn hợp, MĐXD 65%, HSSD 12 lần, 30 tầng cao Pháp lý xây dựng: Chưa có Sản phẩm đề xuất: Công trình chung cư cao cấp 133,555m2 sàn chung cư: giá bán 53tr/m2 sàn thông thủy có VAT tại năm 2025 (tham khảo dự án ICON 40 có giá dự kiến 45-55tr/m2 tim tường có VAT mở bán T11/2022, và dự án Green Bay Premium mở bán Q4/2016 có giá sang tay 36-38tr/m2 hiện tại) 52 căn shophouse khối đế: 63.6tr/m2 sàn thông thủy có VAT tại năm 2025 Tầng tiện tích: tạm tính giá thuê $6/m2/tháng có VAT Tổng mức đầu tư là 6297 tỷ đồng, tổng doanh thu bán hàng là 7573 tỷ đồng, tổng doanh thu cho thuê sàn 50 năm là 1432 tỷ đồng => Lợi nhuận tr"
BDS-CURATED-0033,theo Quyết định 425 của Bộ Xây dựng áp dụng cho năm 2026,"2.316 ha Phía Nam Nhơn Trạch,",9,"TẠM TÍNH | tương ứng | đầu tư dự án 2.316 ha Phía Nam Nhơn Trạch,",chat_or_attachment_subject,"[] Phòng ĐT báo cáo Sếp Admin 01 về sơ bộ dự kiến hiệu quả đầu tư dự án 2.316 ha Phía Nam Nhơn Trạch, như sau: I/TỔNG QUAN MẶT BẰNG: II/CHỈ TIÊU QUY HOẠCH TẠM TÍNH (ANH TÀI): III/HIỆU QUẢ TẠM TÍNH (P&L SƠ BỘ) Dựa trên các giả định: Giá bán: cơ sở đề xuất giá bình quân cho từng loại sản phẩm của phòng R&D đề xuất: Căn hộ 28 tr/m2, đất nền Nhà liên kế 36 tr/m2, đất nền biệt thự 35 tr/m2; Đơn giá chi phí đất (gồm tiền sử dụng đất)(đơn giá đất đường gần nhất khu đất vị trí 1 theo bảng giá đất là 6,5 tr/m2), phòng tính bài toán ngược với LNTT/TMĐT đạt 20% thì đơn giá đất bao gồm tiền sử dụng đất khoảng 3,3 tr/m2 (tính bình quân cho nhiều vị trí phân khu bên trong khu đất); Suất vốn xây dựng cao tầng theo Quyết định 425 của Bộ Xây dựng áp dụng cho năm 2026. Để đơn giản hóa bài tính Lãi/Lỗ, phòng tạm tính bán đất nên không tính chi phí xây dựng nhà liên kế và biệt thự (thực tế theo quy định phải xây dựng). HIỆU QUẢ DỰ ÁN NHƯ SAU: Giả định tiền đất (bao gồm tiền sử dụng đất) có tăng lên theo các mức chạy độ nhạy và thay đổi giá bán thì hiệu quả tương ứng như sau: Trân trọng báo cáo, --- [] P.ĐT thực hiện tính theo phương án bố trí của phòng QH, tuy nhiên theo nghiên cứu và đề xuất của Phòng RD không triển khai làm căn hộ dịch vụ vì tại vị trí dự án, thị trường chưa phổ biến loại hình này. P.ĐT tạm để trống phần diện tích đất DVCC cấp đô thị và không thực hiện tính toán phần đất này trong FS. Hiệu quả dự án như sau: Doanh thu chưa VAT: 5.899 tỷ đồng (Đơn giá bình quân căn hộ tim tường chưa VAT 57 triệu/m2, Shophouse chưa VAT 56 triệu/m2; thời điểm bán 2028). Tổng mức đầu tư chưa VAT"
BDS-CURATED-0040,bán Q4/2026,tài chính,8,,narrative_sentence_name,"[2024-11-26] Sinh Nguyen-Dau Tu 11/26/2024 4:13 PM Edited Translate K.ĐT gửi lại anh Mr Mike1 -CEO về báo cáo cập nhật hiệu quả tài chính dự án 2,3ha Bình Điền, tọa lạc mặt tiền đường Nguyễn Văn Linh, xã An Phú Tây, huyện Bình Chánh, TP.HCM. 1/ Về vị trí: Cách Chợ Đầu Mối Bình Điền khoảng 400m, cách ranh Quận 8 và huyện Bình Chánh khoảng 150m, cách UBND huyện Bình Chánh khoảng 3,2km, cách nút giao Vành Đai 2 - Nguyễn Văn Linh khoảng 2,2km Về quy hoạch dự kiến: Cách bến xe miền Tây mới khoảng 1,5km; Nằm giữa trung tâm lưu thông hàng hóa I (khu E -115ha) và trung tâm lưu thông hàng hóa II (khu D - 85ha) thuộc khu đô thị Phú Mỹ Hưng; Cách các nhà ga thuộc tuyến Metro line 7 trong bán kính 500m 2/ Về chi phí Đất: Giá mua 170 tỷ (cập nhật giá mua mới từ anh Tâm – Phó Chủ Tịch) Đóng tiền sử dụng đất khoảng 300 tỷ (Tính toán lại tiền sử dụng đất theo văn bản hướng dẫn mới) 3/ Về thị trường (giá bán đã bao gồm VAT) Giá bán đất biệt thự đề xuất năm 2024: 80tr/m². Dự án bán Q4/2026, giá bán 88tr/m² đất, thời gian bán trong vòng 3 quý Giá bán chung cư đề xuất năm 2024: 42tr/m². Dự án bán Q1/2026, giá bán 46tr/m² sàn, thời gian bán trong vòng 6 quý 4/ Về hiệu quả tài chính: 5/ Về điều kiện tiên quyết nhận --- [2024-10-03] Sinh Nguyen-Dau Tu 10/3/2024 10:55 AM Translate K.ĐT báo cáo anh Mr Mike1 -CEO về cập nhật hiệu quả tài chính dự án 2,3ha Bình Điền, tọa lạc mặt tiền đường Nguyễn Văn Linh, xã An Phú Tây, huyện Bình Chánh, TP.HCM. 1/ Về vị trí: Cách Chợ Đầu Mối Bình Điền khoảng 400m, cách ranh Quận 8 và huyện Bình Chánh khoảng 150m, cách UBND huyện Bình Chánh khoảng 3,2km, cách nút gi"
BDS-CURATED-0030,có 1 mặt tiền đường Song Hành rộng khoảng 110m của đường Xa lộ Hà Nội,"2.6ha tại mặt tiền đường Song Hành XLHN, Thủ Đức",9,chung cư và đã hoàn tất nghĩa vụ tài chính. Trong đó,narrative_sentence_name,"[2022-09-06] Trieu Nguyen-PTDT 9/6/2022 10:34 AM Edited KĐT gửi anh Tuan Tran-CEO báo cáo dự án 2.6ha tại mặt tiền đường Song Hành XLHN, Thủ Đức có giá chào 1250 tỷ (48tr.đồng/m2 đất), cụ thể: Vị trí và hiện trạng: Dự án có 1 mặt tiền đường Song Hành rộng khoảng 110m của đường Xa lộ Hà Nội, và 1 mặt tiền đường Linh Trung rộng khoảng 200m tại P.Linh Trung, Thủ Đức, TPHCM Dự án nằm cách điểm lên ga Metro khoảng 500m, cách cầu Sài Gòn khoảng 10km, cách đường Nguyễn Huệ, Q1 khoảng 15km Hiện trạng có 1 căn biệt thự nằm trong khuôn viên dự án, nằm gần các trụ điện cao thế Pháp lý đất: Chưa được cấp GCNQSDĐ nhưng đã có quyết định giao đất, có cho phép chuyển mục đích sử dụng đất sang dự án chung cư và đã hoàn tất nghĩa vụ tài chính. Trong đó: + Đất ở: 9227m2 giao đất có thu tiền sử dụng đất, thời hạn lâu dài + Đất văn phòng, tmdv: 5047m2, giao đất có thu tiền sử dụng đất, thời hạn 50 năm + Đất công cộng: 11767m2, bàn giao lại cho nhà nước Pháp lý đầu tư: Đã có QĐ6159/QĐ-UB tháng 12/2004 về việc cho phép công ty Phú Đức chuyển hình thức, mục đích sử dụng đất để đầu tư xây dựng khu nhà ở thương mại Pháp lý quy hoạch: Đã có chủ trương của Thành phố chấp thuận điều chinh điều chỉnh QH chi tiết 1.500 năm 2"
BDS-CURATED-0112,Vương Bảo Long (kèm đánh giá pháp lý) *Hiện trạng,Vương Bảo Long,9,pháp lý) *Hiện trạng,report_or_scenario_subject,"[2022-09-23] Thao L - INVT 9/23/2022 5:58 PM Em gửi anh Tuan Tran-CEO báo cáo sơ bộ dự án Vương Bảo Long (kèm đánh giá pháp lý) *Hiện trạng: - Vị trí: Đường Bà Giang, An Bình, Dĩ An, Bình Dương. - Khu đất có 02 lối tiếp cận chính: + Đường Bà Giang - lối tiếp cận chính - bề rộng giáp đường rộng khoảng 16m. + Đường vào nghĩa trang - cập phía bên hông khu đất - bề rộng giáp đường rộng khoảng 245m. - Giáp phía sau khu đất là Nghĩa trang Hải Nam, và có mộ dân ở phía trước của khu đất, phía bên hông là kho bãi container. - Hiện khu đất đang là kho bãi container. - Pháp lý dự án: +Pháp lý đất: GCN quyền sử dụng đất cho 86.834,2m2, trong đó: . 3.420,2m2 là đất cở sở sản xuất phi nông nghiệp - trả tiền hằng năm đến 2057 (phần QH đường sắt), . 83.336,4m2 là đất cở sở sản xuất phi nông nghiệp - trả tiền một lần đến 2057 (phần QH đất ở), . 77.6m2 là đất ở lâu dài (QH là đất ở). + Pháp lý đầu tư: Chấp thuận chủ trương đầu tư và chấp thuận nhà đầu tư tháng 7/2022. + Pháp lý quy hoạch: Đang trong quá trình hoàn thành 1/500. + Pháp lý xây dựng: Chưa có. * Quy hoạch: - Khu đất đa phần QH là đất ở với các thông số như sau: + Tầng cao: max 30 tầng . + MĐXD: max 60%. + HSSDĐ: max 8 lần. - QH có tuyến đường sắt cắt"
BDS-CURATED-0029,Văn phòng tại khu đất 197 Lê Văn Sỹ cập nhật Hệ số sử dụng đất mới 9,"Văn phòng tại khu đất 197 Lê Văn Sỹ cập nhật Hệ số sử dụng đất mới 9,5 lần",9,,report_or_scenario_subject,"[2023-07-03] Thao L - INVT 7/3/2023 10:43 AM Edited K.ĐT báo cáo anh Tuan Tran-CEO dự án Văn phòng tại khu đất 197 Lê Văn Sỹ cập nhật Hệ số sử dụng đất mới 9,5 lần như sau: CẬP NHẬT HỆ SỐ SỬ DỤNG ĐẤT MỚI 9,5 LẦN 1/ SƠ BỘ THÔNG TIN DỰ ÁN: - Dự án Văn phòng tại khu đất 197 Lê Văn Sỹ, phường 13, quận 3. Khu đất Nằm trên đường Lê Văn Sỹ và hẻm 195 Lê Văn Sỹ, cách cầu Lê Văn Sỹ khoảng 50m có tổng diện tích 985,7m2 với giá chào bán là 340 tỷ. - Link vị trí: https://goo.gl/maps/BgnUiLh44bo3Nyq37 - Đề xuất pháp lý: Mục tiêu: Xây dựng, vận hành Văn phòng mà vẫn giữ được mục đích Đất ở lâu dài. Cách thức để giữ lại mục đích Đất ở lâu dài: - Đại diện một cá nhân đứng tên giấy chứng nhận QSDĐ khu đất. Công ty ký hợp đồng thuê đất với Cá nhân (Hợp đồng thuê thời hạn là 20 năm, sau đó gia hạn dần trong 52 năm – 2 năm xây dựng và 50 năm vận hành) để xây dựng tòa nhà văn phòng. - Trong đó, về mặt pháp lý tiến hành xây dựng một căn hộ ở cho chủ đất sử dụng và không kinh doanh/bán căn hộ này. - Tuy nhiên, về mặt vận hành sẽ bố trí căn hộ này trong khu vực ban quản lý tòa nhà (không ảnh hưởng đến tỷ lệ thương phẩm văn phòng). -Thời gian triển khai: 2023: Pháp lý đất và các pháp lý liên quan. 2023-2024: Xây dựng c"
BDS-CURATED-0141,tiếp giáp mặt tiền đường Phan Văn Hớn,"1,6ha Phan Văn Hớn, phường Tân Thới Nhất, Quận 12, Thành phố Hồ Chí Minh",9,,narrative_sentence_name,"[] P.ĐT báo cáo nhanh anh Mr Mike1 -CEO về định giá dự án 1,6ha Phan Văn Hớn, phường Tân Thới Nhất, Quận 12, Thành phố Hồ Chí Minh (nguồn anh Tâm – Phó Chủ tịch) như sau: 1/ Vị trí: - Dự án tiếp giáp mặt tiền đường Phan Văn Hớn, cách giao lộ đường Phan Văn Hớn và Trường Chinh khoảng 1km + Cách Sân bay Tân Sơn Nhất khoảng 3,5km + Cách ga Deport Tham Lương khoảng 1km 2/ Hiện trạng: Có nhà xưởng trên đất – Đất sạch 3/ Cơ sở pháp lý: Dự án đã có quyết định chủ trương đầu tư và cũng có thể có quy hoạch 1/500. Nhưng không được cung cấp 3.1/ Pháp lý đất: Đã có GCN quyền sử dụng đất; Chiều dài mặt tiền: 41m, chiều sâu: 227m Cơ cấu sử dụng đất: Tổng diện tích 16.471,8 Đất ở 197 Đất HNK 16.274,8 3.2/ Pháp lý quy hoạch: Theo thông tin quy hoạch Thành phố Hồ Chí Minh Đồ án ""Đồ án điều chỉnh quy hoạch chi tiết xây dựng đô thị tỷ lệ 1/2000 Khu dân cư Phường Tân Thới Nhất (Khu 2), Quận 12"" đã được UBND Quận 12 phê duyệt tại Quyết định số 628/QĐ- UBND-ĐT ngày 23/12/2008 - Mật độ xây dựng: 40% - Hệ số sử dụng đất: 4.0 - Tầng cao: 2 – 15 tầng - Dân số: 572 dân 4/ Phương pháp định giá 4.1/ Phương pháp Thị trường: Giá trị định giá: 350 tỷ (21tr/m²) 4.2/ Phương pháp dòng tiền chiết khấu (DCF) Do hồ sơ phá"
BDS-CURATED-0114,có tiềm năng để phát triển Dự án Khu đô thị,tiếp theo về Dự án,8,,narrative_sentence_name,"[] P.ĐT tổng hợp báo cáo các nội dung như sau để triển khai đánh giá tiếp theo về Dự án: 1. Về Vị trí: Khu vực dự án có tiềm năng để phát triển Dự án Khu đô thị. 2. Về Pháp lý: Cần bổ sung thêm các thông tin sau: + Pháp lý đất: Bổ sung cơ cấu đất, hiện trạng sử dụng đất… để ước tính phương án bồi thường + Pháp lý quy hoạch: Lên phương án Quy hoạch Phân khu 1/2000 của Dự án Để ước tính Tổng mức Đầu tư xây dựng Phương án kinh doanh Ước tính tiền sử dụng đất Các nội dung này cần các phòng ban chuyên môn (Pháp lý, Quy hoạch..) làm việc với cơ quan nhà nước/Đối tác để lấy các thông tin và lên phương án đề xuất 3. Về doanh nghiệp: Cần có doanh nghiệp hoặc liên doanh có năng lực để tham gia đấu thầu dự án có quy mô hơn 400 ha, TMĐT hơn 80.000 tỷ 4. Về Đấu thầu: Phòng Pháp lý nghiên cứu quy trình đấu thầu dự án có sử dụng đất theo Luật Đấu thầu 2023, Luật Đất Đai 2024. NĐ 115/2024… các quy định pháp luật hiện hành"
BDS-CURATED-0089,chỉnh trang),"khoảng 4,9ha, gồm",7,"Aqua City khoảng 5,5km",narrative_sentence_name,"[] P.ĐT báo cáo nhanh anh Mr Mike1 -CEO về dự án phân lô bán nền 4,9ha Khu dân cư Tam Phước, phường Tam Phước, Thành phố Biên Hòa, tỉnh Đồng Nai (Nguồn: Mr. Duy - P.PTQĐ) như sau: 1/ Vị trí: Dự án nằm trong hẻm đường Quốc lộ 51, cách đường Quốc lộ 51 khoảng 850m, cách cao tốc Biên Hòa Vũng Tàu khoảng 1,2km, bên phải giáp đường ĐT 771 (quy hoạch), bên dưới giáp đường ĐT 777 (quy hoạch). Trong bán kính 2-3km có cách khu công nghiệp như: KCN Long Thành, KCN An Phước, KCN Tam Phước Cách dự án Aqua City khoảng 5,5km (theo đường chim bay), cách sân golf Long Thành khoảng 3,5km 2/ Hiện trạng: Đất trống, cỏ cây mọc um tùm (hình ảnh vệ tinh) 3/ Thông tin dự án (P.PTQĐ cung cấp) Tổng diện tích dự án khoảng 4,9ha, gồm: + Đất ở khoảng 3,8ha (chiếm 77,5%) trong đó có 111 nền (khoảng 1,1ha, số lô màu xanh) bám mặt tiền đường hiện hữu có thể lên thổ cư và có 227 nền (khoảng 2,7ha, số lô màu đen) không bám đường hiện hữu, bắt buộc phải hiến đất làm đường 6m. Tổng số nền 338, diện tích trung bình mỗi nền khoảng 90 – 120m² + Đất giao thông khoảng 1,1ha (chiếm 22,5%) Giá mua vào: 2tr/m² Quy hoạch sử dụng đất là đất ở đô thị (thuộc khu đất chỉnh trang), có thể lên thổ cư và tách theo mặt đường mà không c"
BDS-CURATED-0096,được chào về tại Bình Dương,đầu tư 3) Pháp lý đầu tư,7,,narrative_sentence_name,"[2022-07-28] Thao L - INVT 7/28/2022 5:04 PM K.ĐT gửi anh báo cáo nhanh 02/06 dự án được chào về tại Bình Dương: A/ Dự án Victory Hoàn Cầu tiếp giáp đường Bình Chuẩn 69, Bình Chuẩn, Thuận An, Bình Dương với giá chào chuyển nhượng là 400 tỷ có tổng diện tích là 1.36ha đất nông nghiệp, diện tích hữu dụng là 1.25ha (tương đương 32tr/m2 diện tích hữu dụng). 1) Vị trí và hiện trạng: - Hiện trạng dự án là nhà xưởng bề rộng tiếp giáp đường Bình Chuẩn 69 khoảng 100m. - Dự án có 02 lối tiếp cận: + Tiếp giáp Đường Bình Chuẩn 69: bề rộng nhỏ (chỉ vừa 1 oto, rộng khoảng 4-5m); + Đường Bình Chuẩn 62: dự án có một đường dẫn từ Bình Chuẩn 62 vào dự án rộng khoảng 9m, sâu 100m. 2) Pháp lý đất: - Được duyệt đăng ký sử dụng đất - Được chấp thuận nhận chuyển nhượng QSDĐ nông nghiệp để thực hiện dự án đầu tư 3) Pháp lý đầu tư: - Chưa có thông tin - Đang lập hồ sơ xin chủ trương đầu tư. 4) Pháp lý quy hoạch: - Chưa có thông tin từ đối tác cung cấp. - Theo QHSDĐ tỉnh BD: Đất ở. - Theo QHXD: Đất công nghiệp có MĐXD: 50-80%, tầng cao XD: 5 tầng. 5) Pháp lý xây dựng: - Chưa có thông tin. 6) Sản phẩm phát triển - Chưa có thông tin sản phẩm cụ thể (Căn hộ và thương mại dịch vụ). 7) Đề xuất: KĐT đề không tham gia chuyển n"
BDS-CURATED-0107,Khu đất Ngô Chí Quốc Bình Chiểu Thủ Đức,"đường Ngô Chí Quốc, Bình Chiểu, Thủ Đức – nguồn Mr. Duy",9,,insufficient_project_evidence,"[2023-08-03] Thao L - INVT 8/3/2023 2:18 PM Edited K.ĐT gửi anh Tuan Tran-CEO báo cáo dự án đường Ngô Chí Quốc, Bình Chiểu, Thủ Đức – nguồn Mr. Duy như sau: 1. THÔNG TIN KHU ĐẤT 1.1. Vị trí và hiện trạng: a. Vị trí: - Vị trí: Khu đất nằm trên mặt tiền đường Ngô Chí Quốc, Bình Chiểu, Thủ Đức, TPHCM. - Link map: https://goo.gl/maps/Empzn8zwhyULFrqV8 - Khu đất có vị trí nằm trong phần địa giới TP.HCM giáp ranh tỉnh Bình Dương: + Cách nút giao Gò Dưa và đường quy hoạch Vành Đai 2 khoảng 3Km. + Cách Quốc lộ 13 khoảng 2Km. + Cách Dự án Phú Quang một con rạch. + Đối diện Khu chế xuất Linh Trung 2. + Cách khu nghĩa trang Gò Đình khoảng 400m. b. Hiện trạng: Đa phần là đất lúa và đất vườn. 1.2. Quy hoạch và mục tiêu đề xuất: a. Quy hoạch: - Theo QH 1/10.000 (được Mr. Duy cung cấp): Khu đất nghiên cứu được quy hoạch là ĐẤT KHU ĐÔ THỊ HỖN HỢP CẢI TẠO CHỈNH TRANG HOẶC TÁI PHÁT TRIỂN – CÓ THỂ BAO GỒM CÁC KHU VỰC PHÁT TRIỂN MỚI (có thể sử dụng cho một hoặc nhiều trong số các chức năng: nhà ở, dịch vụ, CTCC, sản xuất gạch, giáo dục chuyên nghiệp, cơ quan hành chính, văn phòng, tôn giáo, cây xanh đô thị, hạ tầng đô thị,… không gây ô nghiễm môi trường): - Theo QH 1/2.000 khu đất phía trên được quy hoạch chi tiết --- [] Thao L - INVT 3/23 11:45 AM Translate K.ĐT gửi lại anh Admin 01 báo cáo dự án đường Ngô Chí Quốc, Bình Chiểu, Thủ Đức – nguồn Mr. Duy như sau: 1. THÔNG TIN KHU ĐẤT 1.1. Vị trí và hiện trạng: a. Vị trí: - Vị trí: Khu đất nằm trên mặt tiền đường Ngô Chí Quốc, Bình Chiểu, Thủ Đức, TPHCM. - Link map: https://goo.gl/maps/Empzn8zwhyULFrqV8 - Khu đất có vị trí nằm trong phần địa giới"
BDS-CURATED-0105,KCN do Tập đoàn Xuận Thiện làm CĐT với 02 Nhà máy Gang thép - Cán thép đã dược tỉnh phê duyệt chủ trương đầu t,khách quan về KCN Nghĩa Sơn,8,,name_missing_or_sentence,"[2022-12-03] Thao L - INVT 12/3/2022 12:01 PM K.ĐT gửi anh Tuan Tran-CEO báo cáo về Đề xuất Thực hiện Đầu tư Xây dựng KCN Nghĩa Sơn, tại Huyện Nghĩa Hưng, tỉnh Nam Định như sau: Khảo sát thực địa: Theo như giới thiệu của tỉnh, K.ĐT đã khảo sát thực địa và có các đánh giá khách quan về KCN Nghĩa Sơn như sau: Vị trí: Nằm giữa 2 đường trục Phát triển Cao Bồ - Nam Điền & DT490C. Quy mô: Dự kiến đang trình duyệt là 120ha (chưa có ranh chính xác). Tiềm năng: . Hiện trạng quỹ đất đang là đất lúa với từng ô lớn, thuận tiện cho công tác đền bù giải phòng mặt bằng. . Đơn giá đền bù khu vực còn thấp (~200.000VNĐ/m2), vẫn còn dư địa để phát triển so với các tỉnh đã đi khảo sát Bắc Ninh, Hải Phòng… . Nằm trên đường trục Phát triển kết nối lên Cao tốc Ninh Bình – Hải Phòng – Quảng Ninh hướng về phía Bắc: 4 km và kết nối CT01 (Cao tốc Bắc –Nam). . Hướng về Phía Nam của Huyện là Khu Kinh tế Ninh Cơ Quy mô 56.000 ha. Và Dự án KCN do Tập đoàn Xuận Thiện làm CĐT với 02 Nhà máy Gang thép - Cán thép đã dược tỉnh phê duyệt chủ trương đầu tư với TMĐT là 98.000 tỷ, Nhà máy Sản xuất cấu kiện bê tông đúc sẵn đang triển khai với TMĐT là 900 tỷ và Cảng Chuyên dùng Xuân Thiện có TMĐT 35.000 tỷ. => Với trục cao tốc Cao tốc"
BDS-CURATED-0046,2769m2 Hoàng Sa Đà Nẵng (chưa bao gồm TSDĐ bổ sung),chưa đạt hiệu quả. Đính kèm Báo cáo thị trường P.RD 0605_MAN THAI_DA NANG,7,,report_or_scenario_subject,"[2025-06-05] Thao L - INVT 6/5/2025 5:47 PM Edited Translate K.ĐT báo cáo anh Mr Mike1 -CEO về dự án 2769m2 Hoàng Sa Đà Nẵng (chưa bao gồm TSDĐ bổ sung) như sau: 1. THÔNG SỐ QUY HOẠCH 2. TIẾN ĐỘ XÂY DỰNG - BÁN HÀNG - VẬN HÀNH 3. DOANH THU a. Bán hàng – RD đề xuất - Đơn giá bán căn hộ trung bình tại thời điểm cuối 2026 (gồm VAT): 70tr/m2 ~ 770 tỷ b. Vận hành – Mr. David đề xuất - Đơn giá thuê khách sạn/đêm tại thời điểm 2026 (chưa VAT): 2.05tr/phòng/đêm - Đơn giá thuê khách sạn/đêm tại thời điểm 2029 (gồm VAT): 2.4tr/phòng/đêm - Tỷ lệ lấp đầy: 70% - %EBITDA: 33% - 37% 4. CHI PHÍ - chưa bao gồm TSDĐ bổ sung - Đơn giá đất: 250tr/m2 ~ 692 tỷ - Chi phí pháp lý + Nhà mẫu (gồm VAT): 77 tỷ - Đơn giá xây dựng trung bình cả dự án (gồm VAT) giai đoạn cuối 2026 - 2028: 24tr/m2 ~ 1,160 tỷ . SĐT phòng khách sạn (gồm VAT): 2.5tỷ/key . SĐT diện tích xây dựng chung cư (gồm VAT): 15tr/m2 - Chi phí bán hàng: 15% Doanh thu bán hàng - Chi phí vận hành: 67% - 63% 5. HIỆU QUẢ TÀI CHÍNH Dự án không đạt hiệu quả tài chính với IRR = 4.8% Vì thế, với phương án Quy hoạch đề xuất hiện tại (chưa bao gồm TSDĐ bổ sung) Dự án chưa đạt hiệu quả. Đính kèm Báo cáo thị trường P.RD 0605_MAN THAI_DA NANG (1).pdf 2025.06.05_FS_2769Ho --- [2025-06-05] Thao L - INVT 6/5/2025 5:47 PM Edited Translate K.ĐT báo cáo anh Mr Mike1 -CEO về dự án 2769m2 Hoàng Sa Đà Nẵng (chưa bao gồm TSDĐ bổ sung) như sau: 1. THÔNG SỐ QUY HOẠCH 2. TIẾN ĐỘ XÂY DỰNG - BÁN HÀNG - VẬN HÀNH 3. DOANH THU a. Bán hàng – RD đề xuất - Đơn giá bán căn hộ trung bình tại thời điểm cuối 2026 (gồm VAT): 70tr/m2 ~ 770 tỷ b. Vận hành – Mr. David đề xuất - "
BDS-CURATED-0120,nhà ở khi chuyển mục đích sang đất ở theo Luật Đất đai sẽ phải thực hiện đấu giá đối với hiện trạng các khu đấ,rà soát nhanh với SXD Đà Nẵng thì các khu đất trên trong QH phân khu,7,,name_missing_or_sentence,"[2023-03-15] Huy M - IM 3/15/2023 10:20 AM KĐT báo cáo CEO Tuan Tran-CEO đánh giá nhanh 12 lô đất anh Duy gửi của Sun Group tại Khu Đô thị ven sông Hoà Xuân - Cẩm Lệ - Đà Nẵng với mục đích làm Khu Chung cư cao tầng. Về Pháp lý đất: Theo GCNQSDĐ được cung cấp (2 lô đại diện): + Diện tích: ~ 5.000 m2 + Mục đích sử dụng: Đất cơ sở sản xuất kinh doanh + Thời hạn: Lâu dài + Nguồn gốc đất: Nhà nước giao đất có thu tiền sử dụng đất. + Cấp ngày 15/06/2011 Với mục đích sử dụng đất vẫn còn là đất SKC chưa chuyển mục đích sang đất ở, trong trường hợp thực hiện dự án nhà ở khi chuyển mục đích sang đất ở theo Luật Đất đai sẽ phải thực hiện đấu giá đối với hiện trạng các khu đất này Về pháp lý quy hoạch: + Theo thông tin QH đối tác cung cấp tại văn bản số 3175 ngày 03/05/2019 của SXD Đà Nẵng, các khu đất trên phần lớn có hệ số sử dụng đất từ 14 đến 18 lần, Theo QC 01/2021 hiện nay thì hệ số sử dụng đất tối đa là 13 lần. Các khu đất này không thuộc trường là các công trình điểm nhấn tại Đà Nẵng để được áp dụng điều kiện ngoại lệ nên khi triển khai sẽ phải bị điều chỉnh về lại tối đa không quá 13 lần. + Sau khi Phòng PLDA dự án rà soát nhanh với SXD Đà Nẵng thì các khu đất trên trong QH phân khu (QH 1.2000) kh"
BDS-CURATED-0043,khu mặt tiền đường Ngô Chí Quốc (gom đất gần Phú Quang)- Cập nhật Quy hoạch Phân khu,khu mặt tiền đường Ngô Chí Quốc,10,,report_or_scenario_subject,"[] Dạ P.ĐT báo cáo sếp Admin 01 cập nhật dự án khu mặt tiền đường Ngô Chí Quốc (gom đất gần Phú Quang)- Cập nhật Quy hoạch Phân khu. Theo QH PK3 được duyệt 2025, quỹ đất quan tâm thuộc ô đất OD-1, MN-1 và CX-2 (thuộc Đơn vị ở 1), trong đô ô OD-1 (diện tích PHQH 2.15ha) có các thông số sau: + Dân số 1.300 (tăng 800 dân so với QH cũ), + Tầng cao: 30 (không đổi) + Hệ số: 7 (không đổi) * ô MN-1 và CX-2 vẫn có chức năng giáo dục và cây xanh (không đổi) A/Phương án hỗn hợp thấp tầng (tối ưu số dân 1.300, hệ số sdđ đạt 3.1): 1. Quy mô: Gồm 1 block chung cư hỗn hợp 24 tầng (căn hộ, officetel, shop TM và sàn TTTM) và 67 căn nhà phố 2. PA đầu tư: a) Giả định kinh doanh: + Giá bán căn hộ: 61 tr/m2 (chưa V, tim tường) + Giá bán shop TM: 70 tr/m2 (chưa V, tim tường) + Giá bán officetel: 55 tr.m2 (chưa V, tim tường) + Sàn TTTM: cho thuê sỉ giá 10$/m2/tháng + Nhà trẻ: Cho thuê giá 4$/m2/tháng. + Giá bán nhà phố: 100tr/m2 (gồm nhà và đất) (trong đó giá đất: 75.4tr/m2) b) Giả định chi phí: + Suất xây dựng cao tầng: 15tr/m2 (gồm V, allin) + Suất xây dựng thấp tầng (1 trệt 2 lầu): 7tr/m2 (gồm V, all-in, xây hoàn thiện mặt ngoài, thô bên trong) +Chi phí bán hàng: 18%/doanh thu + Lãi suất: 12%/năm + Tiền"
BDS-CURATED-0093,không đạt hiệu quả tài chính với giá chào chuyển nhượng là 280 tỷ đồng (chưa bao gồm tiền CMĐSDĐ) - Để dự án đ,tài chính với giá chào chuyển nhượng là 280 tỷ đồng,8,thành phần. * Nguồn dự án | khi chủ trương đầu tư dự án được phép phân lô bán nền. - Giả định | không đạt hiệu quả tài chính với giá chào chuyển nhượng là 280 tỷ đồng,name_missing_or_sentence,"[2022-12-14] Thao L - INVT 12/14/2022 11:09 AM Kết luận: - Dự án không đạt hiệu quả tài chính với giá chào chuyển nhượng là 280 tỷ đồng (chưa bao gồm tiền CMĐSDĐ) - Để dự án đạt hiệu quả tài chính thì giá nhận chuyện nhượng dự án từ 204 tỷ đồng (~1,34tr/m2; IRR:20%) – 250 tỷ đồng (~1,65tr/m2; IRR:15%) chưa bao gồm tiền CMĐSDĐ.. Ghi chú: - Chỉ nhận chuyển nhượng dự án khi chủ trương đầu tư dự án được phép phân lô bán nền. - Giả định: + Chủ trương đầu tư cho phép dự án phân lô bán nền => Phải hoàn thiện hạ tầng và xây dựng thô các tiện ích mới được sang tên GCNQSDĐ cho khách hàng (hiện nay các dự án ở Bình Phước chưa ra sổ, sang tên cho khách hàng vì chỉ hoàn thiện hạ tầng mà không hoàn thiện các tiện ích (TMDV, trường học, y tế, công cộng,…) kèm theo). + Quỹ đất dành cho NOXH chiếm 20% quỹ đất ở so với đối tác dự tính chỉ 10% quỹ đất ở + XD thô các công trình công công, TMDV => bán dự án thành phần. * Nguồn dự án: Ms. Xuân - Trường phòng Nguồn vốn. * Thông tin thị trường: Hỗ trợ P. R&D. * Link vị trí: https://goo.gl/maps/u7HMUhYJqdPGD9dz6 * Link hồ sơ: https://belgroupvn.sharepoint.com/:f:/s/BeeGroupCEOOffice-03.KhiuT/EtYngSxT-mdGhwMPwLcn5ssB6y44zSOy-E3U8Ny6gpGP9A?e=7lADhv Vị trí dự án: image by"
BDS-CURATED-0200,cảng tổng hợp và container Cái Mép Hạ được đề xuất đầu tư với tổng vốn 50,cảng tổng hợp và container Cái Mép Hạ được đề xuất đầu tư,7,,report_or_scenario_subject,"[2024-06-03] Huy M - IM 6/3/2024 9:16 AM https://vnexpress.net/de-xuat-dau-tu-sieu-cang-cai-mep-ha-don-tau-bien-lon-nhat-the-gioi-4753385.html Đề xuất đầu tư 'siêu cảng' Cái Mép Hạ đón tàu biển lớn nhất thế giới Bà Rịa - Vũng Tàu- Dự án cảng tổng hợp và container Cái Mép Hạ được đề xuất đầu tư với tổng vốn 50.820 tỷ đồng, quy mô 351 ha, có thể đón các tàu biển lớn nhất thế giới. vnexpress.net --- [2024-06-03] Huy M - IM 6/3/2024 9:16 AM https://vnexpress.net/de-xuat-dau-tu-sieu-cang-cai-mep-ha-don-tau-bien-lon-nhat-the-gioi-4753385.html Đề xuất đầu tư 'siêu cảng' Cái Mép Hạ đón tàu biển lớn nhất thế giới Bà Rịa - Vũng Tàu- Dự án cảng tổng hợp và container Cái Mép Hạ được đề xuất đầu tư với tổng vốn 50.820 tỷ đồng, quy mô 351 ha, có thể đón các tàu biển lớn nhất th"
BDS-CURATED-0155,là tính khả thi của công tác giải phóng mặt bằng khi diện tích nhà dân nằm xen cài nhiều trong ranh đất dự án,thương mại nên chủ đầu tư sẽ tự thực hiện giải phóng mặt,7,,name_missing_or_sentence,"[2023-06-23] Unknown User 6/23/2023 9:51 AM Này giờ xin chủ trương để đó 10-15 năm sau làm có vẻ ổn nhỉ, chứ giờ mà làm thì lỗ chết Đối với KCN Liễu Sơn - Thái Hoà 1 đã được Thủ tướng bổ sung vào quy hoạch KCN tỉnh Vĩnh Phúc từ năm 2009 (đã 14 năm). Có QH 1.2000 từ nằm 2013 (đã 10 năm). Vấn đề khó khăn nhất của dự án là tính khả thi của công tác giải phóng mặt bằng khi diện tích nhà dân nằm xen cài nhiều trong ranh đất dự án nên dù đã có các pháp lý để thực hiện nhưng 10 – 14 năm nay có thể vì vấn đề này mà chưa triển khai được. Và vì là dự án thương mại nên chủ đầu tư sẽ tự thực hiện giải phóng mặt (nhà nước không can thiệp được theo hình thức cưỡng chế) sẽ dẫn chi phí GPMB cao và sẽ bị chôn vốn kéo dài cho vấn đề này. Do đó chi phí vốn của mình sẽ cao dẫn đến giá cho thuê đầu ra của mình khó cạnh tranh được trong khu vực. ok a by Unknown User"
BDS-CURATED-0156,theo Sổ cấp 2017 là 10,"khu đất 10,052.1 m2 tại 1691/3N",10,,chat_or_attachment_subject; narrative_sentence_name; insufficient_project_evidence,"[] P.ĐT báo cáo Sếp Mr Mike1 -CEO về khu đất 10,052.1 m2 tại 1691/3N (Quốc lộ 1A), P.An Phú Đông, Quận 12, TP HCM như sau: 1. Tóm tắt sơ bộ hiện trạng pháp lý dự án: a) Vị trí và ranh dự án: https://maps.app.goo.gl/bKZVkKUcnYGRLJWw5 b. Sơ bộ hiện trạng pháp lý: Tổng diện tích khu đất theo Sổ cấp 2017 là 10,052.1 m2, đất SKC, thời hạn sử dụng đất lâu dài (theo tham khảo"
BDS-CURATED-0143,đạt hiệu quả LNTT/TMĐT ~ >=20% ở khung từ giá bán bình quân chưa VAT đạt từ 75 triệu/m2 trở lên chi phí đầu tư,kỳ vọng,8,và chạy độ nhạy như trên thì trong trường hợp dự án tiền đất khấu trừ tốt nhất | tiền đất khấu trừ tốt nhất | vẫn chưa đạt hiệu quả kỳ vọng,name_missing_or_sentence,"[] Phòng có chạy thêm độ nhạy theo 2 giả định: Cố định tiền sử dụng đất được khấu trừ ~ đơn giá 168 tr/m2: thay đổi giá bán căn hộ và thay đổi suất vốn đầu tư all-in thì dự án đạt hiệu quả LNTT/TMĐT ~ >=20% ở khung từ giá bán bình quân chưa VAT đạt từ 75 triệu/m2 trở lên chi phí đầu tư xây dựng chưa VAT từ dưới 12,7 tr/m2 all in (Theo bảng độ nhạy, vùng tô vàng) 2. Cố định giá bán căn hộ ~ đơn giá 68,8 tr/m2: thay đổi đơn giá đất được khấu trừ và thay đổi suất vốn đầu tư all-in thì tại mức đơn giá được khấu trừ tối đa ~ 185 tr/,2 = đơn giá đất thặng dư là không đóng thêm tiền sử dụng đất bổ sung) thì tỷ lệ LNTT/TMĐT chỉ đạt 10,8%. (theo bảng độ nhạy) Theo kết quả tính FS và chạy độ nhạy như trên thì trong trường hợp dự án tiền đất khấu trừ tốt nhất (bằng với đơn giá đất tính thặng dư =>không đóng thêm tiền sử dụng đất, đây là giả định lạc quan, thực tế khó mà đạt được) thì dự án vẫn chưa đạt hiệu quả kỳ vọng (chỉ đạt 10,8%) tại mức giá bán căn hộ đề xuất ~ 68,8 tr (chưa VAT). Như vậy, để dự án đạt hiệu quả thì giá bán căn hộ mang tính quyết định ưu tiên, từ 75 tr/m2 chưa VAT và tiền sử dụng đất được khấu trừ cao nhất có thể (tối thiểu từ 168 tr/m2)"
BDS-CURATED-0154,cần kiểm tra xem có chuyển lên thổ cư để thực hiện dự án chung cư được hay không,Phía đối tác chào bán hiện trạng - Nguồn,7,,narrative_sentence_name,"[] Phòng Pháp lý dự án cần kiểm tra xem có chuyển lên thổ cư để thực hiện dự án chung cư được hay không, và nêu rõ quy trình thực hiện dự án Phía đối tác chào bán hiện trạng - Nguồn: Mr. Nhựt - Link Map: https://goo.gl/maps/C86NnDNwQKH22Bek9- Link OneDrive: Dự án 1.2ha đường Thuận An Hòa, P. An Phú - OneDrive (sharepoint.com)"
BDS-CURATED-0117,hạ tầng trọng điểm quốc gia đang được triển khai như Đường DT 770B (LG 60m) khởi công xây dựng Quý I-2024,"báo cáo Nghiên cứu Quỹ đất thuộc xã Tân Hiệp, huyện Long Thành, tỉnh Đồng Nai",10,,name_missing_or_sentence; insufficient_project_evidence,"[2023-11-27] Sinh Nguyen-Dau Tu 11/27/2023 3:24 PM KĐT gửi anh Tuan Tran-CEO về báo cáo Nghiên cứu Quỹ đất thuộc xã Tân Hiệp, huyện Long Thành, tỉnh Đồng Nai: 1/ Hạ tầng giao thông 1.1/ Hạ tầng trọng điểm Đồng Nai: ● Giao thông: Cao tốc Bến Lức – Long Thành, cao tốc Biên Hòa – Vũng Tàu, cao tốc Long Thành – Dầu Giây; Đường Vành Đai 3, đường Vành Đai 4; Đường Quốc lộ 51, đường DT770B, đường Nguyễn Ái Quốc (Đường 25C),… ● Sân bay quốc tế Long Thành ● Cảng quốc tế Cái Mép – Thị Vãi ● Đường sắt Biên Hòa – Vũng Tàu, Thủ Thiêm – Long Thành,… 1.2/ Hạ tầng khu vực nghiên cứu ● Cách nút giao cao tốc Bến Lức – Long Thành, cao tốc Biên Hòa - Vũng Tàu và Quốc lộ 51C khoảng 9km (đi theo tuyến đường Quốc lộ 51C vào nút giao) ● Cách nút giao cao tốc Biên Hòa – Vũng Tàu và đường Nguyễn Ái Quốc (Đường 25C) khoảng 16km ● Tiếp giáp tuyến đường DT770B (QH dự kiến 60m), dự kiến khởi công Quý I/2024, kết nối 4 huyện (Định Quán, Thống Nhất, Cẩm Mỹ và Long Thành) và 1 Thành phố (Long Khánh) 2/ Phân tích Swot a/ Điểm mạnh: Giáp KCN Tân Hiệp – Bàu Cạn, quy hoạch KCN 2.627ha (KCN thuộc xã Tân Hiệp là 1.333ha) lớn thứ 2 tỉnh Đồng Nai và lớn thứ nhất huyện Long Thành; Giáp KCN Phước Bình, quy hoạch khoảng 1.000ha Nằm gần n"
BDS-CURATED-0216,phân lô bán nền (không xây nhà) giá rẻ ở Nhơn Trạch,phân lô bán nền,7,,narrative_sentence_name,"[2023-07-03] Sinh Nguyen-Dau Tu 7/3/2023 3:17 PM K.ĐT (kết hợp P.R&D) gửi báo cáo anh Tuan Tran-CEO về khảo sát giá mặt tiền các trục đường chính - phía đông TP. Thủ Đức và các dự án phân lô bán nền (không xây nhà) giá rẻ ở Nhơn Trạch, T.Đồng Nai như sau: A/ Khảo sát giá mặt tiền các trục đường chính - phía đông TP. Thủ Đức (Quận 9): Nhận xét về thị trường: Đơn giá rao bán đất dựa trên cơ sở: Diện tích đất ưu tiên <200m² Giá giảm sâu khoảng 15-20% so với năm ngoái đối với những tài sản bị vướng trả lãi vay ngân hàng và chứng khoán. Đồng thời, tính thanh khoản thấp, ít tin rao Tỷ lệ chênh lệch ±10% trên giá niêm yết phụ thuộc vào: Chủ đất có bán gấp hay không, gần các tiện ích,… Hiện Cầu Long Đại đã có những bước thi công trở lại, đặc biệt là đã nối 2 đầu cầu giữa địa phận phường Long Phước và Vinhomes Grand Park Dự án đường Vành đai 3 TP.HCM vừa được chính thức khởi công có đoạn đi qua địa bàn quận 9 (cũ) nay là TP. Thủ Đức. Những tuyến đường chính hiện hữu (đường nhỏ, 2 làn xe ngược chiều) được hưởng lợi trực tiếp từ tuyến đường Vành đai này như được giảm tải, mạng lưới giao thông thuận tiện dễ dàng kết nối với các vùng lận cận. Đường Nguyễn Duy Trinh đoạn từ Cao tốc đến đường Tam Đa có đơn gi --- [2023-07-03] Sinh Nguyen-Dau Tu 7/3/2023 3:17 PM K.ĐT (kết hợp P.R&D) gửi báo cáo anh Tuan Tran-CEO về khảo sát giá mặt tiền các trục đường chính - phía đông TP. Thủ Đức và các dự án phân lô bán nền (không xây nhà) giá rẻ ở Nhơn Trạch, T.Đồng Nai như sau: A/ Khảo sát giá mặt tiền các trục đường chính - phía đông TP. Thủ Đức (Quận 9): Nhận xét về thị trường: Đơn giá rao bán đất dự"
BDS-CURATED-0167,The Bale của Được gửi giá đã giảm mà lại ko lãi hã Dự án Bale này giá có giảm nhưng pháp lý trước đây họ cam k,này à,7,,name_missing_or_sentence,[2023-06-01] Unknown User 6/1/2023 2:24 PM Ủa dự án The Bale của Được gửi giá đã giảm mà lại ko lãi hã Dự án Bale này giá có giảm nhưng pháp lý trước đây họ cam kết là có thể chuyển sang đất tmdv đóng tiền 1 lần được nhưng giờ cập nhật lại là chỉ được thuê trả tiền hàng năm. Với đất thuê trả tiền hàng năm thì phương án bán sản phẩm thu tiền một lần rất khó và cũng chưa gặp trường này trên thị trường và pháp lý để chuyển giao phần thuê đất cho người mua đối với đất thu tiền hàng năm hiện nay cũng chưa rõ ràng. 2. Dự án với mục đích phát triển du lịch nhưng lại không có mặt biển trực tiếp phải đi 500m mới ra tới. 3. Thời hạn sử dụng đến 2058 (còn 35 năm) triển khai hoàn tất cũng mất từ 3 - 5 năm nên thời hạn sử dụng còn lại chỉ được 30 năm sẽ rất kém khách. Qua những hạn chế trên thì P.DT đề xuất mình không tham gia dự án này à
BDS-CURATED-0218,rà soát và làm rõ các điểm pháp lý sau,A&K,7,không đạt được hiệu quả tài chính mong muốn. - Cách tính hiện tại,insufficient_project_evidence,"[2025-10-01] Thao L - INVT 10/1/2025 5:50 PM Translate Lưu ý: 1. Về tiền sử dụng đất: - TSDĐ là yếu tố ảnh hưởng trọng yếu đến hiệu quả tài chính của dự án. Với giá trị lớn, rủi ro tăng TSDĐ khiến dự án không đạt được hiệu quả tài chính mong muốn. - Cách tính hiện tại: P.ĐT đang tạm tính theo mức tối thiểu, với các giả định: + Thời điểm xác định là năm 2025. + Đơn giá TSDĐ được tính bằng 4 lần đơn giá Nhà nước đường Bình Chuẩn 67. Cơ sở: chênh lệch giữa đơn giá đất Nhà nước và đơn giá phê duyệt để tính TSDĐ của dự án A&K (Q1/2025) = 4 lần. - Rủi ro phát sinh làm tăng tiền sử dụng đất: + Theo timeline dự kiến tiền sử dụng sẽ được tính vào khoảng Q1.2026. Thời điểm này, có thể sẽ áp giá bán của các dự án mới với giá cao đã bán năm 2025 – 2026 gần PGK. + Hiện tại, giả định đang dùng tỷ lệ 4 lần đơn giá NN năm 2025 của Bình Dương (cũ). Tuy nhiên, thực tế cho thấy: . Bình Dương cũ: tỷ lệ tăng giá đất NN 2024–2025 không thay đổi. . TP.HCM cũ : tỷ lệ tăng giá đất NN 2024–2025 tăng mạnh nhiều lần. . Sau khi sáp nhập Bình Dương và TP.HCM, nhiều khả năng đơn giá NN tại Bình Dương sẽ tăng mạnh theo mặt bằng giá của TP.HCM, khó dự đoán chính xác => TSDĐ có thể tăng đột biến, ảnh hưởng nghiêm trọng đến hiệu"
BDS-CURATED-0084,Khách sạn 5 sao 12 Hùng Vương Đà Lạt,"Khách sạn 5 sao tại đường 12 Hùng Vương, TP Đà Lạt, Tỉnh Lâm Đồng",9,HIỆU QUẢ DỰ ÁN GIẢ ĐỊNH | Vị trí | GIẢ ĐỊNH,insufficient_project_evidence,"[] P.ĐT xin báo cáo Sếp Admin 01 về dự án Khách sạn 5 sao tại đường 12 Hùng Vương, TP Đà Lạt, Tỉnh Lâm Đồng như sau: I. SƠ BỘ VỀ DỰ ÁN Vị trí: 12 Hùng Vương, TP Đà Lạt, Tỉnh Lâm Đồng (Map: https://maps.app.goo.gl/6iyNdteYfVyyT9Xy9) Pháp lý: Đất ở, thời hạn sử dụng đất: lâu dài Quy hoạch: Được quy hoạch làm khách sạn 5 tầng + 2 hầm, tính theo phương án 159 phòng. II. ĐÁNH GIÁ HIỆU QUẢ DỰ ÁN GIẢ ĐỊNH: 1. Phương án kinh doanh (Theo anh David Cường) 2. Tổng Mức Đầu Tư Dự Án: Hiện chưa có TMĐT nên BP Đầu tư giả định gồm có CPXD và tiền đất Nhận xét: Do quỹ đất là đất TMDV có thời hạn sử dụng lâu dài, giá trị quyền sử dụng đất không bị giảm sau khi dự án khách sạn kết thúc vòng đời vận hành. Do đó Bộ phận đầu tư sẽ tính theo 2 phương án: Phương án có đất Phương án không có đất (đánh giá tỷ suất lợi nhuận dựa trên chi phí đầu tư xây dựng ban đầu) a) Hiệu quả 2 phương án b) Độ nhạy Độ nhạy TMĐT/Phòng (bao gồm VAT)/phòng và Giá thuê (bao gồm VAT) đối với PA bao gồm đất Độ nhạy TMĐT/Phòng (Bao gồm VAT)/phòng và Giá thuê (bao gồm VAT) đối với PA không bao gồm đất Ủa chỗ giá bán đất là sao nhỉ by Admin 01"
BDS-CURATED-0195,The Sang Residence đang gần hoàn thành xây dựng với giá bán (58-68trđ/m2) với vị trí nằm sâu trong đường Phạm,của mình. image by Unknown User,7,The Sang Residence đang gần hoàn thành xây dựng với giá bán,name_missing_or_sentence,[2022-08-10] Quy Vo-PTDT 8/10/2022 10:54 AM Dự án The Sang Residence đang gần hoàn thành xây dựng với giá bán (58-68trđ/m2) với vị trí nằm sâu trong đường Phạm Kiệt và khoảng cách đi ra biển Mỹ Khê khoảng 1.2-1.4 km không lợi thế hơn so với dự án của mình. image by Unknown User
BDS-CURATED-0179,tuy đạt hiệu quả đầu tư về mặt tính toán nhưng sẽ bị vướng mắc về Pháp lý đất (đất SKC bị hết hạn,Nhờ a Nghiệp check ply a by Unknown User,9,"chưa được phê duyệt chủ chương đầu tư, Công ty Việt An chưa có QSDĐ hợp pháp nên",name_missing_or_sentence; narrative_sentence_name,"[2024-12-06] Huy M - IM 12/6/2024 8:05 AM Translate Dự án tuy đạt hiệu quả đầu tư về mặt tính toán nhưng sẽ bị vướng mắc về Pháp lý đất (đất SKC bị hết hạn, không gia hạn được do không phù hợp quy hoạch=> bị thu hồi), dự án chưa được phê duyệt chủ chương đầu tư, Công ty Việt An chưa có QSDĐ hợp pháp nên sẽ có thể phải thực hiện đấu thấu. Chi tiết nội dung này phần đề xuất và báo cáo pháp lý dự án Nhờ a Nghiệp check ply a by Unknown User --- [2024-12-06] Huy M - IM 12/6/2024 8:05 AM Translate Dự án tuy đạt hiệu quả đầu tư về mặt tính toán nhưng sẽ bị vướng mắc về Pháp lý đất (đất SKC bị hết hạn, không gia hạn được do không phù hợp quy hoạch=> bị thu hồi), dự án chưa được phê duyệt chủ chương đầu tư, Công ty Việt An chưa có QSDĐ hợp pháp nên"
BDS-CURATED-0042,có mặt tiền rộng khoảng 100m ngay đường Nguyễn Hữu Thọ,"GS Metro City, cách dự án Zeitgeist khoảng 600m - Hiện trạng đất trống",7,,narrative_sentence_name,"[2022-08-26] Trieu Nguyen-PTDT 8/26/2022 2:10 PM Edited Dear anh Tuan Tran-CEO, Anh Binh Vo-GD-PTDT và Mi đã gặp bên chào bán là công ty Anh Tuấn để lấy thông tin sơ bộ 2 dự án 3.4ha và 3ha, thông tin cụ thể: A/ Dự án 3.4ha tại đường Nguyễn Hữu Thọ, Nhà Bè, TPHCM có giá chào 589 tỷ (17tr/m2 đất): 1. Vị trí và hiện trạng: - Dự án có mặt tiền rộng khoảng 100m ngay đường Nguyễn Hữu Thọ, Nhà Bè, TPHCM, cách đường Nguyễn Văn Linh, Q7 khoảng 5km, cách trung tâm Q1 khoảng 11km, cách sân bay Tân Sơn Nhất khoảng 17km - Nằm đối diện dự án GS Metro City, cách dự án Zeitgeist khoảng 600m - Hiện trạng đất trống (theo quan sát vệ tinh), có chiều sâu so với đường Nguyễn Hữu Thọ khoảng 380m 2. Pháp lý đất: - Chưa có hồ sơ cụ thể - Bản vẽ hiện trạng: 34729m2 đất nông 3. Pháp lý đầu tư: chưa có 4. Pháp lý quy hoạch: - QH 1.2000: + Đất thương mại 793.62m2 (2.29%) + Đất chung cư: 22266.33m2 (64.11%), HSSD 3.85 - 4.93 lần, MĐXD 20%, 18 - 23 tầng cao, dân số 2448 + Hành lang điện: 74.07m2 (0.21%) + Đất giao thông: 11595m2 (33.39%) 5. Pháp lý xây dựng: Chưa có 6. Loại hình phát triển: Chung cư trung cao cấp - 1 sàn TMDV (giá thuê khoán $8/m2/tháng có VAT) và 26 căn shop thương mại (giá bán trung bình 70tr/m2 sàn thôn"
BDS-CURATED-0282,Vo Van Kiet Gop 2 Lo (IN),Vo Van Kiet Gop 2 Lo,9,,insufficient_project_evidence,[] Phòng xin gửi đính kèm Báo cáo Đầu tư (dạng trình bày) và Báo cáo đề xuất giá của phòng R&D. 28.5 P.ĐT BC Trinh Bay DA Vo Van Kiet Gop 2 Lo (IN).pdf 27052026_R&D_2VVK - IN.pdf Sao Phú Quốc xây 16tr mà ĐN xây 21tr lận by Admin 01
BDS-CURATED-0217,phân lô bán nền ở phường Long Phước ạ Vị trí dự án,phân lô bán nền ở phường Long Phước ạ Vị trí dự án,7,,narrative_sentence_name,[] Dạ em gửi định vị 2 dự án phân lô bán nền ở phường Long Phước ạ Vị trí dự án: ViệtNhân1234: https://maps.app.goo.gl/JgiGYy1CTvYwjKz58 Blue Diamond Riverside: https://maps.app.goo.gl/XvU1q69F5AkAa2Br9
BDS-CURATED-0350,theo các phân kỳ,Phú Quang cập nhật theo phương án NOTM thay thế NOXH,8,theo các phân kỳ,chat_or_attachment_subject,"[] P.ĐT báo cáo anh Mr Mike1 -CEO, bảng FS Phú Quang cập nhật theo phương án NOTM thay thế NOXH: 1. Các giả định thay đổi trong bài tính: - Giá bán và chi phí được cập nhật: Giá bán tham chiếu theo báo cáo thị trường của P.RnD, chi phí tính tăng lên khoảng 10% để phù hợp với tốc độ trượt giá và tình hình xây dựng hiện tại - Tiền sử dụng đất: Bài tính tiền sử dụng đất cập nhật lại giá thị trường (lên khoảng 50tr/m2) để làm số liệu đầu vào, đồng thời tính toán lại theo quy hoạch mới của P.TKQH. P.ĐT đang giả định thời điểm công ty được giao đất và xác định nghĩa vụ tài chính đợt 2 vào năm 2027. Ngoài ra P.ĐT cũng đã ước tính số tiền đối tác phải đóng cho lần giao đất đợt 1 để lấy số khấu trừ cho tiền sử dụng đất đợt 2. - Quy hoạch: P.ĐT đang tính 2 phương án: PA1: NOXH được chuyển thành khu NOTM thấp tầng PA2: NOXH được chuyển thành khu NOTM cao tầng. - Bài toán kinh doanh: Định hướng P.ĐT đề xuất phát triển dự án theo các phân kỳ như sau: + Triển khai phân khu cao tầng trước (có thể kết hợp bán 1 số khu thấp tầng gần công viên chính) + Xây dựng nhà thấp tầng, biệt thự và bán sau cùng để đảm bảo giá trị mang lại cho CĐT cao nhất và giá bán cũng có thể đạt mức maximum. 2. Tiến độ triển k"
BDS-CURATED-0345,Phú Gia Khiêm với 02 phương án,TÀI CHÍNH - Lợi nhuận trước thuế,8,Phú Gia Khiêm với 02 phương án,report_or_scenario_subject,"[2025-10-01] Thao L - INVT 10/1/2025 5:49 PM Translate K.ĐT gửi anh Mr Mike1 -CEO về cập nhật dự án Phú Gia Khiêm với 02 phương án như sau: A. PHƯƠNG ÁN CĂN HỘ + DÃY SHOPHOUSE LIỀN KỀ (CHUYỂN OFFICETEL THÀNH THẤP TẦNG) 1. TỔNG CHI PHÍ DỰ ÁN (VAT): 5,025 tỷ - Tổng mức đầu tư: 3,883 tỷ, trong đó: + Chi phí tiền sử dụng đất thấp nhất: 712 tỷ (Đơn giá đóng TSDĐ của PGK gấp 4 lần đơn giá Nhà nước đường Bình Chuẩn 67 = tỷ lệ giữa đơn giá theo văn bản Phê duyệt đơn giá đất để tính TSDĐ của dự án A&K vào Q1.2025 và đơn giá nhà nước đoạn đường tọa lạc của dự án A&K = 4 lần) – Tạm tính vào thời điểm 2025 + Suất xây dựng căn hộ allin (VAT): 13tr/m2 sàn + Suất xây dựng Shophouse liên kế (VAT): 6tr/m2 sàn - Chi phí bán hàng (VAT) : 787 tỷ ~ 17% Doanh thu chưa VAT 2. TỔNG DOANH THU DỰ ÁN (VAT): 5,187 TỶ - Đơn giá trung bình căn hộ (chưa VAT, tim tường): 42.5tr/m2 sàn - Đơn giá trung bình Shophouse khối cao tầng (chưa VAT, tim tường): 70tr/m2 sàn - Đơn giá trung bình Shophouse liên kế (chưa VAT, gồm đất + nhà): 110tr/m2 đất 3. CƠ CẤU VỐN: - Vốn chủ sở hữu: 33.1% - Vốn vay: 38.5% - Vốn huy động từ khách hàng: 28.4% 4. HIỆU QUẢ TÀI CHÍNH - Lợi nhuận trước thuế: 358 tỷ - Lợi nhuận sau thuế: 162 tỷ - Lợi nhuận tr"
BDS-CURATED-0338,PGK phương án 900 tỷ,PGK phương án 900 tỷ,8,"đầu tư Giá vốn bao nhiêu thì ổn, em cho chạy các m... by Unknown User",report_or_scenario_subject,"[2024-09-17] Trieu Nguyen-PTDT 9/17/2024 5:27 PM Edited Translate Em gửi anh hiệu quả dự án PGK phương án 900 tỷ: + LNTT / TMĐT : 14,15% + NPV = -10 tỷ + IRR = 10,7% + Thời gian hoàn vốn: 4,75 năm => Dự án chưa đạt hiệu quả đầu tư Giá vốn bao nhiêu thì ổn, em cho chạy các m... by Unknown User"
BDS-CURATED-0103,Hội An Riverside Resort & Spa theo Concept Lamanon và giá kinh doanh của anh David Cường cung cấp,"thay đổi theo suất vốn đầu tư,",8,,name_missing_or_sentence,"[] Phòng ĐT báo cáo Sếp Admin 01 về cập nhật FS dự án Hội An Riverside Resort & Spa theo Concept Lamanon và giá kinh doanh của anh David Cường cung cấp, như sau: 1/ Cơ cấu phòng: 125 phòng gồm 105 phòng khách sạn và 20 phòng Villa (không thay đổi) 2/ Suất đầu tư Chi phí đầu tư (gồm VAT) Tháng 4/2026 Tháng 12/2024 Suất vốn đầu tư /key 2,7 tỷ/key 2,3 tỷ/key Đơn giá All - in 17,8 tr/m2 15 tr/m2 Tổng chi phí đầu tư 377 tỷ đồng 303 tỷ đồng 3/Giá bán, tỷ lệ lấp đầy, chi phí vận hành: Giá kinh doanh Tháng 4/2026 Tháng 12/2024 Giá phòng khách sạn 2,97 triệu/phòng 2,7 triệu/phòng Giá phòng Villa 9,27 triệu/phòng 8 triệu/phòng Công suất 65%,70%,72%,80% 60%,65%,70%, 75%, 80% Doanh thu khác 31% 35% Giá bình quân 150 USD (tỷ giá 27.000 đồng) 4/Hiệu quả đầu tư Chỉ tiêu Tháng 4/2026 Tháng 12/2024 IRR 17.1% 17.1% NPV 75 tỷ đồng 104 tỷ đồng Thời gian hoàn vốn 7 năm 9 năm Do concept mới chưa có suất vốn đầu tư nên phòng đang tạm tính theo suất vốn chuẩn 5 sao mức đầu tư cao cấp ~ 2,7 tỷ/key và có tính độ nhạy hiệu quả thay đổi theo suất vốn đầu tư, như sau: Dựa vào bảng độ nhạy thì dự án đạt hiệu quả với giới hạn suất vốn đầu tư/key tối đa ~2,9 tỷ/key, tương đương với đơn giá xây dựng all-in khoảng 19"
BDS-CURATED-0069,đã được chấp thuận đầu tư dự án và đã được gia hạn tiến độ 02 năm kể từ ngày được cấp phép xây dựng - Hiện chủ,liền kề),7,,name_missing_or_sentence,"[] P.ĐT báo cáo anh Mr Mike1 -CEO về việc cập nhật hiệu quả tài chính và pháp lý dự án 2,3ha Bình Điền – Bình Chánh, sau khi phòng Pháp lý và phòng Quy hoạch gặp đối tác như sau: 1/ Vị trí: - Cách Chợ Đầu Mối Bình Điền khoảng 400m, cách ranh Quận 8 và huyện Bình Chánh khoảng 150m, cách UBND huyện Bình Chánh khoảng 3,2km, cách nút giao Vành Đai 2 - Nguyễn Văn Linh khoảng 2,2km - Tiềm năng trong tương lai: + Cách bến xe miền Tây mới khoảng 1,5km + Nằm giữa trung tâm lưu thông hàng hóa I (khu E -115ha) và trung tâm lưu thông hàng hóa II (khu D - 85ha) thuộc khu đô thị Phú Mỹ Hưng => Dự kiến 30/04/2025 hoàn tất việc giải phóng đền bù + Cách các nhà ga thuộc tuyến Metro line 7 trong bán kính 500m 2/ Pháp lý 2.1/ Phòng Pháp lý - Dự án đã được chấp thuận đầu tư dự án và đã được gia hạn tiến độ 02 năm kể từ ngày được cấp phép xây dựng - Hiện chủ đầu tư chưa thực hiện ký quỹ, dự án sẽ bị chấm dứt hoạt động nếu nhà đầu tư không ký quỹ hoặc không có bảo lãnh nghĩa vụ ký quỹ (mức ký quỹ là 1%/ Vốn đầu tư dự án) - Phối hợp đầu tư hạ tầng kỹ thuật và giao thông theo nguyên tắc 50 – 50 với công ty Phú Mỹ Lợi (dự án liền kề) - Tại thời điểm này, công ty Thuận Hưng quản lý sử dụng 02 vị trí đất và thự"
BDS-CURATED-0146,Holiday Beach tại Đà Nẵng đánh giá nhanh phương án vận hành khách sạn tạm thời trong thời gian ngắn,nhanh phương án vận hành khách sạn tạm thời trong thời gian ngắn,10,+ Phương án tạm khai thác 7 năm | + Phương án tạm khai thác 10 năm | không hiệu quả + Phương án tạm khai thác 7 năm,name_missing_or_sentence; report_or_scenario_subject,"[2024-09-14] Unknown User 9/14/2024 11:54 AM P.Đầu tư gửi anh Mr Mike1 -CEO Bảng tính toán hiệu quả dự án Holiday Beach tại Đà Nẵng đánh giá nhanh phương án vận hành khách sạn tạm thời trong thời gian ngắn: 1/ Các giả định trong bảng tính: + Doanh thu và chi phí hoạt động được căn cứ theo phương án kinh doanh của Mr. Cường – GM 📷 + … Phương án tạm tính bài toán đầu tư của HB 2 à K.ĐT báo cáo anh Mr Mike1 -CEO về thị... by Thao L - INVT, has an attachment. --- [2024-09-14] Trieu Nguyen-PTDT 9/14/2024 11:54 AM Translate P.Đầu tư gửi anh Mr Mike1 -CEO Bảng tính toán hiệu quả dự án Holiday Beach tại Đà Nẵng đánh giá nhanh phương án vận hành khách sạn tạm thời trong thời gian ngắn: 1/ Các giả định trong bảng tính: + Doanh thu và chi phí hoạt động được căn cứ theo phương án kinh doanh của Mr. Cường – GM + Chi phi hoàn thiện công trình từ thời điểm hiện tại đến lúc hoạt động kinh doanh: 198 tỷ có VAT được cung cấp bởi phòng QS + Bảng tính không tính chi phí mua dự án đầu vào, chi phí hiện tại đã đầu tư vào công trình 524,8 tỷ (theo số liệu P. Tài chính cung cấp) + Bảng tính chưa tính toán các phần chi phí liên quan đến chi phí phạt, xử lý và khắc phục các sai phạm hiện có của công trình xây dựng. Hiện tại chưa ước tính được các chi phí phát sinh và các điều chỉnh giảm diện tích xây dựng và công năng hoạt động của công trình. => Do đó phương án đang tính toán là phương án lạc quan nhất về mặt chi phí và hiện trạng công trình 2/ Kết quả tính toán: + Phương án tạm khai thác 5 năm: NPV < - 50,78 tỷ , IRR 0,98% => Dự án không hiệu quả + Phương án tạm khai thác 7 năm: NPV < - 2,17 tỷ, I"
BDS-CURATED-0178,tuy nhiên,tuy nhiên,8,IRR tuy có cải thiện nhưng ko được nhiều Ok anh by Unknown User,narrative_sentence_name,"[2023-12-18] Unknown User 12/18/2023 6:44 PM Pa2 irr vẫn thấp nhỉ PA2 khi muốn tăng dân số thì mình đang binh dân số NOXH chiếm 20% thì sẽ thuận lợi cho việc xin điều chỉnh ( cũng có cơ sở). Việc tăng dân số, hệ số sử dụng đất sẽ cải thiện hiệu quả dự án tuy nhiên: 1. Phần dân số tăng thêm sẽ phải phân bổ nhiều hơn cho NOXH như trình bày ở trên 2. Phải cắt đất ở để làm các công trình hạ tầng phục vụ cho dân số tăng thêm 3. Đóng tiền sử dụng đất bổ sung thêm 4. Mất 1 tầng thương phẩm làm tầng lánh nạn Nên hiệu quả IRR tuy có cải thiện nhưng ko được nhiều Ok anh by Unknown User"
BDS-CURATED-0215,phân lô ( ko xây nhà) nào đang rẻ nhất 1 Like reaction,phân lô,7,,narrative_sentence_name,[2023-06-22] Tuan Tran-CEO 6/22/2023 11:08 AM Tìm hiểu bên Nhơn Trạch xem dự án phân lô ( ko xây nhà) nào đang rẻ nhất 1 Like reaction. Ai nghiên cứu luôn gía cho thuê đất KCN ở g... by Unknown User
BDS-CURATED-0368,có vị trí gần với Fenica và Phú Gia Khiêm,đưa ra quyết định kỹ hơn,8,sơ bộ vị trí và nguồn cung khu vực,narrative_sentence_name,"[] P.ĐT đã chuẩn bị file file đánh giá sơ bộ vị trí và nguồn cung khu vực. (đính kèm dưới) Cụ thể, dự án có vị trí gần với Fenica và Phú Gia Khiêm. Đây là khu vực có mật độ dân số và tốc độ đô thi hóa cao. Xung quanh tập trung nhiều nhà xưởng, nhà máy, KCN và các dự án cao tầng. Nguồn cung khu vực tính bán kính 4km từ tâm dự án là ~ 10k căn hộ. Do đó mức độ cạnh tranh trong tương lai khoảng 2-3 năm tới là tương đối cao. Bên cạnh đó dự án còn có hơn 500 căn officetel, một sản phẩm mới đang được hầu hết các CĐT áp dụng kèm trong các chung cư, khác với sản phẩm căn hộ ở truyền thống, khả năng hấp thụ officetel này vẫn còn là dấu hỏi. P.ĐT đề xuất tạm thời theo dõi thêm dự án này và đợi xem khả năng hấp thụ của các dự án lân cận để đánh giá đưa ra quyết định kỹ hơn. --- [] P.ĐT đã chuẩn bị file file đánh giá sơ bộ vị trí và nguồn cung khu vực. (đính kèm dưới) Cụ thể, dự án có vị trí gần với Fenica và Phú Gia Khiêm. Đây là khu vực có mật độ dân số và tốc độ đô thi hóa cao. Xung quanh tập trung nhiều nhà xưởng, nhà máy, KCN và các dự án cao tầng. Nguồn cung khu vực tính bán kính 4km từ tâm dự án là ~ 10k căn hộ. Do đó mức độ cạnh tranh trong tương lai khoảng 2-3 năm tới là tương đối cao. Bên cạnh đó dự án còn có hơn 500 căn officetel, một sản phẩm mới đang được hầu hết các CĐT áp dụng kèm trong các chung cư, khác với sản phẩm căn hộ ở truyền thống, khả năng hấp thụ officetel này vẫn"
BDS-CURATED-0113,Westgate của AnGia – 38 tr/m2 (vị trí trung tâm Huyện Bình Chánh) + Thấp hơn mức giá trung bình của Akari – Na,Westgate của AnGia – 38 tr/m2,7,,name_missing_or_sentence,"[2024-10-07] Huy M - IM 10/7/2024 8:30 AM Translate Hiện tại mình đang set giá bán chung cư hiện trạng là 42 tr/m2, lúc mở bán 46 tr/m2 (đã tăng 10% so với giá đề xuất năm 2023) và giá này: + Đang cao hơn 10% so với dự án Westgate của AnGia – 38 tr/m2 (vị trí trung tâm Huyện Bình Chánh) + Thấp hơn mức giá trung bình của Akari – Nam Long khoảng 10% - 44 – 50 tr/m2 (Vị trí và tiện ích của Akari có nhỉnh hơn mình một chút). Akari đang bán được giá cao một phần cũng do họ làm theo phong cách Nhật, diện tích trung bình 1 căn nhỏ. Điểm trừ lớn của dự án mình khiến không set giá Bán cao được là do theo QH 1.500 được duyệt từ năm 2008 diện tích trung bình 1 căn quá lớn lên tới 82 m2/căn (trung bình thị trường tầm 60 m2/căn) Về giá bán biệt thự mình đang bán 80 tr/m2, giá bán của khu bên trong dự án đang khoảng 60 tr/m2 Nên giá bán theo hiện trạng của dự án đang đề xuất cũng là ở mức phù hợp à. Ok a by Unknown User"
BDS-CURATED-0197,Với phương án của mình trước là làm phân kh,Với phương án của mình trước là làm phân kh... by Unknown User,7,,report_or_scenario_subject,"[2023-09-25] Binh Vo-GD-PTDT 9/25/2023 9:55 AM Vì cùng khu, và noxh ko thể bán giá cao được vì bị giới hạn định mức ln 10%, lưu ý chi phí đất ko được phân bổ vào giá thành của noxh vì noxh được miễn tiền sử dụng đất, và tiền bồi thường đất thì được khấu trừ trong tssđ của toàn dự án Với phương án của mình trước là làm phân kh... by Unknown User"
BDS-CURATED-0181,đấu thầu tại Nhơn Trạch,"đấu thầu tại Nhơn Trạch, Đồng Nai",9,,insufficient_project_evidence,"[2025-07-15] Hanh T - INVT 7/15/2025 6:20 PM Edited Translate P. ĐT báo cáo Sếp Mr Mike1 -CEO về sơ bộ tổng mức đầu tư cụm DA đấu thầu tại Nhơn Trạch, Đồng Nai như sau: Cụm DA Đấu thầu có tổng diện tích 386 ha gồm có 04 phân khu: PK3 (80 ha), PK4 (92ha), PK5 (129 ha), PK6 (85ha). Mỗi phân khu theo QH gồm có đất ở cao tầng và đất thấp tầng (Nhà --- [2025-07-15] Hanh T - INVT 7/15/2025 6:20 PM Edited Translate P. ĐT báo cáo Sếp Mr Mike1 -CEO về sơ bộ tổng mức đầu tư cụm DA đấu thầu tại Nhơn Trạch, Đồng Nai như sau: Cụm DA Đấu thầu có tổng diện tích 386 ha gồm có 04 phân khu: PK3 (80 ha), PK4 (92ha), PK --- [2025-07-15] Hanh T - INVT 7/15/2025 6:20 PM Edited Translate P. ĐT báo cáo Sếp Mr Mike1 -CEO về sơ bộ tổng mức đầu tư cụm DA đấu thầu tại Nhơn Trạch, Đồng Nai như sau: Cụm DA Đấu thầu có tổng diện tích"
BDS-CURATED-0115,có tỷ lệ LNTT/TMDT đạt hiệu quả nhưng không đạt hiệu quả về chỉ tiêu IRR,tài chính,8,"hơn, K.ĐT đề xuất chuyển toàn bộ | nhưng không đạt hiệu quả về chỉ tiêu IRR, NPV 10) Đề xuất | đạt hiệu quả hơn, K.ĐT đề xuất chuyển toàn bộ",narrative_sentence_name,"[2024-12-16] Huy M - IM 12/16/2024 5:49 PM Translate 8) Hiệu quả tài chính: • Lợi nhuận trước thuế/TMĐT: 24.1% • NPV chủ đầu tư: (20,637) • IRR chủ đầu tư: 11.68% 9) Kết luận: Dự án có tỷ lệ LNTT/TMDT đạt hiệu quả nhưng không đạt hiệu quả về chỉ tiêu IRR, NPV 10) Đề xuất: • Thị trường huyện Vĩnh Tường và Yên Lạc chưa phù hợp với việc phát triển trung tâm thương mại dịch vụ vì nhu cầu thị trường thấp, tính thanh khoản kém. Để dự án đạt hiệu quả hơn, K.ĐT đề xuất chuyển toàn bộ (hoặc đa phần) đất TMDV sang đất ở để tạo tính thanh khoản cao và phù hợp nhu cầu thị trường thực tế. Link vị trí: https://goo.gl/maps/eqfdgJBc7XT7VhAW8 Link hồ sơ: 50ha Vĩnh Phúc - OneDrive (sharepoint.com) Google Maps Tìm kiếm các doanh nghiệp địa phương, xem bản đồ và tìm chỉ đường trên Google Maps. goo.gl Image Vị trí dự án 50ha và vị trí dự án ... by Huy M - IM"
BDS-CURATED-0249,nghỉ dưỡng nghìn tỷ bà Trương Mỹ Lan từng thâu tóm Ngân hàng TMCP Công Thương Việt Nam - Chi nhánh Thủ Thiêm (,này trước họ rao 900ty đúng ko mng. L... by Unknown User,7,,name_missing_or_sentence,[2024-06-02] Tuan Tran-CEO 6/2/2024 9:25 AM https://m.cafebiz.vn/ngan-hang-rao-ban-du-an-nghi-duong-nghin-ty-ba-truong-my-lan-tung-thau-tom-176240601115633272.chn?fbclid=IwZXh0bgNhZW0CMTEAAR0gCq068odDwfaVarWXMrVzKJsb5N8mA7iQBstez2vOEGsFuEzu6c2XlSg_aem_AcxQFSkDhP9A9hf7e1nWIyBRpzUs6iL9wF0qP3p0ABLJ4FzSDldhLOZLzi9adCYt-RhJ7elval4J1vy0KIB-0uoU Ngân hàng rao bán dự án nghỉ dưỡng nghìn tỷ bà Trương Mỹ Lan từng thâu tóm Ngân hàng TMCP Công Thương Việt Nam - Chi nhánh Thủ Thiêm (VietinBank Thủ Thiêm) vừa thông tin về việc tìm đơn vị bán đấu giá khoản nợ của Công ty Cổ phần Greenhill Village - doanh nghiệp thực hiệ... m.cafebiz.vn Dự án này trước họ rao 900ty đúng ko mng. L... by Unknown User --- [2024-06-02] Tuan Tran-CEO 6/2/2024 9:25 AM https://m.cafebiz.vn/ngan-hang-rao-ban-du-an-nghi-duong-nghin-ty-ba-truong-my-lan-tung-thau-tom-176240601115633272.chn?fbclid=IwZXh0bgNhZW0CMTEAAR0gCq068odDwfaVarWXMrVzKJsb5N8mA7iQBstez2vOEGsFuEzu6c2XlSg_aem_AcxQFSkDhP9A9hf7e1nWIyBRpzUs6iL9wF0qP3p0ABLJ4FzSDldhLOZLzi9adCYt-RhJ7elval4J1vy0KIB-0uoU Ngân hàng rao bán dự án nghỉ dưỡng nghìn tỷ bà Trương Mỹ Lan từng thâu tóm Ngân hàng TMCP Công Thương Việt Nam - Chi nhánh Thủ Thiêm (VietinBank Thủ Thiêm) vừa thông tin về việc tìm đơn vị bán đấu giá khoản nợ của Công ty Cổ phần Greenhill Village - doanh ng
BDS-CURATED-0381,NOXH đang đánh giá khoảng 15Km Trên dưới 20 Triệu/m2 Giá đất UBND MT đường DT742 5 Triệu/m2 Theo Tổng mức đầu,thực hiện là KHÔNG khả thi. KẾT LUẬN,8,đang đánh giá thực hiện là KHÔNG khả thi. KẾT LUẬN,name_missing_or_sentence,"[] P.ĐT khảo sát giá thị trường các sản phẩm xung quanh có thông tin như sau: Hạng Mục Đơn giá Giá đất ở ngoài KCN Vsip II 10 Triệu/m2 - 15 Triệu/m2 Giá đất KDC trong KCN Vsip II Trên dưới 15 Tr/m2 Giá căn hộ Tecco Felice (NOTM) Gần trung tâm Tp Tân Uyên, cách dự án NOXH đang đánh giá khoảng 15Km Trên dưới 20 Triệu/m2 Giá đất UBND MT đường DT742 5 Triệu/m2 Theo Tổng mức đầu tư ước tính từ suất vốn đầu tư của Bộ xây dựng để tính toán giá bán căn hộ nhà xã hội hiện nay, P.ĐT đánh giá: Giá căn hộ NOXH ước tính khoảng 23 Triệu/m2 - 25 Triệu/ m2 cao hơn 50%-60% giá đất ở KDC xung quanh dự án. Giá bán căn hộ NOXH gần tương đương với mức giá căn hộ Tecco Felice (NOTM) tại Tp.Tân Uyên. => Do đó, sản phẩm NOXH cho dự án đang đánh giá thực hiện là KHÔNG khả thi. KẾT LUẬN: Với các nội dung đánh giá và phân tích, P.ĐT đề xuất KHÔNG tiếp tục nghiên cứu 2 dự án trên. NOXH TÂN NHỰT, BÌNH CHÁNH - Google マイマップ NOXH TÂN NHỰT, BÌNH CHÁNH www.google.com Giá khu 2 này tính ra nhiu 1m by Unknown User"
BDS-CURATED-0423,phân lô (,phân lô,7,,narrative_sentence_name,"[2023-06-22] Tuan Tran-CEO 6/22/2023 10:42 AM Cho cụ thể, ví dụ lô E thì vị trí nào 47.5tr và vị trí nào 64.8tr 1 Like reaction. Tìm hiểu bên Nhơn Trạch xem dự án phân lô (... by Unknown User"
BDS-CURATED-0271,ở Thái à Bên Thái tuần này đang trong thời gian nghỉ,ở Thái à Bên Thái tuần này đang trong thời gian nghỉ... by Huy M - IM,7,,chat_or_attachment_subject,[2023-04-15] Unknown User 4/15/2023 11:20 AM Ủa tính mấy cái e gửi xong chưa Team cũng đang song song triển khai tính toán các dự án ở Thái à Bên Thái tuần này đang trong thời gian nghỉ... by Huy M - IM
BDS-CURATED-0404,Begin quote,"Begin quote, Tuan Tran-CEO , 12/18/2023 6",7,,chat_or_attachment_subject,"[2023-12-18] Huy M - IM 12/18/2023 6:49 PM Phương án 1 mình cũng có QH nhà noxh rồi ah. Tuy nhiên QH của PA1 nhà nước duyệt dân số chiếm chỉ 14.5% dân số của dự án Begin quote, Tuan Tran-CEO , 12/18/2023 6:4... by Huy M - IM"
BDS-CURATED-0283,by Huy M - IM,"của PLDA by Huy M - IM, has an attachment",8,,insufficient_project_evidence,"[2024-12-06] Huy M - IM 12/6/2024 8:01 AM Translate Anh gửi Mr Mike báo cáo KDC Việt An trước đây Và báo cáo đánh giá của PLDA by Huy M - IM, has an attachment"
BDS-CURATED-0459,này đâu có cái nào mình nghiên,này đâu có cái nào mình nghiên... by Unknown User,9,,chat_or_attachment_subject,[2023-07-07] Huy M - IM 7/7/2023 11:17 AM Chi tiết theo báo cáo đính kèm. 3 Du an sai Pham Trong Quan Ly Dat Dai - tinh Dong Nai.pdf Ủa mấy dự án này đâu có cái nào mình nghiên... by Unknown User
BDS-CURATED-0460,này đâu có cái nào mình nghiên cứu ta Bên Mr,v... by Huy M - IM,8,,chat_or_attachment_subject,[2023-07-07] Tuan Tran-CEO 7/7/2023 11:19 AM Ủa mấy dự án này đâu có cái nào mình nghiên cứu ta Bên Mr. Ka có gửi KĐT nghiên cứu đánh giá v... by Huy M - IM
BDS-CURATED-0300,tuy đạt hiệu quả đầu tư về mặt tính t,tuy đạt hiệu quả đầu tư về mặt tính t... by Huy M - IM,7,,narrative_sentence_name,[2024-12-06] Huy M - IM 12/6/2024 8:02 AM Và báo cáo đánh giá của PLDA 230529 BC PLDA da Viet An_Thuan An.docx Dự án tuy đạt hiệu quả đầu tư về mặt tính t... by Huy M - IM
BDS-CURATED-0469,vào list theo dõi,vào list theo dõi,9,,chat_or_attachment_subject,[2024-06-02] Huy M - IM 6/2/2024 9:36 AM Hồi đó mình tính fs là khoảng tháng 8 9/2022 thì thị trường đang nóng sốt à Sau vụ VTP xảy ra thì đối tác có chào lại mình là 850. Team đã có báo cáo lại Tuấn và sau đó đưa dự án vào list theo dõi
BDS-CURATED-0475,📄 File,của PLDA 📄 File,8,rồi à 4. Ý kiến của Phòng,insufficient_project_evidence,[2024-12-06] Huy M - IM 12/6/2024 8:02 AM Và báo cáo đánh giá của PLDA 📄 File: 230529 BC PLDA da Viet An_Thuan An.docx Mình đã có báo cáo Ply của PLDA đã đánh giá rồi à 4. Ý kiến của Phòng: - Ưu điểm: khu đất c... by Huy M - IM
BDS-CURATED-0481,nha em,Bà K... by Thao L - INVT,9,,insufficient_project_evidence,"[] Dạ vâng ạ, để tối nay em cày voted ạ. 4 DA nha em: 1. Legacy Hoi An 2. Sen Hoi An 3. Bel Marina Hoi An 4. The Signature Hoi An K.ĐT báo cáo anh Admin 01 về dự án Bà K... by Thao L - INVT"
