master_id,project_name,mention_count,first_report_date,latest_report_date,source_files,senders,latitude,longitude,coordinates,map_urls,location,province_city,district_area,land_area,project_type,land_type,planning_summary,max_floors,far,building_density,population,legal_summary,legal_status,asking_price,price_mentions,selling_price,land_cost,total_investment,revenue,profit,irr,npv,payback,risks,next_actions,attachments,source_excerpt,data_completeness_score,project_name_raw,clean_key,land_area_raw_mentions,land_area_main,land_area_main_raw,other_area_mentions,asking_land_price,total_investment_clean,revenue_clean,profit_clean,irr_clean,npv_clean,payback_clean,financial_raw_mentions,far_clean,max_floors_clean,population_clean,density_clean,planning_doc_status,gpm_status,lur_status,approval_status,coordinate_quality,merged_from_ids,curated_id,score_total,score_location,score_data,score_planning,score_legal,score_financial,score_risk_penalty,score_grade,score_notes,entity_type,entity_classification_note,product_structure,strict_map_status
,Holiday Beach,5,2025-04-16,2025-04-16,batch_431.txt; batch_099.txt; batch_169.txt; batch_171.txt; batch_454.txt,Huy M - IM,16.049709,108.248700,"16.049709, 108.248700",https://maps.app.goo.gl/gr7GZiwJ71dX1nzNA,,Đà Nẵng,Ngũ Hành Sơn,470.000 m² (~47.00 ha),Condotel; Khách sạn,,"quy hoạch: - Mật độ xây dựng: 71,5% - Hệ số sử dụng đất: 12,76 lần - Tầng cao: 19 tầng + 2 hầm - Theo P. R&D nghiên cứu, cơ cấu sản phẩm với tỷ lệ: 60% Condotel và 40% Hotel. Tổng sản phẩm",Tầng cao: 19 tầng,"Hệ số sử dụng đất: 12,76; hệ số sử dụng đất từ 7,3","Mật độ xây dựng: 71,5%",,GCN QSDĐ nhưng do không xác định được thời điểm giao/thuê đất nên tạm xác định thời điểm cấp GCN là thời điểm bắt đầu dự án - Giá bán phòng cho 2 sản phẩm (,chưa hầm. II. TỔNG MỨC ĐẦU TƯ DỰ KIẾN Tổng mức đầu tư (bao gồm VAT) được dự kiến xây dựng hoàn thiện tiêu chuẩn 5 sao. III,,"5.127 tỷ; 1.725 tỷ; 3.094 tỷ; 3,5 tỷ; 5,25 tỷ; 4,55 tỷ; 5 tỷ; 2.094 tỷ; 265 tỷ; 2.817 tỷ; 1.116 tỷ",giá bán có lợi nhuận 176 tr/m2; Đơn giá bán: Condotel: Giá bán R&D đề xuất từ 115 tr/m2,,Tổng mức đầu tư: 5.127 tỷ,,,"IRR = 6,6%",NPV = -1.116 tỷ,,"đề xuất của P. R&D - Để bán được sản phẩm Condotel tại Đà Nẵng, dự án phải thuê đơn vị vận hành theo tiêu chuẩn 5 sao Quốc tế (tương tự như Nobu) 2.2/ Tổng mức đầu tư: 5.127 tỷ đồng, trong đó: - Chi phí chuyển nhượng: 1.725 tỷ; chưa hầm. II. TỔNG MỨC ĐẦU TƯ DỰ KIẾN Tổng mức đầu tư (bao gồm VAT) được dự kiến xây dựng hoàn thiện tiêu chuẩn 5 sao. III. PHÂN BỔ GIÁ VỐN VÀ TÍNH GIÁ HÒA VỐN: Cơ cấu giá vốn/m2 thương phẩm Giá vốn phân bổ cho từng loại sản; chưa gồm chi phí bán hàng), 153,6 tr/m2 (gồm CP bán hàng 20%), giá bán có lợi nhuận 176 tr/m2 (lợi nhuận mục tiêu 15%, gồm VAT), 161 tr/m2 chưa VAT, 50 năm, giá bán thời điểm 2028. Giá hòa vốn Shop TM 183 tr/m2 (gồm VAT. Chư; đề xuất từ 115 tr/m2, thời điểm 2028. Giá trung bình 125.5 tr/m2. Mức giá bán đề xuất hiện đang thấp hơn giá hòa vốn (128 tr chưa CPBH, 153,6 tr gồm CPBH 20%). Shop khối đế: 188 tr/m2 (~ 1.5 lần giá bán Condotel) Khách sạn: Giá; chưa hầm. II. TỔNG MỨC ĐẦU TƯ DỰ KIẾN Tổng mức đầu tư (bao gồm VAT) được dự kiến xây dựng hoàn thiện tiêu chuẩn 5 sao. III. PHÂN BỔ GIÁ VỐN VÀ TÍNH GIÁ HÒA VỐN: Cơ cấu giá; chưa à anh A Hiếu báo tuần này chưa tác nghiệp ngoài Đ... by Thoi L - ASST","đề xuất của P. R&D - Để bán được sản phẩm Condotel tại Đà Nẵng, dự án phải thuê đơn vị vận hành theo tiêu chuẩn 5 sao Quốc tế (tương tự như Nobu) 2.2/ Tổng mức đầu tư: 5.127 tỷ đồng, tron; đề xuất từ 115 tr/m2, thời điểm 2028. Giá trung bình 125.5 tr/m2. Mức giá bán đề xuất hiện đang thấp hơn giá hòa vốn (128 tr chưa CPBH, 153,6 tr gồm CPBH 20%). Shop khối đế: 188 tr/m2 (~; cần biết là thòi hạn sử dụng đất còn lại bao nhiêu năm vì liên quan tới giá bán của Condotel thì theo cuộc họp giao đợt trước A Hiếu sẽ nghiên cứu về nội dung này. Mình đã có thông về",,"[2025-04-16 | BDS-MASTER-0106] [] P.ĐT xin báo cáo Sếp Admin 01 FS dự án Holiday Beach theo phương án kết hợp Khách sạn và Condotel, như sau: I. TỔNG QUAN DỰ ÁN VÀ CƠ CẤU SẢN PHẨM: Quy mô xây dựng: 2 tầng hầm, 30 tầng nổi, tổng diện tích GFA gồm hầm 75.913 m2. Tỷ lệ diện tích thương phẩm 43.702 m2 ~ 58%/GFA gồm hầm, ~ 66%/GFA chưa hầm. II. TỔNG MỨC ĐẦU TƯ DỰ KIẾN Tổng mức đầu tư (bao gồm VAT) được dự kiến xây dựng hoàn thiện tiêu chuẩn 5 sao. III. PHÂN BỔ GIÁ VỐN VÀ TÍNH GIÁ HÒA VỐN: Cơ cấu giá vốn/m2 thương phẩm Giá vốn phân bổ cho từng loại sản phẩm: Do tổng diện tích kinh doanh gồm nhiều loại hình (bán, cho thuê, shop, condotel), với giả định các sản phẩm có khả năng tạo ra dòng tiền cao hơn sẽ gánh tỷ trọng giá vốn lớn hơn nên áp dụng phương pháp Phân bổ giá vốn của từng loại sản phẩm theo doanh thu ước tính để có tỷ lệ phù hợp, từ đó làm cơ sở để tính toán giá hòa vốn cho từng loại hình sản phẩm. Giá hòa vốn khách sạn 5.3 tr/đêm (~ 106 tr/m2), giá có lợi nhuận 12% ~ 6 tr/đêm (~143,4 tr/m2). Giá hòa vốn Condotel: 128 tr/m2 (chưa gồm chi phí bán hàng), 153,6 tr/m2 (gồm CP bán hàng 20%), giá bán có lợi nhuận 176 tr/m2 (lợi nhuận mục tiêu 15%, gồm VAT), 161 tr/m2 chưa VAT, 50 năm, giá bán thời điểm 2028. Giá hò

---

[ | BDS-MASTER-0025] [] P.ĐT báo cáo anh Mr Mike1 -CEO về dự án Holiday Beach theo phương án Hotel & Condotel, Mặt tiền đường Võ Nguyên Giáp, P. Mỹ An, Q. Ngũ Hành Sơn, T. Đà Nẵng: 1/ Chỉ tiêu quy hoạch: - Mật độ xây dựng: 71,5% - Hệ số sử dụng đất: 12,76 lần - Tầng cao: 19 tầng + 2 hầm - Theo P. R&D nghiên cứu, cơ cấu sản phẩm với tỷ lệ: 60% Condotel và 40% Hotel. Tổng sản phẩm 680 căn, gồm: + 272 phòng Hotel, với diện tích trung bình: 38m²/phòng + 408 căn Condotel, với diện tích trung bình: 65m²/căn 2/ Phương án kinh doanh 2.1/ Theo đề xuất của P. R&D - Để bán được sản phẩm Condotel tại Đà Nẵng, dự án phải thuê đơn vị vận hành theo tiêu chuẩn 5 sao Quốc tế (tương tự như Nobu) 2.2/ Tổng mức đầu tư: 5.127 tỷ đồng, trong đó: - Chi phí chuyển nhượng: 1.725 tỷ đồng (367trđ/m² đất) - Suất đầu tư theo chuẩn 5 sao Quốc tế: 3.094 tỷ đồng (tương ứng 40,5tr/m² sàn bao gồm hầm) + Suất đầu tư Hotel: 3,5 tỷ đồng/Key (diện tích trung bình: 38m²/phòng) + Suất đầu tư Condotel: 5,25 tỷ đồng/Key (diện tích trung bình: 65m²/căn) Suất đầu tư trung bình: 4,55 tỷ/key thấp hơn suất đầu tư của Nobu 5 tỷ/key 2.3/ Kế hoạch kinh doanh. Dự án vận hành theo chuẩn 5 sao Quốc tế 2.3.1 Kinh doanh bán Condotel (Tham khảo từ báo cáo R",87,Holiday Beach theo phương án Hotel & Condotel,holiday beach,470.000 m² (~47.00 ha),470.000 m² (~47.00 ha); 75.900 m² (~7.59 ha),47.00 ha; 7.59 ha,65m²; 38m²; 75.913 m2; 43.702 m2,GIÁ VỐN VÀ TÍNH GIÁ HÒA VỐN: Cơ cấu giá vốn/m2 106 tr/m2,Tổng mức đầu tư: 5.127 tỷ,,,"IRR = 6,6%; IRR chỉ 5.7%; IRR ~ 12%; IRR MỤC TIÊU ~ 10%; IRR 9.5%",NPV = -1.116 tỷ,,"5.127 tỷ; 1.725 tỷ; 3.094 tỷ; 3,5 tỷ; 5,25 tỷ; 4,55 tỷ; 5 tỷ; 2.094 tỷ; 265 tỷ; 2.817 tỷ; 1.116 tỷ; Tổng mức đầu tư: 5.127 tỷ; IRR = 6,6%; NPV = -1.116 tỷ; GIÁ VỐN VÀ TÍNH GIÁ HÒA VỐN: Cơ cấu giá vốn/m2 106 tr/m2; 106 tr/m2; 143,4 tr/m2; 128 tr/m2; 153,6 tr/m2; 176 tr/m2; 161 tr/m2; 183 tr/m2; 115 tr/m2; 125.5 tr/m2; 188 tr/m2; 33 tr/m2; 215 tr/m2; 180 tr/m2; 6.5 tr/m2; 29.7 tr/m2; 40 tr/m2; 5,8 tỷ; 4,7 tỷ; 135 tr/m2; 156 tr/m2; giá bán có lợi nhuận 176 tr/m2; Đơn giá bán: Condotel: Giá bán R&D đề xuất từ 115 tr/m2; Tổng mức đầu tư (bao gồm VAT) được dự kiến xây dựng hoàn thiện tiêu chuẩn 5 sao. III. PHÂN BỔ GIÁ VỐN VÀ TÍNH GIÁ HÒA VỐN: Cơ cấu giá vốn/m2 t; doanh thu ước tính để có tỷ lệ phù hợp, từ đó làm cơ sở để tính toán giá hòa vốn cho từng loại hình sản phẩm. Giá hòa vốn khách sạn 5.3 t; DOANH THU DỰ KIẾN: Đơn giá bán: Condotel: Giá bán R&D đề xuất từ 115 t; lợi nhuận 12% ~ 6 t; lợi nhuận 176 t; lợi nhuận mục tiêu 15%, gồm VAT), 161 t; IRR chỉ 5.7%; IRR ~ 12%; IRR MỤC TIÊU ~ 10%; IRR 9.5%","Hệ số sử dụng đất: 12,76; hệ số sử dụng đất từ 7,3",Tầng cao: 19 tầng; Quy mô xây dựng: 2 tầng,,"Mật độ xây dựng: 71,5%",,,,GCN QSDĐ nhưng do không xác định được thời điểm giao/thuê đất nên tạm xác định thời điểm cấp GCN là thời điểm bắt đầu dự án - Giá bán phòng cho 2 sản phẩm ( [] P,resolved,BDS-MASTER-0025; BDS-MASTER-0106,BDS-CURATED-0007,83,35,25,12,14,25,4,A,,project_or_deal,,,verified_candidate
BDS-MASTER-0010,KDC Long Phước có quy mô 18ha tại Phường Long Phước,1,2023-12-27,2023-12-27,batch_714.txt,Trieu Nguyen-PTDT,10.7959339,106.8592858,"10.7959339, 106.8592858",https://maps.app.goo.gl/zAmPVdt254bS1UUU7,"và hiện trang: + Dự án tiếp giáp với đường Long Phước, phường Long Phước, Q9, TPHCM, và có các mặt tiếp xúc kênh rạch cách cầu Long Đại khoảng 5km và cầu Trường Phước khoảng 4km, cách KCN cao khoảng 14,3kn, cách trung tâ",TPHCM,quận 9,180.000 m² (~18.00 ha),KCN,lâu dài đối với phần thương phẩm đất ở và có thời hạn đến 07/08/2056 đối với phần đất công cộng kinh doanh 2/ Pháp lý quy hoạch: + QH 1/2000 năm 2013: + Đã Phê,"quy hoạch: + QH 1/2000 năm 2013: + Đã Phê duyệt Q/H chi tiết 1/500 số 507/QĐ-UB ngày 30/12/2009, phù hợp QH 1/2000 theo quyết định số 5258/QĐ-UBND duyệt ngày 25/09/2013 + Thông số chỉ tiêu; quy hoạch: Quy mô dân số: 1.752 người (trong đó 672 người cho nhóm nhà ở chung cư) Hệ số sử dụng đất: 0,85 lần Tầng cao xây dựng: từ 1 - 8 tầng (Chưa bao gồm tầng hầm, tầng lửng và tầng kỹ; Mật độ xây dựng: 25,3% 3/ Pháp lý xây dựng: + Theo hồ sơ dự án đầu tư thì dự án đã thực hiện xong các hạng mục hạ tầng chủ yếu gồm: San lấp mặt bằng đủ cao độ theo thiết kế, xây dựng đườ",Tầng cao xây dựng: từ 1 - 8 tầng,"Hệ số sử dụng đất: 0,85; HSSDĐ toàn khu tối đa cho khu cao tầng là 3,9; HSSDĐ chi tiết cho từng nhóm chung cư A và B1","Mật độ xây dựng: 25,3%",dân số: 1.752; dân số: 1.75,"Pháp lý dự án: 1/ Pháp lý đất: + Đã hoàn thành tiền sử dụng đất và có GCNQSDĐ cho 180.123m2, mục đích sử dụng là đất ở đô thị, thời hạn lâu dài đối với phần thương phẩm đất ở và có thời hạn đến 07/08/2056 đối với phần đất công; Pháp lý quy hoạch: + QH 1/2000 năm 2013: + Đã Phê duyệt Q/H chi tiết 1/500 số 507/QĐ-UB ngày 30/12/2009, phù hợp QH 1/2000 theo quyết định số 5258/QĐ-UBND duyệt ngày 25/09/2013 + Thông số chỉ tiêu quy hoạch: Quy mô dân số: 1.75; Pháp lý xây dựng: + Theo hồ sơ dự án đầu tư thì dự án đã thực hiện xong các hạng mục hạ tầng chủ yếu gồm: San lấp mặt bằng đủ cao độ theo thiết kế, xây dựng đường giao thông nội bộ và kết nối hoàn chỉnh với tuyến đường Long Phư",đã được san lắp và làm hạ tầng giao thông khoảng 80% + Dự án nằm gần các dự án đầu mối hạ tầng giao thông quan trọng: B/ Pháp l,giá chào bán 2200 tỷ,2200 tỷ; 101 tr/m2; 80tr/m2; 49 tr/m2; 45 tr/m2; 24.3tr/m2; 4.939 tỷ; 2.249 tỷ; 2.200 tỷ; 2.690 tỷ; 9073 tỷ; 8.116 tỷ; 2.653 tỷ; 2100 tỷ,,tiền sử dụng đất và có GCNQSDĐ cho 180.123,,"DT 12/27/2023 3:56 PM KĐT gửi anh Tuan Tran-CEO báo cáo cập nhật dự án KDC Long Phước có quy mô 18ha tại Phường Long Phước, Q9, T",,"IRR là 18,74%; IRR 20%",,,"Chưa bao gồm tầng hầm, tầng lửng và tầng kỹ thuật) Mật độ xây dựng: 25,3% 3/ Pháp lý xây dựng: + Theo hồ sơ dự án đầu tư thì dự án đã thực hiện xong các hạng mục hạ tầng chủ yếu gồm: San lấp mặt bằng đủ cao độ theo thiết kế,",,,"[2023-12-27] Trieu Nguyen-PTDT 12/27/2023 3:56 PM KĐT gửi anh Tuan Tran-CEO báo cáo cập nhật dự án KDC Long Phước có quy mô 18ha tại Phường Long Phước, Q9, TPHCM của chủ đầu tư Song Đạt, có giá chào bán 2200 tỷ: A/ Vị trí và hiện trang: + Dự án tiếp giáp với đường Long Phước, phường Long Phước, Q9, TPHCM, và có các mặt tiếp xúc kênh rạch cách cầu Long Đại khoảng 5km và cầu Trường Phước khoảng 4km, cách KCN cao khoảng 14,3kn, cách trung tâm Q1 khoảng 23,6km + Dự án đã được san lắp và làm hạ tầng giao thông khoảng 80% + Dự án nằm gần các dự án đầu mối hạ tầng giao thông quan trọng: B/ Pháp lý dự án: 1/ Pháp lý đất: + Đã hoàn thành tiền sử dụng đất và có GCNQSDĐ cho 180.123m2, mục đích sử dụng là đất ở đô thị, thời hạn lâu dài đối với phần thương phẩm đất ở và có thời hạn đến 07/08/2056 đối với phần đất công cộng kinh doanh 2/ Pháp lý quy hoạch: + QH 1/2000 năm 2013: + Đã Phê duyệt Q/H chi tiết 1/500 số 507/QĐ-UB ngày 30/12/2009, phù hợp QH 1/2000 theo quyết định số 5258/QĐ-UBND duyệt ngày 25/09/2013 + Thông số chỉ tiêu quy hoạch: Quy mô dân số: 1.752 người (trong đó 672 người cho nhóm nhà ở chung cư) Hệ số sử dụng đất: 0,85 lần Tầng cao xây dựng: từ 1 - 8 tầng (Chưa bao gồm tầng hầm, tầng lửng và",76,KDC Long Phước có quy mô 18ha tại Phường Long Phước,kdc long phước có quy mô 18ha tại phường long phước,180.000 m² (~18.00 ha),180.000 m² (~18.00 ha),18 ha,180.123m2,giá chào bán 2200 tỷ,,,,"IRR là 18,74%; IRR 20%",,,"giá chào bán 2200 tỷ; 2200 tỷ; 101 tr/m2; 80tr/m2; 49 tr/m2; 45 tr/m2; 24.3tr/m2; 4.939 tỷ; 2.249 tỷ; 2.200 tỷ; 2.690 tỷ; 9073 tỷ; 8.116 tỷ; 2.653 tỷ; 2100 tỷ; tiền sử dụng đất và có GCNQSDĐ cho 180.123; DT 12/27/2023 3:56 PM KĐT gửi anh Tuan Tran-CEO báo cáo cập nhật dự án KDC Long Phước có quy mô 18ha tại Phường Long Phước, Q9, T; IRR là 18,74%; IRR 20%","Hệ số sử dụng đất: 0,85; HSSDĐ toàn khu tối đa cho khu cao tầng là 3,9; HSSDĐ chi tiết cho từng nhóm chung cư A và B1",Tầng cao xây dựng: từ 1 - 8 tầng,dân số: 1.752; dân số: 1.75,"Mật độ xây dựng: 25,3%","1/2000 năm 2013: + Đã Phê duyệt Q/H chi tiết 1/500 số 507/QĐ-UB ngày 30/12/2009, phù hợp QH 1/2000 theo quyết định số 5258/QĐ-UBND duyệt ngày 25/09/2013 + Thông số ch",,tiền sử dụng đất và có GCNQSDĐ cho 180,"Phê duyệt Q/H chi tiết 1/500 số 507/QĐ-UB ngày 30/12/2009, phù hợp QH 1/2000 theo quyết định số 5258/QĐ-UBND duyệt ngày 25/09/2013 + Thông số chỉ tiêu; GCNQSDĐ cho 180; Phê duyệt Q/H chi tiết 1/500 số 507/QĐ-UB ngày 30/12/2009, phù hợp QH 1/2000 theo quyết định số 5258/QĐ-UBND duyệt ngày 25/09/2013 + Thông số chỉ tiêu quy hoạch: Quy mô dân số: 1",resolved,,BDS-CURATED-0014,81,35,20,23,19,11,4,A,,project_or_deal,,,verified_candidate
BDS-MASTER-0013,Trần Hưng Đạo,1,,,batch_352.txt,,16.051348,108.233637,"16.051348, 108.233637",https://maps.app.goo.gl/acrdQ54V3NVNNkKh9,"maps: https://maps.app.goo.gl/acrdQ54V3NVNNkKh9 Dự án cơ bản đã hoàn tất các thủ tục pháp lý đầu tư như: Đã được chấp thuận chủ trương đầu tư (Tháng 7/2024); Đã được phê duyệt 1/500 (tháng 4/2025), chỉ tiêu quy hoạch phù",Đà Nẵng,,877 m²,chung cư,", nhưng chưa rõ là xây dựng chung cư với chỉ tiêu quy hoạch tương ứng như thế nào, do đó trong bài toán FS, để thận trọng, P.ĐT tạm tính DA sẽ đóng tiền đất bổ","1/500 (tháng 4/2025), chỉ tiêu quy hoạch phù hợp với đồ án 1/2000 hiện hữu; Riêng Sổ đất đã được cấp năm 2017 với mục đích sử dụng là đất ở xây dựng chung cư, nhưng chưa rõ là xây dựng; quy hoạch tương ứng như thế nào, do đó trong bài toán FS, để thận trọng, P.ĐT tạm tính DA sẽ đóng tiền đất bổ sung với giá trị tính theo PP Thặng dư. 1. Thông số quy hoạch (theo QĐ 1/500 th; Dân số: 550 dân Tầng cao: 28 tầng nổi + 1 tum, 03 tầng hầm Hệ số sử dụng đất: 12,8 lần Sản phẩm: Gồm 277căn hộ ở ~ diện tích sàn ở là 17.600 m2 và 15 căn hộ du lịch, diện tích 877 m2. 2.",Tầng cao: 28 tầng,"Hệ số sử dụng đất: 12,8",,Dân số: 550; dân Tầng cao: 28,"pháp lý đầu tư như: Đã được chấp thuận chủ trương đầu tư (Tháng 7/2024); Đã được phê duyệt 1/500 (tháng 4/2025), chỉ tiêu quy hoạch phù hợp với đồ án 1/2000 hiện hữu; Riêng Sổ đất đã được cấp năm 2017 với mục đích sử dụng là đấ; 1/500 tháng 4/2025) Dân số: 550 dân Tầng cao: 28 tầng nổi + 1 tum, 03 tầng hầm Hệ số sử dụng đất: 12,8 lần Sản phẩm: Gồm 277căn hộ ở ~ diện tích sàn ở là 17.600 m2 và 15 căn hộ du lịch, diện tích 877 m2. 2. Hiệu quả dự án: -; tiền sử dụng đất bổ sung 70 tỷ đồng, suất xây dựng full 18 tr.đồng/m2. - Lợi nhuận trước thuế -79 tỷ đồng; - Tỷ lệ LNTT/Tổng mức ĐT - 6 % B. NHẬN ĐỊNH VÀ ĐỀ XUẤT: 1. Nhận định: (i) Về pháp lý và hiện trạng dự án: Dự án có vị trí đẹp, đắ",pháp lý đầu tư như: Đã được chấp thuận chủ trương đầu tư (Tháng 7/2024); Đã được phê du,,518 tỷ; 1.418 tỷ; 1.497 tỷ; 70 tỷ; 79 tỷ; 245 tr/m2,đơn giá bán căn hộ ở 70 triệu; giá bán căn hộ du lịch 56 triệu,tiền sử dụng đất bổ sung 70 tỷ,Tổng chi phí (gồm VAT): 1.497 tỷ,doanh thu (gồm VAT): 1.418 tỷ,Lợi nhuận trước thuế -79 tỷ,,,,"chưa rõ là xây dựng chung cư với chỉ tiêu quy hoạch tương ứng như thế nào, do đó trong bài toán FS, để thận trọng, P.ĐT tạm tính DA sẽ đóng tiền đất bổ sung với giá trị tính theo PP Thặng dư. 1. Thông số quy hoạch (theo QĐ 1; ĐỀ XUẤT: 1. Nhận định: (i) Về pháp lý và hiện trạng dự án: Dự án có vị trí đẹp, đắc địa khi sở hữu 03 mặt tiền: Đường Trần Hưng Đạo và Phan Huy Chú và đường dẫn lên cầu Trần Thị Lý, góc view Sông Hàn, đối diện là dự án Sun Cost","ĐỀ XUẤT: 1. Nhận định: (i) Về pháp lý và hiện trạng dự án: Dự án có vị trí đẹp, đắc địa khi sở hữu 03 mặt tiền: Đường Trần Hưng Đạo và Phan Huy Chú và đường dẫn lên cầu Trần Thị Lý, góc v",,"[] P.ĐT báo cáo Sếp Mr Mike1 -CEO về dự án Trần Hưng Đạo, cầu Trần Thị Lý, TP Đà Nẵng (Lô Anh Sơn Trợ lý gửi) như sau: A. TỔNG QUAN VỀ DỰ ÁN: Dự án đường Trần Hưng Đạo chào về với giá 518 tỷ đồng cho diện tích 2.117 m2 (đã có sổ đất ở xây dựng chung cư, thời hạn sử dụng cho Chủ đầu tư đến 2062 ~ còn 37 năm ~ đơn giá 245 tr.đồng/m2, cao 2,4 lần so với đơn giá đất Nhà nước (101 tr.đồng/m2). Vị trí maps: https://maps.app.goo.gl/acrdQ54V3NVNNkKh9 Dự án cơ bản đã hoàn tất các thủ tục pháp lý đầu tư như: Đã được chấp thuận chủ trương đầu tư (Tháng 7/2024); Đã được phê duyệt 1/500 (tháng 4/2025), chỉ tiêu quy hoạch phù hợp với đồ án 1/2000 hiện hữu; Riêng Sổ đất đã được cấp năm 2017 với mục đích sử dụng là đất ở xây dựng chung cư, nhưng chưa rõ là xây dựng chung cư với chỉ tiêu quy hoạch tương ứng như thế nào, do đó trong bài toán FS, để thận trọng, P.ĐT tạm tính DA sẽ đóng tiền đất bổ sung với giá trị tính theo PP Thặng dư. 1. Thông số quy hoạch (theo QĐ 1/500 tháng 4/2025) Dân số: 550 dân Tầng cao: 28 tầng nổi + 1 tum, 03 tầng hầm Hệ số sử dụng đất: 12,8 lần Sản phẩm: Gồm 277căn hộ ở ~ diện tích sàn ở là 17.600 m2 và 15 căn hộ du lịch, diện tích 877 m2. 2. Hiệu quả dự án: - Tổng doanh thu ",76,Trần Hưng Đạo,trần hưng đạo,877 m²,877 m²,877 m²,17.600 m2; 2.117 m2,,Tổng chi phí (gồm VAT): 1.497 tỷ,doanh thu (gồm VAT): 1.418 tỷ,Lợi nhuận trước thuế -79 tỷ,,,,518 tỷ; 1.418 tỷ; 1.497 tỷ; 70 tỷ; 79 tỷ; 245 tr/m2; đơn giá bán căn hộ ở 70 triệu; giá bán căn hộ du lịch 56 triệu; tiền sử dụng đất bổ sung 70 tỷ; Tổng chi phí (gồm VAT): 1.497 tỷ; doanh thu (gồm VAT): 1.418 tỷ; Lợi nhuận trước thuế -79 tỷ,"Hệ số sử dụng đất: 12,8",Tầng cao: 28 tầng,Dân số: 550; dân Tầng cao: 28,,"1/500 (tháng 4/2025), chỉ tiêu quy hoạch phù hợp với đồ án 1/2000 hiện hữu; 1/500 th; 1/500 tháng 4/2025) Dân số: 550 dân Tầng cao: 28 tầng nổi + 1 tum, 03 tầng hầm Hệ số sử dụng đất: 12,8 lần Sản phẩm: Gồm 277căn hộ ở ~ diện tích sàn ở là 17",,"tiền sử dụng đất bổ sung 70 tỷ đồng, suất xây dựng full 18 tr","chủ trương đầu tư (Tháng 7/2024); phê duyệt 1/500 (tháng 4/2025), chỉ tiêu quy hoạch phù hợp với đồ án 1/2000 hiện hữu",resolved,,BDS-CURATED-0016,81,35,13,21,19,18,4,A,,project_or_deal,,,verified_candidate
BDS-MASTER-0001,Chung cư Đỗ Xuân Hợp,1,2025-11-13,2025-11-13,batch_245.txt,Thanh L - INVT,10.8188035,106.7730129,"10.8188035, 106.7730129",https://maps.app.goo.gl/Hn6baY7yBKNTcRXs8,"https://maps.app.goo.gl/Hn6baY7yBKNTcRXs8 THÔNG TIN QUY HOẠCH + Diện tích đất: 2.067m2 + MĐXD: 40% + Hệ số sử dụng đất: 8,01 + Số tầng cao: 33 tầng + 1 hầm (có bố trí thêm tầng để xe nổi) + Tổng sàn xây dựng: 19.492,5 m2",,Thủ Đức,19.500 m² (~1.95 ha),Chung cư,,"QUY HOẠCH + Diện tích đất: 2.067m2 + MĐXD: 40% + Hệ số sử dụng đất: 8,01 + Số tầng cao: 33 tầng + 1 hầm (có bố trí thêm tầng để xe nổi) + Tổng sàn xây dựng: 19.492,5 m2 + Diện tích kinh doa",tầng cao: 33 tầng,"Hệ số sử dụng đất: 8,01; hệ số nén đạt 0,1; hệ số nén trên 0,15",MĐXD: 40%,,"Tiền sử dụng đất 135 tỷ đồng) NOTE: Phương pháp thặng dư ước tính giá trị lô đất 280 tỷ đồng tương đương 135 Tr.đồng/m2, sau khi khấu trừ đất ở và đất nông nghiệp hiện trạng theo thị trường mặt tiền Đỗ Xuân Hợp là 144 tỷ đồng 🡪 Tiền sử; Tiền sử dụng đất: 135 tỷ đồng) 2/ Doanh thu phòng giai đoạn ổn định là 15 tỷ đồng/năm (công suất thuê ổn định 90% từ năm thứ 3; Giá thuê bình quân đạt 8 triệu đồng/tháng bao gồm nội thất cơ bản). 3/ Chi phí hoạt động chiếm khoảng 32% do","chưa bao gồm VAT: 560 tỷ đồng (Trong đó: Suất vốn All in bao gồm VAT là 14,2 Tr.đồng/m2; Chi phí mua đất là 170 tỷ và Tiền s",,560 tỷ; 170 tỷ; 135 tỷ; 280 tỷ; 144 tỷ; 850 tỷ; 148 tỷ; 15 tỷ,,Tiền sử dụng đất 135 tỷ; Tiền sử dụng đất phải nộp thêm khoảng 135 tỷ; Tiền sử dụng đất: 135 tỷ,"Tổng mức đầu tư chưa bao gồm VAT: 560 tỷ; TMĐT = 25,8% 5/ IRR: 17,5% PHƯƠNG ÁN 2: CHO THUÊ CĂN HỘ 1/ Tổng mức đầu tư chưa bao gồm VAT: 560 tỷ",doanh thu bán hàng chưa VAT là: 850 tỷ; Doanh thu phòng giai đoạn ổn định là 15 tỷ,"Lợi nhuận trước thuế: 148 tỷ; Lợi nhuận trước thuế/TMĐT = 25,8% 5/ IRR: 17,5% PHƯƠNG ÁN 2: CHO THUÊ CĂN HỘ 1/ Tổng mức đầu tư chưa bao gồm VAT: 560 tỷ","IRR: 17,5%; IRR = 5,2%",,,"chưa bao gồm VAT: 560 tỷ đồng (Trong đó: Suất vốn All in bao gồm VAT là 14,2 Tr.đồng/m2; Chi phí mua đất là 170 tỷ và Tiền sử dụng đất 135 tỷ đồng) NOTE: Phương pháp thặng dư ước tính giá trị lô đất 280 tỷ đồng tương đương 1; chưa VAT là: 850 tỷ đồng (Trong đó: giá bán căn hộ bình quân bao gồm VAT 80 Tr.đồng/m2) 🡪 Giá bán căn hộ theo P.RD đề xuất 70 Tr.đồng/m2 – 75 Tr.đồng/m2 chưa bao gồm VAT. 3/ Lợi nhuận trước thuế: 148 tỷ đồng 4/ Lợi nhuận trư; Chi phí mua đất là 170 tỷ và Tiền sử dụng đất: 135 tỷ đồng) 2/ Doanh thu phòng giai đoạn ổn định là 15 tỷ đồng/năm (công suất thuê ổn đ","đề xuất 70 Tr.đồng/m2 – 75 Tr.đồng/m2 chưa bao gồm VAT. 3/ Lợi nhuận trước thuế: 148 tỷ đồng 4/ Lợi nhuận trước thuế/TMĐT = 25,8% 5/ IRR: 17,5% PHƯƠNG ÁN 2: CHO THUÊ CĂN HỘ 1/ Tổng mức đầ",,"[2025-11-13] Thanh L - INVT 11/13/2025 8:40 AM Translate Kính gửi Sếp Mr Mike1 -CEO, P.ĐT báo cáo hiệu quả đầu tư dự án Chung cư Đỗ Xuân Hợp, P.Phước Long B, Thủ Đức như sau: Vị trí: https://maps.app.goo.gl/Hn6baY7yBKNTcRXs8 THÔNG TIN QUY HOẠCH + Diện tích đất: 2.067m2 + MĐXD: 40% + Hệ số sử dụng đất: 8,01 + Số tầng cao: 33 tầng + 1 hầm (có bố trí thêm tầng để xe nổi) + Tổng sàn xây dựng: 19.492,5 m2 + Diện tích kinh doanh: 11.529,8m2 ; gồm 203 căn hộ + 1 căn shop -> Diện bình quân mỗi căn 55m2 PHƯƠNG ÁN 1: BÁN CĂN HỘ Ở 1/ Tổng mức đầu tư chưa bao gồm VAT: 560 tỷ đồng (Trong đó: Suất vốn All in bao gồm VAT là 14,2 Tr.đồng/m2; Chi phí mua đất là 170 tỷ và Tiền sử dụng đất 135 tỷ đồng) NOTE: Phương pháp thặng dư ước tính giá trị lô đất 280 tỷ đồng tương đương 135 Tr.đồng/m2, sau khi khấu trừ đất ở và đất nông nghiệp hiện trạng theo thị trường mặt tiền Đỗ Xuân Hợp là 144 tỷ đồng 🡪 Tiền sử dụng đất phải nộp thêm khoảng 135 tỷ đồng. 2/ Tổng doanh thu bán hàng chưa VAT là: 850 tỷ đồng (Trong đó: giá bán căn hộ bình quân bao gồm VAT 80 Tr.đồng/m2) 🡪 Giá bán căn hộ theo P.RD đề xuất 70 Tr.đồng/m2 – 75 Tr.đồng/m2 chưa bao gồm VAT. 3/ Lợi nhuận trước thuế: 148 tỷ đồng 4/ Lợi nhuận trước thuế/TMĐT = 25,8%",88,Chung cư Đỗ Xuân Hợp,chung cư đỗ xuân hợp,19.492 m² (~1.95 ha),19.500 m² (~1.95 ha),1.95 ha,"2.067m2; 19.492,5 m2; 11.529,8m2; 55m2",,"Tổng mức đầu tư chưa bao gồm VAT: 560 tỷ; TMĐT = 25,8% 5/ IRR: 17,5% PHƯƠNG ÁN 2: CHO THUÊ CĂN HỘ 1/ Tổng mức đầu tư chưa bao gồm VAT: 560 tỷ",doanh thu bán hàng chưa VAT là: 850 tỷ; Doanh thu phòng giai đoạn ổn định là 15 tỷ,"Lợi nhuận trước thuế: 148 tỷ; Lợi nhuận trước thuế/TMĐT = 25,8% 5/ IRR: 17,5% PHƯƠNG ÁN 2: CHO THUÊ CĂN HỘ 1/ Tổng mức đầu tư chưa bao gồm VAT: 560 tỷ","IRR: 17,5%; IRR = 5,2%",,,"560 tỷ; 170 tỷ; 135 tỷ; 280 tỷ; 144 tỷ; 850 tỷ; 148 tỷ; 15 tỷ; Tiền sử dụng đất 135 tỷ; Tiền sử dụng đất phải nộp thêm khoảng 135 tỷ; Tiền sử dụng đất: 135 tỷ; Tổng mức đầu tư chưa bao gồm VAT: 560 tỷ; TMĐT = 25,8% 5/ IRR: 17,5% PHƯƠNG ÁN 2: CHO THUÊ CĂN HỘ 1/ Tổng mức đầu tư chưa bao gồm VAT: 560 tỷ; doanh thu bán hàng chưa VAT là: 850 tỷ; Doanh thu phòng giai đoạn ổn định là 15 tỷ; Lợi nhuận trước thuế: 148 tỷ; Lợi nhuận trước thuế/TMĐT = 25,8% 5/ IRR: 17,5% PHƯƠNG ÁN 2: CHO THUÊ CĂN HỘ 1/ Tổng mức đầu tư chưa bao gồm VAT: 560 tỷ; IRR: 17,5%; IRR = 5,2%","Hệ số sử dụng đất: 8,01; hệ số nén đạt 0,1; hệ số nén trên 0,15",tầng cao: 33 tầng,,MĐXD: 40%,,,Tiền sử dụng đất 135 tỷ đồng) NOTE: Phương pháp thặng dư ước tính giá trị lô đất 280 tỷ đồng tương đương 135 Tr; Tiền sử dụng đất: 135 tỷ đồng) 2/ Doanh thu phòng giai đoạn ổn định là 15 tỷ đồng/năm (công suất thuê ổn định 90% từ năm thứ 3; Tiền sử dụng đất phải nộp thêm khoảng 135 tỷ đồng,,resolved,,BDS-CURATED-0002,74,35,20,12,13,18,4,B,,project_or_deal,,,verified_candidate
BDS-MASTER-0017,KĐT Trấn Biên (thuộc KCN Biên Hòa 1) đang tổ chức đấu giá tại Đồng Nai,1,,,batch_244.txt,,10.907246,106.8478032,"10.907246, 106.8478032",https://maps.app.goo.gl/Mww4k2RWctPHssMQA,"dự án: https://maps.app.goo.gl/Mww4k2RWctPHssMQA 2. Thông số quy hoạch: - Diện tích: 51.65 ha (16.7ha đất ở, 4.8ha đất hạ tầng xã hội + TMDV) - Sản phẩm: Nhà phố, biệt thự, 3 khu chung cư cao từ 40-45 tầng, 1 Trung tâm t",Đồng Nai,Biên Hòa,516.500 m² (~51.65 ha),KCN,,"quy hoạch: - Diện tích: 51.65 ha (16.7ha đất ở, 4.8ha đất hạ tầng xã hội + TMDV) - Sản phẩm: Nhà phố, biệt thự, 3 khu chung cư cao từ 40-45 tầng, 1 Trung tâm thương mại, Trường học, y tế,…); Dân số: ~ 19.774 dân 3. Pháp lý: Dự án đã có QH 1/500, đang thực hiện công tác giải phóng mặt bằng để tổ chức đấu giá theo kế hoạch. Theo thông báo đấu giá, thời gian nộp hồ sơ/tiền ứng",cao từ 40-45 tầng,,,Dân số: ~ 19.774; dân 3,"đấu giá tại Đồng Nai. 1.Vị trí dự án: https://maps.app.goo.gl/Mww4k2RWctPHssMQA 2. Thông số quy hoạch: - Diện tích: 51.65 ha (16.7ha đất ở, 4.8ha đất hạ tầng xã hội + TMDV) - Sản phẩm: Nhà phố, biệt thự, 3 khu chung cư cao từ 4; Pháp lý: Dự án đã có QH 1/500, đang thực hiện công tác giải phóng mặt bằng để tổ chức đấu giá theo kế hoạch. Theo thông báo đấu giá, thời gian nộp hồ sơ/tiền ứng trước từ 17/11/2025 đến 16/12/2025. Thời gian xét duyệt hồ sơ từ; đấu giá: 18/12/2025 Giá khởi điểm: 9.363 tỷ * Giá theo PA đấu giá do Trung tâm PT quỹ đất đề xuất là 2.110 tỷ. Tuy nhiên 10/11/2025, UBND Đồng Nai chính thức ra giá khởi điểm là 9.363 tỷ Tiền ứng trước: 1.873 tỷ 4. Hiệu quả dự","Pháp lý: Dự án đã có QH 1/500, đang thực hiện công tác giải phóng mặt bằng để tổ chức đ",,9.363 tỷ; 2.110 tỷ; 1.873 tỷ; 90 tr/m2; 74tr/m2; 154 tr/m2; 225 tr/m2; 16.5tr/m2; 12.1 tr/m2; 7.35 tr/m2; 2tr/m2; 56.637 tỷ; 33.373 tỷ; 10.073 tỷ; 13.190 tỷ; 2.631 tỷ; 11.050 tỷ; 953 tỷ; 12.453 tỷ; 408 tỷ,Giá bán đề xuất từ RnD GIÁ CĂN HỘ - Giá căn hộ: 80-90 tr/m2,,,,,IRR: 20.64%; IRR đạt: 15%; IRR đạt 10.8%,NPV: 2.631 tỷ; NPV đạt 953 tỷ; NPV âm 408 tỷ,,"đề xuất là 2.110 tỷ. Tuy nhiên 10/11/2025, UBND Đồng Nai chính thức ra giá khởi điểm là 9.363 tỷ Tiền ứng trước: 1.873 tỷ 4. Hiệu quả dự án: a) Giá bán đề xuất từ RnD GIÁ CĂN HỘ - Giá căn hộ: 80-90 tr/m2 (gồm VAT, tim tường) -","đề xuất là 2.110 tỷ. Tuy nhiên 10/11/2025, UBND Đồng Nai chính thức ra giá khởi điểm là 9.363 tỷ Tiền ứng trước: 1.873 tỷ 4. Hiệu quả dự án: a) Giá bán đề xuất từ RnD GIÁ CĂN HỘ - Giá căn",,"[] P.ĐT báo cáo sếp Mr Mike1 -CEO đánh giá sơ bộ hiệu quả dự án KĐT Trấn Biên (thuộc KCN Biên Hòa 1) đang tổ chức đấu giá tại Đồng Nai. 1.Vị trí dự án: https://maps.app.goo.gl/Mww4k2RWctPHssMQA 2. Thông số quy hoạch: - Diện tích: 51.65 ha (16.7ha đất ở, 4.8ha đất hạ tầng xã hội + TMDV) - Sản phẩm: Nhà phố, biệt thự, 3 khu chung cư cao từ 40-45 tầng, 1 Trung tâm thương mại, Trường học, y tế,…) - Dân số: ~ 19.774 dân 3. Pháp lý: Dự án đã có QH 1/500, đang thực hiện công tác giải phóng mặt bằng để tổ chức đấu giá theo kế hoạch. Theo thông báo đấu giá, thời gian nộp hồ sơ/tiền ứng trước từ 17/11/2025 đến 16/12/2025. Thời gian xét duyệt hồ sơ từ 04/12/2025-10/12/2025 Thời gian tổ chức đấu giá: 18/12/2025 Giá khởi điểm: 9.363 tỷ * Giá theo PA đấu giá do Trung tâm PT quỹ đất đề xuất là 2.110 tỷ. Tuy nhiên 10/11/2025, UBND Đồng Nai chính thức ra giá khởi điểm là 9.363 tỷ Tiền ứng trước: 1.873 tỷ 4. Hiệu quả dự án: a) Giá bán đề xuất từ RnD GIÁ CĂN HỘ - Giá căn hộ: 80-90 tr/m2 (gồm VAT, tim tường) - Giá officetel: 62-74tr/m2 (gồm VAT, tim tường) - Giá Shophouse: 136-172 tr./m2 (gồm VAT, tim tường) GIÁ THẤP TẦNG - Giá nhà phố liên kế: 133-154 tr/m2 (giá gồm nhà) – giá đất 94-115tr.m2 - Giá nhà ",71,KĐT Trấn Biên (thuộc KCN Biên Hòa 1) đang tổ chức đấu giá tại Đồng Nai,kđt trấn biên thuộc kcn biên hòa 1 đang tổ chức đấu giá tại đồng nai,516.500 m² (~51.65 ha),516.500 m² (~51.65 ha),51.65 ha,16.7ha; 4.8ha,,,,,IRR: 20.64%; IRR đạt: 15%; IRR đạt 10.8%,NPV: 2.631 tỷ; NPV đạt 953 tỷ; NPV âm 408 tỷ,,9.363 tỷ; 2.110 tỷ; 1.873 tỷ; 90 tr/m2; 74tr/m2; 154 tr/m2; 225 tr/m2; 16.5tr/m2; 12.1 tr/m2; 7.35 tr/m2; 2tr/m2; 56.637 tỷ; 33.373 tỷ; 10.073 tỷ; 13.190 tỷ; 2.631 tỷ; 11.050 tỷ; 953 tỷ; 12.453 tỷ; 408 tỷ; Giá bán đề xuất từ RnD GIÁ CĂN HỘ - Giá căn hộ: 80-90 tr/m2; IRR: 20.64%; IRR đạt: 15%; IRR đạt 10.8%; NPV: 2.631 tỷ; NPV đạt 953 tỷ; NPV âm 408 tỷ,,cao từ 40-45 tầng,Dân số: ~ 19.774; dân 3,,"1/500, đang thực hiện công tác giải phóng mặt bằng để tổ chức đấu giá theo kế hoạch; 1/500, đang thực hiện công tác giải phóng mặt bằng để tổ chức đ [] P",giải phóng mặt bằng để tổ chức đấu giá theo kế hoạch; giải phóng mặt bằng để tổ chức đ [] P,,"đấu giá theo kế hoạch; đấu giá, thời gian nộp hồ sơ/tiền ứng đấu giá tại Đồng Nai; đấu giá, thời gian nộp hồ sơ/tiền ứng trước từ 17/11/2025 đến 16/12/2025; đấu giá: 18/12/2025 Giá khởi điểm: 9; đấu giá do Trung tâm PT quỹ đất đề xuất là 2; đấu giá tại Đồng Nai",resolved,,BDS-CURATED-0026,73,35,13,15,18,14,3,B,,project_or_deal,,,verified_candidate
BDS-MASTER-0008,Hermes Power 1,1,,,batch_001.txt,,10.784153,106.725690,"10.784153, 106.725690",https://maps.app.goo.gl/qDbb6mJHvwhXw4Az6,"KĐT Thủ Thiêm - https://maps.app.goo.gl/qDbb6mJHvwhXw4Az6 Vị trí căn cứ vào file chào của Công ty hải Hưng, chưa xác định được ranh đất cụ thể. 2. PA Quy hoạch: - Dựa vào định vị trong file giới thiệu của Công ty Hải Hưn",,,,căn hộ,"đất hiện là đất nông nghiệp. + LUR: 2.073 tỷ (tính theo PP Thặng dư, do đơn giá xây dựng 15 tầng theo suất vốn NN thấp, trong khi thị trường khu vực giao dịch m","Quy hoạch: - Dựa vào định vị trong file giới thiệu của Công ty Hải Hưng, khu đất dự án thuộc ô quy hoạch K4.4HH, thông số quy hoạch như sau: + Hệ số: 7.31 + Dân số: 1.002 + Quy mô: 15 tầng",Quy mô: 15 tầng; xây dựng 15 tầng; cao trong khi suất đầu tư BXD cho công trình 15 tầng,Hệ số: 7.31,,Dân số: 1.002,"pháp lý do hiện trạng pháp lý chưa có gì, khu đất chưa có đường, đường Lương Định Của đang triển khai thi công) + Giá bán: 250 tr/m2 (chưa V, tim tường) + Giá bán căn shop: 300 tr/m2 (chưa V tim tường) b) Giả định chi phí: + Gi; GCN, chưa xác định được mục đích sdđ hiện trạng. P.ĐT giả định khu đất hiện là đất nông nghiệp. + LUR: 2.073 tỷ (tính theo PP Thặng dư, do đơn giá xây dựng 15 tầng theo suất vốn NN thấp, trong khi thị trường khu vực giao dị; tiền sử dụng đất lớn) + CP xây dựng: 21 tr./m2 (chưa V, all in) tương đương 23 tr./m2 (gồm V) + CP bán hàng: 16% doanh thu c) Hiệu quả đầu tư: LNTT: 1.411 tỷ LNST: 1.129 tỷ LNTT/TMĐT: 19% IRR: 8,3% 4. Các lưu ý: - Chưa có đầy đủ hồ sơ p; LUR cao do giá thị trường khu vực rất cao trong khi suất đầu tư BXD cho công trình 15 tầng thấp. - Vì KĐT Thủ Thiêm sẽ tổ chức đấu giá trong thời gian tới, dẫn đến sẽ đẩy mặt bằng giá đất khu vực lên. Khi tha","chưa xác định được ranh đất cụ thể. 2. PA Quy hoạch: - Dựa vào định vị trong file giới thiệu của Công ty Hải Hưng, khu đất d",Giá mua: 3.380 tỷ,250 tr/m2; 300 tr/m2; 3.380 tỷ; 2.073 tỷ; 1.411 tỷ; 1.129 tỷ; 2.660 tỷ; 2.300 tỷ,Giá bán: 250 tr/m2; Giá bán căn shop: 300 tr/m2,LUR: 2.073 tỷ; tiền sử dụng đất lớn) + CP xây dựng: 21; LUR cao do giá thị trường khu vực rất cao trong khi suất đầu tư BXD cho công trình 15,,doanh thu c) Hiệu quả đầu tư: LNTT: 1.411 tỷ,LNTT: 1.411 tỷ; LNST: 1.129 tỷ,"IRR: 8,3%; IRR 15%; IRR 20%",,,"chưa xác định được ranh đất cụ thể. 2. PA Quy hoạch: - Dựa vào định vị trong file giới thiệu của Công ty Hải Hưng, khu đất dự án thuộc ô quy hoạch K4.4HH, thông số quy hoạch như sau: + Hệ số: 7.31 + Dân số: 1.002 + Quy mô: 1; chưa có gì, khu đất chưa có đường, đường Lương Định Của đang triển khai thi công) + Giá bán: 250 tr/m2 (chưa V, tim tường) + Giá bán căn shop: 300 tr/m2 (chưa V tim tường) b) Giả định chi phí: + Giá mua: 3.380 tỷ (~ 130tr US; chưa có thông tin GCN, chưa xác định được mục đích sdđ hiện trạng. P.ĐT giả định khu đất hiện là đất nông nghiệp. + LUR: 2.073 tỷ (tính theo PP Thặng dư, do đơn giá xây dựng 15 tầng theo suất vốn NN thấp, trong khi thị trườn; chưa V, all in) tương đương 23 tr./m2 (gồm V) + CP bán hàng: 16% doanh thu c) Hiệu quả đầu tư: LNTT: 1.411 tỷ LNST: 1.129 tỷ LNTT/TMĐT: 19% IRR: 8,3% 4. Các lưu ý: - Chưa có đầy đủ hồ sơ pháp lý đất. không xác định được ch",Đề xuất lấy thêm thông tin nguồn gốc đất - Chi phí LUR cao do giá thị trường khu vực rất cao trong khi suất đầu tư BXD cho công trình 15 tầng thấp. - Vì KĐT Thủ Thiêm sẽ tổ chức đấu giá t,,"[] P.ĐT Báo cáo sếp Admin 01 tính toán fs sơ bộ dự án Hermes Power 1. Thông tin dự án - Diện tích: - Vị trí: KĐT Thủ Thiêm - https://maps.app.goo.gl/qDbb6mJHvwhXw4Az6 Vị trí căn cứ vào file chào của Công ty hải Hưng, chưa xác định được ranh đất cụ thể. 2. PA Quy hoạch: - Dựa vào định vị trong file giới thiệu của Công ty Hải Hưng, khu đất dự án thuộc ô quy hoạch K4.4HH, thông số quy hoạch như sau: + Hệ số: 7.31 + Dân số: 1.002 + Quy mô: 15 tầng – 438 căn hộ ở, 42 căn shop TM 3. PA triển khai đầu tư: a) Giả định kinh doanh: Thời điểm bán hàng dự kiến 2029 (mất 2 năm xử lý pháp lý do hiện trạng pháp lý chưa có gì, khu đất chưa có đường, đường Lương Định Của đang triển khai thi công) + Giá bán: 250 tr/m2 (chưa V, tim tường) + Giá bán căn shop: 300 tr/m2 (chưa V tim tường) b) Giả định chi phí: + Giá mua: 3.380 tỷ (~ 130tr USD) Do hồ sơ đối tác gửi chưa có thông tin GCN, chưa xác định được mục đích sdđ hiện trạng. P.ĐT giả định khu đất hiện là đất nông nghiệp. + LUR: 2.073 tỷ (tính theo PP Thặng dư, do đơn giá xây dựng 15 tầng theo suất vốn NN thấp, trong khi thị trường khu vực giao dịch mức giá rất cao dẫn đến tiền sử dụng đất lớn) + CP xây dựng: 21 tr./m2 (chưa V, all in) tương đương 23 t",76,Hermes Power 1,hermes power 1,,,,,Giá mua: 3.380 tỷ,,doanh thu c) Hiệu quả đầu tư: LNTT: 1.411 tỷ,LNTT: 1.411 tỷ; LNST: 1.129 tỷ,"IRR: 8,3%; IRR 15%; IRR 20%",,,"Giá mua: 3.380 tỷ; 250 tr/m2; 300 tr/m2; 3.380 tỷ; 2.073 tỷ; 1.411 tỷ; 1.129 tỷ; 2.660 tỷ; 2.300 tỷ; Giá bán: 250 tr/m2; Giá bán căn shop: 300 tr/m2; LUR: 2.073 tỷ; tiền sử dụng đất lớn) + CP xây dựng: 21; LUR cao do giá thị trường khu vực rất cao trong khi suất đầu tư BXD cho công trình 15; doanh thu c) Hiệu quả đầu tư: LNTT: 1.411 tỷ; LNTT: 1.411 tỷ; LNST: 1.129 tỷ; IRR: 8,3%; IRR 15%; IRR 20%",Hệ số: 7.31,Quy mô: 15 tầng; xây dựng 15 tầng; cao trong khi suất đầu tư BXD cho công trình 15 tầng,Dân số: 1.002,,,,LUR: 2; tiền sử dụng đất lớn) + CP xây dựng: 21 tr; LUR cao do giá thị trường khu vực rất cao trong khi suất đầu tư BXD cho công trình 15 tầng thấp,"GCN, chưa xác định được mục đích sdđ hiện trạng; đấu giá trong thời gian tới, dẫn đến sẽ đẩy mặt bằng giá đất khu vực lên",resolved,,BDS-CURATED-0013,69,35,5,14,19,24,15,B,Thiếu diện tích đất,project_or_deal,,,verified_candidate
BDS-MASTER-0084,Chung cư Minh Ngọc tại đường CMT8,1,2022-09-19,2022-09-19,batch_917.txt,Trieu Nguyen-PTDT,10.7867189,106.6664747,"10.7867189, 106.6664747",https://goo.gl/maps/cUNDNuwk9M5KBSbJA; https://goo.gl/maps/cUNDNuwk9M5KBSbJA**,"và hiện trạng: Dự án nằm tại Hẻm E6, đường CMT8, P11, Q3, có mặt tiền tiếp xúc với hẻm rộng khoảng 130m Nằm cách đường CMT8 khoảng 70m, cách vòng xoay Công trường Dân Chủ khoảng 2km, cách đường Nguyễn Huệ, Q1 khoảng 5.4k",TPHCM,,968 m²,Chung cư,,"QH 1.500, cụ thể: Vị trí và hiện trạng: Dự án nằm tại Hẻm E6, đường CMT8, P11, Q3, có mặt tiền tiếp xúc với hẻm rộng khoảng 130m Nằm cách đường CMT8 khoảng 70m, cách vòng xoay Công t; quy hoạch trạm metro số 2 khoảng 125m Phía sau dự án giáp ranh với nhà ga xe lửa Sài Gòn, dễ bị ảnh hưởng tiếng ồn Hiện trạng: Chưa xây dựng, trên đất có nhà xưởng betong, gạch cũ Pháp lý đ; tầng cao, dân số 480 người, 120 căn hộ. Pháp lý quy hoạch: QH 1.2000 năm 2013: thửa đất 434, tờ 13 có diện tích 7301.2m2 bao gồm 2527.93m2 đất hạ tầng giao thông, 4766.65 m2 đất sử dụng hỗ; tầng cao, MĐXD 49.84% Phía đối tác cam kết hoàn thành QH 1.500 xây dựng chung cư có HSSD 9 lần, MĐXD 45%, 22 tầng cao và 3 tầng hầm KĐT tính toán khả thi chỉ cho phần đất phù hợp quy hoạch; QH phía đối tác cam kết thực hiện Pháp lý xây dựng: Chưa có Sản phẩm phát triển: Vì khan hiếm nguồn cung dự án chung cư tại trung tâm TPHCM trong","tầng cao và 3 tầng; xây dựng chung cư có HSSD 9 lần, MĐXD 45%, 22 tầng; cao và 3 tầng",,MĐXD 45%; MĐXD 49.84%,Dân Chủ khoảng 2; dân số 480; Dân số 1127,"tiền sử dụng đất và QH 1.500, cụ thể: Vị trí và hiện trạng: Dự án nằm tại Hẻm E6, đường CMT8, P11, Q3, có mặt tiền tiếp xúc với hẻm rộng khoảng 130m Nằm cách đường CMT8 khoảng 70m, cách vòng xoay Công trường Dân Chủ khoảng 2km, cách đườ; Pháp lý đất: Chưa được cung cấp Pháp lý đầu tư: Đã được phê duyệt dự án đầu tư xây dựng QĐ số 144/QĐ-SXD-PTN cấp bởi Sở Xây dựng TPHCM ngày 27/08/2009, thực hiện công trình cao ốc Minh Ngọc sử dụng hỗn hợp chung cư, văn phòng v; Pháp lý quy hoạch: QH 1.2000 năm 2013: thửa đất 434, tờ 13 có diện tích 7301.2m2 bao gồm 2527.93m2 đất hạ tầng giao thông, 4766.65 m2 đất sử dụng hỗn hợp, HSSD 2.5 lần, 2-8 tầng cao, MĐXD 49.84% Phía đối tác cam kết hoàn thành; Pháp lý xây dựng: Chưa có Sản phẩm phát triển: Vì khan hiếm nguồn cung dự án chung cư tại trung tâm TPHCM trong khi nhu cầu thị trường vẫn còn rất cao, nên KĐT đề xuất phát triển dự án chung cư cao cấp: 15","Chưa xây dựng, trên đất có nhà xưởng betong, gạch cũ Pháp lý đất: Chưa được cung cấp Pháp lý đầu tư: Đã được phê duyệt dự án",giá chào 1200 tỷ,1200 tỷ; 165.86tr/m2; 123.5tr/m2; 95tr/m2; 80tr/m2; 100tr/m2; 90tr/m2; 2076.78 tỷ; 2905.97 tỷ; 398.38 tỷ; 1190 tỷ,,tiền sử dụng đất và QH 1.500,,"DT 9/19/2022 11:15 AM KĐT gửi anh Tuan Tran-CEO báo cáo dự án Chung cư Minh Ngọc tại đường CMT8, P11, Q3, T",,,,,"Chưa xây dựng, trên đất có nhà xưởng betong, gạch cũ Pháp lý đất: Chưa được cung cấp Pháp lý đầu tư: Đã được phê duyệt dự án đầu tư xây dựng QĐ số 144/QĐ-SXD-PTN cấp bởi Sở Xây dựng TPHCM ngày 27/08/2009, thực hiện công trìn; Chưa có Sản phẩm phát triển: Vì khan hiếm nguồn cung dự án chung cư tại trung tâm TPHCM trong khi nhu cầu thị trường vẫn còn rất cao, nên KĐT đề xuất phát triển dự án chung cư cao cấp: 1501 m2 sàn shophouse (khoảng 13 căn):",đề xuất phát triển dự án chung cư cao cấp: 1501 m2 sàn shophouse (khoảng 13 căn): giá bán trung,,"[2022-09-19] Trieu Nguyen-PTDT 9/19/2022 11:15 AM KĐT gửi anh Tuan Tran-CEO báo cáo dự án Chung cư Minh Ngọc tại đường CMT8, P11, Q3, TPHCM có quy mô 7234m2 và giá chào 1200 tỷ đồng (tương đương 165.86tr/m2 đất) bao gồm tiền sử dụng đất và QH 1.500, cụ thể: Vị trí và hiện trạng: Dự án nằm tại Hẻm E6, đường CMT8, P11, Q3, có mặt tiền tiếp xúc với hẻm rộng khoảng 130m Nằm cách đường CMT8 khoảng 70m, cách vòng xoay Công trường Dân Chủ khoảng 2km, cách đường Nguyễn Huệ, Q1 khoảng 5.4km, thuận tiện đi về trung tâm Q1. Cách công viên Lê Thị Riêng và vị trí quy hoạch trạm metro số 2 khoảng 125m Phía sau dự án giáp ranh với nhà ga xe lửa Sài Gòn, dễ bị ảnh hưởng tiếng ồn Hiện trạng: Chưa xây dựng, trên đất có nhà xưởng betong, gạch cũ Pháp lý đất: Chưa được cung cấp Pháp lý đầu tư: Đã được phê duyệt dự án đầu tư xây dựng QĐ số 144/QĐ-SXD-PTN cấp bởi Sở Xây dựng TPHCM ngày 27/08/2009, thực hiện công trình cao ốc Minh Ngọc sử dụng hỗn hợp chung cư, văn phòng và TMDV có diện tích đất 7234.9m2 bao gồm 3267.2m2 đất ở, 3967.7m2 đất cây xanh, giao thông, sân bãi theo HSSD 9 lần, MĐXD 45%, 22 tầng cao, dân số 480 người, 120 căn hộ. Pháp lý quy hoạch: QH 1.2000 năm 2013: thửa đất 434, tờ 13 có diện tích 7301.2m",65,Chung cư Minh Ngọc tại đường CMT8,chung cư minh ngọc tại đường cmt8,968 m²,968 m²,967.7m2,267.2m2; 234.9m2; 234m2; 527.93m2; 968 m²; 766.65 m2; 301.2m2,giá chào 1200 tỷ,,,,,,,"giá chào 1200 tỷ; 1200 tỷ; 165.86tr/m2; 123.5tr/m2; 95tr/m2; 80tr/m2; 100tr/m2; 90tr/m2; 2076.78 tỷ; 2905.97 tỷ; 398.38 tỷ; 1190 tỷ; tiền sử dụng đất và QH 1.500; DT 9/19/2022 11:15 AM KĐT gửi anh Tuan Tran-CEO báo cáo dự án Chung cư Minh Ngọc tại đường CMT8, P11, Q3, T",,"tầng cao và 3 tầng; xây dựng chung cư có HSSD 9 lần, MĐXD 45%, 22 tầng; cao và 3 tầng",Dân Chủ khoảng 2; dân số 480; Dân số 1127,MĐXD 45%; MĐXD 49.84%,,,tiền sử dụng đất và QH 1,"phê duyệt dự án đầu tư xây dựng QĐ số 144/QĐ-SXD-PTN cấp bởi Sở Xây dựng TPHCM ngày 27/08/2009, thực hiện công trình cao ốc Minh Ngọc sử dụng hỗn hợp chung cư, văn phòng v; phê duyệt dự án [2022-09-19] Trieu Nguyen-PTDT 9/19/2022 11:15 AM KĐT gửi anh Tuan Tran-CEO báo cáo dự án Chung cư Minh Ngọc tại đường CMT8, P11, Q3, TPHCM có quy mô 7234m2 và giá chào 1200; phê duyệt dự án đầu tư xây dựng QĐ số 144/QĐ-SXD-PTN cấp bởi Sở Xây dựng TPHCM ngày 27/08/2009, thực hiện công trình cao ốc Minh Ngọc sử dụng hỗn hợp chung cư, văn phòng và TMDV có diện tíc",matched_teams_map_link,,BDS-CURATED-0035,68,35,20,10,19,6,4,B,,project_or_deal,,,verified_candidate
BDS-MASTER-0014,Urban Green / Bình Thái,2,,,batch_089.txt; batch_091.txt,,10.8456644,106.7620502,"10.8456644, 106.7620502",https://maps.app.goo.gl/dRnRPbNFPmCfsTHAA,"và ranh dự án: https://maps.app.goo.gl/dRnRPbNFPmCfsTHAA b) Đánh giá vị trí dự án: Dự án có lợi thế vị trí khi cách ga Metro Bình Thái khoảng 700m, nằm gần các trường đại học, KCNC và khu dân cư hiện hữu. Khu vực ghi nhậ",,Thủ Đức,4.604 m²,căn hộ,"ất CLN Pháp lý đất: Có nguồn gốc đất cá nhân, phù hợp để phát triển dự án nhà ở (Dựa theo Nghị quyết 171). Pháp lý QH: Diện tích phù hợp QH còn 4,604 m2 (Không","QH: Diện tích phù hợp QH còn 4,604 m2 (Không bị dính lộ giới). Tầng cao 22 tầng cao và 1 hầm; Hệ số sử dụng đất 7 lần, dân số là 361 người (tương đương hệ số 3.6 ,chưa sử dụng hết đư; hệ số HS SDĐ) 2. Hiệu quả dự án: Do chỉ tiêu dân số hiện tại còn thấp nên Phòng Đầu Tư tạm tính 2 phương án: Phương án 1: Tận dụng dân số hiện có 361 người để làm căn hộ chung cư, phần; hệ số còn lại làm căn hộ dịch vụ Phương án 2: xin thêm dân số lên 650 người (để sử dụng full HS SDĐ) để làm căn hộ chung cư Thông số quy hoạch Hiệu quả dự án Độ nhạy dự án Phương án 1:",Tầng cao 22 tầng,Hệ số sử dụng đất 7; hệ số 3.6; hệ số HS SDĐ) 2; hệ số còn lại làm căn hộ dịch vụ Phương án 2,,dân số là 361; dân số hiện tại còn thấp nên Phòng Đầu Tư tạm tính 2; dân số hiện có 361; dân số lên 650,"pháp lý dự án: a) Vị trí và ranh dự án: https://maps.app.goo.gl/dRnRPbNFPmCfsTHAA b) Đánh giá vị trí dự án: Dự án có lợi thế vị trí khi cách ga Metro Bình Thái khoảng 700m, nằm gần các trường đại học, KCNC và khu dân cư hiện hữ; pháp lý: Tổng diện tích khu đất là: 4,604 m2, chưa xác định được loại đất nên Phòng Đầu tư tạm giả định là đất CLN Pháp lý đất: Có nguồn gốc đất cá nhân, phù hợp để phát triển dự án nhà ở (Dựa theo Nghị quyết 171). Pháp lý QH:",pháp lý dự án: a) Vị trí và ranh dự án: https://maps.app.goo.gl/dRnRPbNFPmCfsTHAA b) Đá,giá mua đất là 234 tỷ,108.5tr/m2; 234 tỷ; 51tr/m2; 276 tỷ; 60tr/m2,giá bán chung cư tối thiểu 108.5tr/m2,,,"DT, has attachments. 5/22 9:23 AM Edited Hoa D - CVDT P. ĐT báo cáo Sếp Admin 01 về khu đất 4.600 m2 t",,IRR = 15%,,,"lưu ý rủi ro từ phần đất mộ cần xử lý/di dời và tác động tâm lý đối với người mua do vị trí tiếp giáp khu mộ. b. Sơ bộ hiện trạng pháp lý: Tổng diện tích khu đất là: 4,604 m2, chưa xác định được loại đất nên Phòng Đầu tư tạm; chưa sử dụng hết được hệ số HS SDĐ) 2. Hiệu quả dự án: Do chỉ tiêu dân số hiện tại còn thấp nên Phòng Đầu Tư tạm tính 2 phương án: Phương án 1: Tận dụng dân số hiện có 361 người để làm căn hộ chung cư, phần hệ số còn lại làm","cần lưu ý rủi ro từ phần đất mộ cần xử lý/di dời và tác động tâm lý đối với người mua do vị trí tiếp giáp khu mộ. b. Sơ bộ hiện trạng pháp lý: Tổng diện tích khu đất là: 4,604 m2, chư; cần giá bán chung cư tối thiểu 108.5tr/m2 sàn và giá mua đất là 234 tỷ (tương đương 51tr/m2 đất). Dựa trên vị trí và đối tượng (chủ yếu là sinh viên và người có thu nhập trung bình) c; cần giá bán chung cư tối thiểu 108.5tr/m2 sàn và giá mua đất là 234 tỷ (tương đương 51tr/m2 đất). Dựa trên vị trí và đối tượng (chủ yếu là sinh viên và người có thu nhập trung bì",,"[] P. ĐT báo cáo Sếp Admin 01 về khu đất 4... by Hoa D - CVDT, has attachments. 5/22 9:23 AM Edited Hoa D - CVDT P. ĐT báo cáo Sếp Admin 01 về khu đất 4.600 m2 tại 120 Đặng Văn Bi, phường Thủ Đức, HCM như sau: 1. Tóm tắt sơ bộ hiện trạng pháp lý dự án: a) Vị trí và ranh dự án: https://maps.app.goo.gl/dRnRPbNFPmCfsTHAA b) Đánh giá vị trí dự án: Dự án có lợi thế vị trí khi cách ga Metro Bình Thái khoảng 700m, nằm gần các trường đại học, KCNC và khu dân cư hiện hữu. Khu vực ghi nhận nhu cầu mua ở thực và thuê ổn định, trong khi nguồn cung căn hộ mới còn hạn chế; đặc biệt, loại hình căn hộ dịch vụ chuẩn còn thiếu, tạo dư địa phát triển tốt cho dự án. Tuy nhiên, cần lưu ý rủi ro từ phần đất mộ cần xử lý/di dời và tác động tâm lý đối với người mua do vị trí tiếp giáp khu mộ. b. Sơ bộ hiện trạng pháp lý: Tổng diện tích khu đất là: 4,604 m2, chưa xác định được loại đất nên Phòng Đầu tư tạm giả định là đất CLN Pháp lý đất: Có nguồn gốc đất cá nhân, phù hợp để phát triển dự án nhà ở (Dựa theo Nghị quyết 171). Pháp lý QH: Diện tích phù hợp QH còn 4,604 m2 (Không bị dính lộ giới). Tầng cao 22 tầng cao và 1 hầm; Hệ số sử dụng đất 7 lần, dân số là 361 người (tương đương hệ số 3.6 ,chưa sử dụng hết 

---

[] Friday, May 22 P. ĐT báo cáo Sếp Admin 01 về khu đất 4... by Hoa D - CVDT, has attachments. 5/22 9:23 AM Edited Hoa D - CVDT P. ĐT báo cáo Sếp Admin 01 về khu đất 4.600 m2 tại 120 Đặng Văn Bi, phường Thủ Đức, HCM như sau: 1. Tóm tắt sơ bộ hiện trạng pháp lý dự án: a) Vị trí và ranh dự án: https://maps.app.goo.gl/dRnRPbNFPmCfsTHAA b) Đánh giá vị trí dự án: Dự án có lợi thế vị trí khi cách ga Metro Bình Thái khoảng 700m, nằm gần các trường đại học, KCNC và khu dân cư hiện hữu. Khu vực ghi nhận nhu cầu mua ở thực và thuê ổn định, trong khi nguồn cung căn hộ mới còn hạn chế; đặc biệt, loại hình căn hộ dịch vụ chuẩn còn thiếu, tạo dư địa phát triển tốt cho dự án. Tuy nhiên, cần lưu ý rủi ro từ phần đất mộ cần xử lý/di dời và tác động tâm lý đối với người mua do vị trí tiếp giáp khu mộ. b. Sơ bộ hiện trạng pháp lý: Tổng diện tích khu đất là: 4,604 m2, chưa xác định được loại đất nên Phòng Đầu tư tạm giả định là đất CLN Pháp lý đất: Có nguồn gốc đất cá nhân, phù hợp để phát triển dự án nhà ở (Dựa theo Nghị quyết 171). Pháp lý QH: Diện tích phù hợp QH còn 4,604 m2 (Không bị dính lộ giới). Tầng cao 22 tầng cao và 1 hầm; Hệ số sử dụng đất 7 lần, dân số là 361 người (tương đương hệ số 3.6 ,ch",76,có lợi thế vị trí khi cách ga Metro Bình Thái khoảng 700m,urban green bình thái,4.600 m²,4.604 m²,"4,604 m2",4.600 m2,giá mua đất là 234 tỷ,,,,IRR = 15%,,,"giá mua đất là 234 tỷ; 108.5tr/m2; 234 tỷ; 51tr/m2; 276 tỷ; 60tr/m2; giá bán chung cư tối thiểu 108.5tr/m2; DT, has attachments. 5/22 9:23 AM Edited Hoa D - CVDT P. ĐT báo cáo Sếp Admin 01 về khu đất 4.600 m2 t; IRR = 15%",Hệ số sử dụng đất 7; hệ số 3.6; hệ số HS SDĐ) 2; hệ số còn lại làm căn hộ dịch vụ Phương án 2,Tầng cao 22 tầng,dân số là 361; dân số hiện tại còn thấp nên Phòng Đầu Tư tạm tính 2; dân số hiện có 361; dân số lên 650,,,,,,resolved,,BDS-CURATED-0017,64,35,18,14,8,16,12,B,,project_or_deal,,,verified_candidate
BDS-MASTER-0021,nhà ở lực lượng vũ trang nhân dân Quận 12,1,,,batch_406.txt,,10.824590,106.617167,"10.824590, 106.617167",https://maps.app.goo.gl/xg6rRMGswq5scyCbA; https://maps.app.goo.gl/whvDoK2djK9ZczAK8,"https://maps.app.goo.gl/xg6rRMGswq5scyCbA - Tổng diện tích: 1,18 ha - Quy mô công trình: 2 block (1 NOTM, 1 NOXH) cao 12 tầng, 1 hầm - Tổng sản phẩm: NOTM: 129 căn NOXH: 539 căn - Tổng mức đầu tư: 904,9 tỷ (suất đầu tư x",,Quận 12,11.800 m² (~1.18 ha),TMĐT,,,"cao 12 tầng; cao 14 tầng; Quy mô công trình: 2 block (1 NOTM, 1 NOXH) cao 12 tầng; Quy mô công trình: 4 block (1 NOTM, 3 NOXH) cao 14 tầng",,,"dân Quận 12; dân khu Hiệp Thành 5,5; dân là đối tượng được ưu đãi thuế VAT đầu ra 5; dân khu tái định cư Tân Thới Nhất (Depot Tham Lương), Quận 12",,,,"904,9 tỷ; 11,2 tr/m2; 081,2 tỷ; 24,1 tr/m2; 105,38 tỷ; 93,1 tỷ; 16,8 tỷ; 222,8 tỷ; 134,7 tỷ; 24,7 tr/m2; 610,6 tỷ; 566,4 tỷ; 99 tỷ","giá bán NOXH: 24,1 tr/m2; giá bán NOXH: 24,7 tr/m2",,"Tổng mức đầu tư: 904,9 tỷ","doanh thu: 1.081,2 tỷ; doanh thu: 5.134,7 tỷ","LNTT: 105,38 tỷ; LNST: 93,1 tỷ; LNTT: 610,6 tỷ; LNST: 566,4 tỷ","IRR: 16,0%; IRR: 16,4%","NPV: 16,8 tỷ; NPV: 99 tỷ",,,,,"[] P.ĐT báo cáo anh Mr Mike1 -CEO về hiệu quả sơ bộ cho dự án nhà ở lực lượng vũ trang nhân dân Quận 12. 1. Dự án Nhà ở lực lượng vũ trang nhân dân khu tái định cư Tân Thới Nhất (Depot Tham Lương), Quận 12 - Vị trí: https://maps.app.goo.gl/xg6rRMGswq5scyCbA - Tổng diện tích: 1,18 ha - Quy mô công trình: 2 block (1 NOTM, 1 NOXH) cao 12 tầng, 1 hầm - Tổng sản phẩm: NOTM: 129 căn NOXH: 539 căn - Tổng mức đầu tư: 904,9 tỷ (suất đầu tư xây dựng công trình : 11,2 tr/m2) - Tổng doanh thu: 1.081,2 tỷ (giá bán NOTM: 57tr./m2, giá bán NOXH: 24,1 tr/m2) Hiệu quả đầu tư: - LNTT: 105,38 tỷ - LNST: 93,1 tỷ - NPV: 16,8 tỷ - IRR: 16,0% - LNTT/TMĐT: 11,65% - LNTT/Vốn CSH: 50,5% 2. Dự án Nhà ở lực lượng vũ trang nhân dân khu Hiệp Thành 5,5 ha, Quận 12 - Vị trí: https://maps.app.goo.gl/whvDoK2djK9ZczAK8 - Tổng diện tích: 5,8 ha - Quy mô công trình: 4 block (1 NOTM, 3 NOXH) cao 14 tầng, 1 hầm - Tổng sản phẩm: NOTM: 659 căn NOXH: 3.012 căn - Tổng mức đầu tư: 4.222,8 tỷ (suất đầu tư xây dựng công trình : 11,2 tr/m2) - Tổng doanh thu: 5.134,7 tỷ (giá bán NOTM: 38tr./m2, giá bán NOXH: 24,7 tr/m2) Hiệu quả đầu tư: - LNTT: 610,6 tỷ - LNST: 566,4 tỷ - NPV: 99 tỷ - IRR: 16,4% - LNTT/TMĐT: 14,5% - LNTT/Vốn CSH: 8",71,nhà ở lực lượng vũ trang nhân dân Quận 12,nhà ở lực lượng vũ trang nhân dân quận 12,55.000 m² (~5.50 ha),11.800 m² (~1.18 ha),"1,18 ha","5.50 ha; 5,8 ha",,"Tổng mức đầu tư: 904,9 tỷ",,"LNTT: 105,38 tỷ; LNST: 93,1 tỷ; LNTT: 610,6 tỷ; LNST: 566,4 tỷ","IRR: 16,0%; IRR: 16,4%","NPV: 16,8 tỷ; NPV: 99 tỷ",,"904,9 tỷ; 11,2 tr/m2; 081,2 tỷ; 24,1 tr/m2; 105,38 tỷ; 93,1 tỷ; 16,8 tỷ; 222,8 tỷ; 134,7 tỷ; 24,7 tr/m2; 610,6 tỷ; 566,4 tỷ; 99 tỷ; giá bán NOXH: 24,1 tr/m2; giá bán NOXH: 24,7 tr/m2; Tổng mức đầu tư: 904,9 tỷ; doanh thu: 1.081,2 tỷ; doanh thu: 5.134,7 tỷ; LNTT: 105,38 tỷ; LNST: 93,1 tỷ; LNTT: 610,6 tỷ; LNST: 566,4 tỷ; IRR: 16,0%; IRR: 16,4%; NPV: 16,8 tỷ; NPV: 99 tỷ",,"cao 12 tầng; cao 14 tầng; Quy mô công trình: 2 block (1 NOTM, 1 NOXH) cao 12 tầng; Quy mô công trình: 4 block (1 NOTM, 3 NOXH) cao 14 tầng","dân Quận 12; dân khu Hiệp Thành 5,5; dân là đối tượng được ưu đãi thuế VAT đầu ra 5; dân khu tái định cư Tân Thới Nhất (Depot Tham Lương), Quận 12",,,,,,resolved,,BDS-CURATED-0031,63,35,13,8,0,23,0,B,Thiếu pháp lý,project_or_deal,,,verified_candidate
BDS-MASTER-0007,Diamond Garden Đào Trí Phú Thuận,1,,,batch_034.txt,,10.727928,106.742496,"10.727928, 106.742496",https://maps.app.goo.gl/GdiSL1z7fBFtk3tr8,"và ranh dự án: https://maps.app.goo.gl/GdiSL1z7fBFtk3tr8 b) Dự án bị chia cắt bởi một con rạch, phát sinh rủi ro pháp lý xây dựng cầu để kết nối hai khu đất b. Sơ bộ hiện trạng pháp lý: Tổng diện tích khu đất là: 10,471",TP Hồ Chí Minh,,10.471 m² (~1.05 ha),căn hộ,,"QH: theo QHPK 10/2009 thuộc ô D2 có chỉ tiêu như sau: MĐXD 40%, tầng cao không giới hạn, HS SDĐ 7, dân số 278 (nguồn anh Tài). Đối tác đang xin điều chỉnh lại thành: HS SDĐ = 7.5, dâ; dân số. Do đó phòng Đầu Tư đề xuất không nghiên cứu chuyên sâu dự án này.",,HS SDĐ 7; HS SDĐ = 7.5,MĐXD 40%,"dân số 278; dân số 2,068","pháp lý dự án: a) Vị trí và ranh dự án: https://maps.app.goo.gl/GdiSL1z7fBFtk3tr8 b) Dự án bị chia cắt bởi một con rạch, phát sinh rủi ro pháp lý xây dựng cầu để kết nối hai khu đất b. Sơ bộ hiện trạng pháp lý: Tổng diện tích k; Pháp lý đất: đang đề xuất xin vào cơ chế thí điểm của Nghị quyết 171 (cần tốn ít nhất 2 năm để có thể triển khai xây dựng được) Pháp lý QH: theo QHPK 10/2009 thuộc ô D2 có chỉ tiêu như sau: MĐXD 40%, tầng cao không giới hạn, HS",pháp lý dự án: a) Vị trí và ranh dự án: https://maps.app.goo.gl/GdiSL1z7fBFtk3tr8 b) Dự,,"3,579 tỷ; 64 tr/m2; 83 tr/m2; 400 tỷ; 42tr/m2; 666 tỷ; 527 tỷ; 16tr/m2; 180 tỷ",Giá bán vào 2028: căn hộ 64 tr/m2,,,"Doanh thu: 3,579 tỷ; DTXD c) Hiệu quả dự án Lợi nhuận trước thuế: 180 tỷ",Lợi nhuận trước thuế: 180 tỷ,IRR dự án: 3.59%,,,"rủi ro pháp lý xây dựng cầu để kết nối hai khu đất b. Sơ bộ hiện trạng pháp lý: Tổng diện tích khu đất là: 10,471 m2, gồm 5,718 m2 đất lúa, 676 m2 đất ở, đất chuyên dụng 3,217m2 và 860m2 lộ giới Pháp lý đất: đang đề xuất xin v; đề xuất cao hơn đáng kể và anh Tài đánh giá phương án này có tính khả thi thấp. 2. Hiệu quả dự án: a) Doanh thu: 3,579 tỷ (Chưa VAT) Giá bán vào 2028: căn hộ 64 tr/m2 tim tường (chưa VAT), Shophouse: 83 tr/m2 (chưa VAT) b) Chi; chưa VAT): 16tr/m2 DTXD c) Hiệu quả dự án Lợi nhuận trước thuế: 180 tỷ LNTT/TMĐT: 7% IRR dự án: 3.59% d) Bảng độ nhạy IRR dự án, LNTT/TMĐT đối với giá mua đất và giá bán căn hộ. => Dự án đang không hiệu quả vì nghĩa vụ tài c; rủi ro cao khi không xin được tăng dân số. Do đó phòng Đầu Tư đề xuất không nghiên cứu chuyên sâu dự án này.","đề xuất xin vào cơ chế thí điểm của Nghị quyết 171 (cần tốn ít nhất 2 năm để có thể triển khai xây dựng được) Pháp lý QH: theo QHPK 10/2009 thuộc ô D2 có chỉ tiêu như sau: MĐXD 40%, tầng; đề xuất cao hơn đáng kể và anh Tài đánh giá phương án này có tính khả thi thấp. 2. Hiệu quả dự án: a) Doanh thu: 3,579 tỷ (Chưa VAT) Giá bán vào 2028: căn hộ 64 tr/m2 tim tường (chưa VAT); đề xuất không nghiên cứu chuyên sâu dự án này.",,"[] Friday, June 12 P. Đầu tư xin báo cáo sếp Admin 01 dự á... by Hoa D - CVDT, has an attachment. 6/12 4:10 PM Edited Hoa D - CVDT P. Đầu tư xin báo cáo sếp Admin 01 dự án Diamond Garden ở đường Đào Trí, Phường Phú Thuận, TP Hồ Chí Minh 1. Tóm tắt sơ bộ hiện trạng pháp lý dự án: a) Vị trí và ranh dự án: https://maps.app.goo.gl/GdiSL1z7fBFtk3tr8 b) Dự án bị chia cắt bởi một con rạch, phát sinh rủi ro pháp lý xây dựng cầu để kết nối hai khu đất b. Sơ bộ hiện trạng pháp lý: Tổng diện tích khu đất là: 10,471 m2, gồm 5,718 m2 đất lúa, 676 m2 đất ở, đất chuyên dụng 3,217m2 và 860m2 lộ giới Pháp lý đất: đang đề xuất xin vào cơ chế thí điểm của Nghị quyết 171 (cần tốn ít nhất 2 năm để có thể triển khai xây dựng được) Pháp lý QH: theo QHPK 10/2009 thuộc ô D2 có chỉ tiêu như sau: MĐXD 40%, tầng cao không giới hạn, HS SDĐ 7, dân số 278 (nguồn anh Tài). Đối tác đang xin điều chỉnh lại thành: HS SDĐ = 7.5, dân số 2,068 người => Mức đề xuất cao hơn đáng kể và anh Tài đánh giá phương án này có tính khả thi thấp. 2. Hiệu quả dự án: a) Doanh thu: 3,579 tỷ (Chưa VAT) Giá bán vào 2028: căn hộ 64 tr/m2 tim tường (chưa VAT), Shophouse: 83 tr/m2 (chưa VAT) b) Chi phí Giá đất: 400 tỷ (tương đương 42tr/m2) N",76,Diamond Garden Đào Trí Phú Thuận,diamond garden đào trí phú thuận,10.471 m² (~1.05 ha),10.471 m² (~1.05 ha),"10,471 m2","1.05 ha; 5,718 m2; 676 m2; 3,217m2; 860m2",,,"Doanh thu: 3,579 tỷ; DTXD c) Hiệu quả dự án Lợi nhuận trước thuế: 180 tỷ",Lợi nhuận trước thuế: 180 tỷ,IRR dự án: 3.59%,,,"3,579 tỷ; 64 tr/m2; 83 tr/m2; 400 tỷ; 42tr/m2; 666 tỷ; 527 tỷ; 16tr/m2; 180 tỷ; Giá bán vào 2028: căn hộ 64 tr/m2; Doanh thu: 3,579 tỷ; DTXD c) Hiệu quả dự án Lợi nhuận trước thuế: 180 tỷ; Lợi nhuận trước thuế: 180 tỷ; IRR dự án: 3.59%",HS SDĐ 7; HS SDĐ = 7.5,,"dân số 278; dân số 2,068",MĐXD 40%,,,,,resolved,,BDS-CURATED-0012,61,35,13,12,8,18,12,B,,project_or_deal,,,verified_candidate
BDS-MASTER-0029,Căn hộ Dịch vụ Quận 2 (1,1,2024-03-13,2024-03-13,batch_697.txt,Sinh Nguyen-Dau Tu,10.7916013,106.7322742,"10.7916013, 106.7322742",https://maps.app.goo.gl/4E1Yi9DPgpF2CdaE7,"+ Tiếp giáp mặt tiền Đường số 12 rộng 12m, đường trải nhựa, bên hông quy hoạch đường rộng 12m, phía sau quy hoạch đường rộng 30m + Cách đường Trần Não khoảng 210m, cách đường Lương Định Của khoảng 550m + Bên hông tài sản",Hồ Chí Minh,Quận 2,1.143 m²,Căn hộ,Đất ở tại đô thị + Thời hạn sử dụng: Lâu dài 4/ Pháp lý đầu tư: Chưa có/Chưa được cung cấp 5/ Quy hoạch - Vị trí khu đất thuộc quy hoạch đất ở xây dựng mới - Că,"quy hoạch đường rộng 12m, phía sau quy hoạch đường rộng 30m + Cách đường Trần Não khoảng 210m, cách đường Lương Định Của khoảng 550m + Bên hông tài sản giáp Ký túc xá trường Đại học Giao th; Quy hoạch - Vị trí khu đất thuộc quy hoạch đất ở xây dựng mới - Căn cứ Thông tin Quy hoạch Thành phố Hồ Chí Minh: + Chức năng: I-08 (diện tích: 4.922m², trong đó dự án nằm trong Ô chức năng; Tầng cao: 1-15 tầng + Mật độ xây dựng: 50% + Hệ số sử dụng: 5,5 - Căn cứ Bảng vẽ xây dựng được cung cấp: 1 tòa công trình xây dựng bao gồm: + 14 tầng + 2 hầm (Tổng diện tích sàn: 7.672m²,; Hệ số sử dụng đất: 6,43 (Cần kiểm tra lại hệ số này vì lớn hơn hệ số toàn khu I-08 là 5,5) + Mật độ xây dựng: ~50% + Số căn hộ dịch vụ: 111 căn 6/ Phương án Đầu tư: 6.1/ Loại hình phát",Tầng cao: 1-15 tầng; xây dựng bao gồm: + 14 tầng,"Hệ số sử dụng: 5,5; Hệ số sử dụng đất: 6,43; hệ số này vì lớn hơn hệ số toàn khu I-08",Mật độ xây dựng: 50%; Mật độ xây dựng: ~50%,,"Pháp lý đất: - Giấy chứng nhận Quyền SDĐ, QSHNO và tài sản gắn liền với đất, ngày 07/07/2022 do Sở Tài nguyên và Môi trường, TP.HCM cấp: + Thửa 526, tờ bản đồ số 20 + Diện tích đất: 1.143,4m² + Mục đích sử dụng: Đất ở tại đô th; Pháp lý đầu tư: Chưa có/Chưa được cung cấp 5/ Quy hoạch - Vị trí khu đất thuộc quy hoạch đất ở xây dựng mới - Căn cứ Thông tin Quy hoạch Thành phố Hồ Chí Minh: + Chức năng: I-08 (diện tích: 4.922m², trong đó dự án nằm trong Ô c; pháp lý - Năm 2025 - 2026: Xây dựng hoàn thành công trình và cảnh quan - Năm 2026-2073: Vận hành cho thuê Căn hộ Dịch vụ 6.3/ Tổng mức đầu tư dự án: + Phương án 1: Không bao gồm chi ph","Pháp lý đất: - Giấy chứng nhận Quyền SDĐ, QSHNO và tài sản gắn liền với đất, ngày 07/07",,123 tỷ; 230 tỷ; 353 tỷ,,,,,,,,,"Chưa có/Chưa được cung cấp 5/ Quy hoạch - Vị trí khu đất thuộc quy hoạch đất ở xây dựng mới - Căn cứ Thông tin Quy hoạch Thành phố Hồ Chí Minh: + Chức năng: I-08 (diện tích: 4.922m², trong đó dự án nằm trong Ô chức năng này)","Cần kiểm tra lại hệ số này vì lớn hơn hệ số toàn khu I-08 là 5,5) + Mật độ xây dựng: ~50% + Số căn hộ dịch vụ: 111 căn 6/ Phương án Đầu tư: 6.1/ Loại hình phát triển: Đầu tư phát triể",,"[2024-03-13] Sinh Nguyen-Dau Tu 3/13/2024 10:22 AM Translate K.ĐT báo cáo anh Tuan Tran-CEO, dự án Căn hộ Dịch vụ Quận 2 (1.143m²) MT Đường số 12, phường An Khánh, Thành phố Thủ Đức, Thành phố Hồ Chí Minh (Nguồn Mr. Sơn – Trợ lý TGĐ) như sau: 1/ Vị trí + Tiếp giáp mặt tiền Đường số 12 rộng 12m, đường trải nhựa, bên hông quy hoạch đường rộng 12m, phía sau quy hoạch đường rộng 30m + Cách đường Trần Não khoảng 210m, cách đường Lương Định Của khoảng 550m + Bên hông tài sản giáp Ký túc xá trường Đại học Giao thông Vận tải, cách KĐT Thủ Thiêm khoảng 1,5km 2/ Hiện trạng: 2 căn nhà 2 tầng, hiện đang cho thuê 3/ Pháp lý đất: - Giấy chứng nhận Quyền SDĐ, QSHNO và tài sản gắn liền với đất, ngày 07/07/2022 do Sở Tài nguyên và Môi trường, TP.HCM cấp: + Thửa 526, tờ bản đồ số 20 + Diện tích đất: 1.143,4m² + Mục đích sử dụng: Đất ở tại đô thị + Thời hạn sử dụng: Lâu dài 4/ Pháp lý đầu tư: Chưa có/Chưa được cung cấp 5/ Quy hoạch - Vị trí khu đất thuộc quy hoạch đất ở xây dựng mới - Căn cứ Thông tin Quy hoạch Thành phố Hồ Chí Minh: + Chức năng: I-08 (diện tích: 4.922m², trong đó dự án nằm trong Ô chức năng này) + Tầng cao: 1-15 tầng + Mật độ xây dựng: 50% + Hệ số sử dụng: 5,5 - Căn cứ Bảng vẽ xây dựng được cung",59,Căn hộ Dịch vụ Quận 2 (1,căn hộ dịch vụ quận 2 1,1.143 m²,1.143 m²,1.143 m²,"4.922m²; 7.672m²; 1.143,4m²",,,,,,,,123 tỷ; 230 tỷ; 353 tỷ,"Hệ số sử dụng: 5,5; Hệ số sử dụng đất: 6,43; hệ số này vì lớn hơn hệ số toàn khu I-08",Tầng cao: 1-15 tầng; xây dựng bao gồm: + 14 tầng,,Mật độ xây dựng: 50%; Mật độ xây dựng: ~50%,,,,"Giấy chứng nhận Quyền SDĐ, QSHNO và tài sản gắn liền với đất, ngày 07/07/2022 do Sở Tài nguyên và Môi trường, TP; Giấy chứng nhận Quyền SDĐ, QSHNO và tài sản gắn liền với đất, ngày 07/07 [2024-03-13] Sinh Nguyen-Dau Tu 3/13/2024 10:22 AM Translate K",resolved,,BDS-CURATED-0054,60,35,20,12,14,0,4,B,Thiếu tài chính,project_or_deal,,,verified_candidate
BDS-MASTER-0018,Thủ Đức Living,1,,,batch_016.txt,,10.8679394,106.763008,"10.8679394, 106.763008",https://maps.app.goo.gl/D8GuCY5LefTH8JVq9,"và ranh dự án: https://maps.app.goo.gl/D8GuCY5LefTH8JVq9 b) Sơ bộ hiện trạng pháp lý: Tổng diện tích khu đất là: 4,661 m2 (1,471 m2 đất ở, 3,190m2 đất cây hằng năm) Pháp lý đất: được thực hiện dự án thí điểm Nhà Ở Thương",,Thủ Đức,4.661 m²,căn hộ,,"QH: Diện tích phù hợp QH còn 3,545 m2 (Dính lộ giới: 1,111m2). Tầng cao 25 tầng cao, 0 tầng hầm; Hệ số sử dụng đất 6 lần, dân số là 500 người (tương đương hệ số 5.31 ,chưa sử dụng hế; hệ số HS SDĐ) 2. Hiệu quả dự án: a) Doanh thu (Có VAT): 1,179 tỷ VNĐ Giá bán căn hộ chung cư: 1,038 tỷ (66tr/m2 tim tường) Giá bán Shophouse: 141 tỷ (78tr/m2 tim tường) b) Chi phí (có V; dân số thấp không sử dụng hết được HS SDĐ, giá mua đất, chi phí nghĩa vụ tài chính và pháp lý cao. Do đó P. ĐT đề xuất không nghiên cứu chuyên sâu dự án này. ok by Admin 01","Tầng cao 25 tầng; cao, 0 tầng",Hệ số sử dụng đất 6; hệ số 5.31; hệ số HS SDĐ) 2,,dân số là 500,"pháp lý dự án: a) Vị trí và ranh dự án: https://maps.app.goo.gl/D8GuCY5LefTH8JVq9 b) Sơ bộ hiện trạng pháp lý: Tổng diện tích khu đất là: 4,661 m2 (1,471 m2 đất ở, 3,190m2 đất cây hằng năm) Pháp lý đất: được thực hiện dự án thí; Pháp lý QH: Diện tích phù hợp QH còn 3,545 m2 (Dính lộ giới: 1,111m2). Tầng cao 25 tầng cao, 0 tầng hầm; Hệ số sử dụng đất 6 lần, dân số là 500 người (tương đương hệ số 5.31 ,chưa sử dụng hết được hệ số HS SDĐ) 2. Hiệu quả dự á; pháp lý: 60 tỷ Chi phí xây dựng ALL in cost: 443 tỷ (16tr/m2 xây dựng) Chi phí bán hàng + thuế VAT + CP Khác = 223 tỷ (CPHB + QLDN = 17% Doanh thu) c) Hiệu quả dự án d) Bảng độ nhạy => Dự án không đạt hiệu quả do dân số thấp kh; pháp lý cao. Do đó P. ĐT đề xuất không nghiên cứu chuyên sâu dự án này. ok by Admin 01",pháp lý dự án: a) Vị trí và ranh dự án: https://maps.app.goo.gl/D8GuCY5LefTH8JVq9 b) Sơ,"giá mua đất, chi phí nghĩa vụ tài chính và pháp lý cao. Do đó P. ĐT đề xuất không nghiên cứu chuyên sâu dự án này. ok by Admin 01","1,179 tỷ; 1,038 tỷ; 66tr/m2; 141 tỷ; 78tr/m2; 1,415 tỷ; 400 tỷ; 86tr/m2; 289 tỷ; 60 tỷ; 443 tỷ; 16tr/m2; 223 tỷ","Giá bán căn hộ chung cư: 1,038 tỷ; Giá bán Shophouse: 141 tỷ",Chi phí đất: 400 tỷ,,"Doanh thu (Có VAT): 1,179 tỷ",,,,,"chưa sử dụng hết được hệ số HS SDĐ) 2. Hiệu quả dự án: a) Doanh thu (Có VAT): 1,179 tỷ VNĐ Giá bán căn hộ chung cư: 1,038 tỷ (66tr/m2 tim tường) Giá bán Shophouse: 141 tỷ (78tr/m2 tim tường) b) Chi phí (có VAT): 1,415 tỷ VNĐ; không đạt hiệu quả do dân số thấp không sử dụng hết được HS SDĐ, giá mua đất, chi phí nghĩa vụ tài chính và pháp lý cao. Do đó P. ĐT đề xuất không nghiên cứu chuyên sâu dự án này. ok by Admin 01",đề xuất không nghiên cứu chuyên sâu dự án này. ok by Admin 01,,"[] P.ĐT xin báo cáo sếp Admin 01 dự án Thủ Đức Living, Đường Phạm Văn Đồng, TP HCM 1. Tóm tắt sơ bộ hiện trạng pháp lý dự án: a) Vị trí và ranh dự án: https://maps.app.goo.gl/D8GuCY5LefTH8JVq9 b) Sơ bộ hiện trạng pháp lý: Tổng diện tích khu đất là: 4,661 m2 (1,471 m2 đất ở, 3,190m2 đất cây hằng năm) Pháp lý đất: được thực hiện dự án thí điểm Nhà Ở Thương Mại (Dựa theo nghị quyết 171). Pháp lý QH: Diện tích phù hợp QH còn 3,545 m2 (Dính lộ giới: 1,111m2). Tầng cao 25 tầng cao, 0 tầng hầm; Hệ số sử dụng đất 6 lần, dân số là 500 người (tương đương hệ số 5.31 ,chưa sử dụng hết được hệ số HS SDĐ) 2. Hiệu quả dự án: a) Doanh thu (Có VAT): 1,179 tỷ VNĐ Giá bán căn hộ chung cư: 1,038 tỷ (66tr/m2 tim tường) Giá bán Shophouse: 141 tỷ (78tr/m2 tim tường) b) Chi phí (có VAT): 1,415 tỷ VNĐ Chi phí đất: 400 tỷ (86tr/m2 đất) Chi phí Nghĩa vụ tài chính: 289 tỷ Chi phí pháp lý: 60 tỷ Chi phí xây dựng ALL in cost: 443 tỷ (16tr/m2 xây dựng) Chi phí bán hàng + thuế VAT + CP Khác = 223 tỷ (CPHB + QLDN = 17% Doanh thu) c) Hiệu quả dự án d) Bảng độ nhạy => Dự án không đạt hiệu quả do dân số thấp không sử dụng hết được HS SDĐ, giá mua đất, chi phí nghĩa vụ tài chính và pháp lý cao. Do đó P. ĐT đề xuất không ",71,Thủ Đức Living,thủ đức living,4.661 m²,4.661 m²,"4,661 m2","1,471 m2; 3,190m2; 3,545 m2; 1,111m2",,,"Doanh thu (Có VAT): 1,179 tỷ",,,,,"giá mua đất, chi phí nghĩa vụ tài chính và pháp lý cao. Do đó P. ĐT đề xuất không nghiên cứu chuyên sâu dự án này. ok by Admin 01; 1,179 tỷ; 1,038 tỷ; 66tr/m2; 141 tỷ; 78tr/m2; 1,415 tỷ; 400 tỷ; 86tr/m2; 289 tỷ; 60 tỷ; 443 tỷ; 16tr/m2; 223 tỷ; Giá bán căn hộ chung cư: 1,038 tỷ; Giá bán Shophouse: 141 tỷ; Chi phí đất: 400 tỷ; Doanh thu (Có VAT): 1,179 tỷ",Hệ số sử dụng đất 6; hệ số 5.31; hệ số HS SDĐ) 2,"Tầng cao 25 tầng; cao, 0 tầng",dân số là 500,,,,nghĩa vụ tài chính và pháp lý cao; Nghĩa vụ tài chính: 289 tỷ Chi phí pháp lý: 60 tỷ Chi phí xây dựng ALL in cost: 443 tỷ (16tr/m2 xây dựng) Chi phí bán hàng + thuế VAT + CP Khác = 223 tỷ (CPHB + QLDN = 17% Doanh thu) c) Hiệu quả dự,,resolved,,BDS-CURATED-0028,57,35,13,14,13,9,16,C,,project_or_deal,,,verified_candidate
BDS-MASTER-0028,Chen Sea 3,1,,,batch_531.txt,,10.2506719,103.944228,"10.2506719, 103.944228",https://maps.app.goo.gl/Wji4ey8prbGM2zHJ6,"- Dự án tiếp giáp đường nội bộ đường Dinh Bà, cách đường Dinh Bà khoảng 350m, cách sân bay Quốc tế Phú Quốc khoảng 19km - Hiện trạng: Dự án đã khai thác 1 phần, với 22 căn villas tương ứng 36 phòng 2/ Pháp lý Đất: Quy mô",Phú Quốc,Phú Quốc,47.000 m² (~4.70 ha),văn phòng,"oanh; Thời hạn sử dụng đất đến 16/12/2052. Nguồn gốc đất: Thuê đất trả tiền 1 lần - Phần diện tích còn lại 1,6ha: Chưa được cấp GCN và chưa giải phóng đền bù 3/","Quy hoạch: Đã có phê duyệt quy hoạch chi tiết 1/500 số 272/QĐ-BQLKKTPQ ngày 02/11/2023, quy mô 4,7ha, trong đó chỉ triển khai 3,1ha – khu 1: - Phần đất 3,1ha – khu 1 đã triển khai đi vào kh",,,,,"Pháp lý Đất: Quy mô dự án là 4,7ha, trong đó: - Đã có GCN QSDĐ 3,1ha: Mục đích sử dụng đất là đất sản xuất kinh doanh; Thời hạn sử dụng đất đến 16/12/2052. Nguồn gốc đất: Thuê đất trả tiền 1 lần - Phần diện tích còn lại 1,6ha:; GCN và chưa giải phóng đền bù 3/ Pháp lý Quy hoạch: Đã có phê duyệt quy hoạch chi tiết 1/500 số 272/QĐ-BQLKKTPQ ngày 02/11/2023, quy mô 4,7ha, trong đó chỉ triển khai 3,1ha – khu 1: - Phần đất 3,1ha – khu 1 đã triển khai đi; Pháp lý đầu tư: Đã có giấy chứng nhận đầu tư, quy mô diện tích đất 4,78ha. - Tiến độ thực hiện dự án giai đoạn 2: tháng 10/2008 đã hết hiệu lực => Xin gia hạn tiến độ thực hiện dự án 5/ So sánh giữa Chen Sea 3,1ha và Phú Hải 3,; pháp lý: - Quy mô của 2 dự án gần bằng nhau. Tuy nhiên, Chen Sea có phần tốt hơn so với Phú Hải như: + Thời gian còn lại của Chen Sea nhiều hơn Phú Hải 6 năm như Chen Sea còn 27 năm và Phú Hải còn 21 năm + Nguồn gốc đấ","Pháp lý Đất: Quy mô dự án là 4,7ha, trong đó: - Đã có GCN QSDĐ 3,1ha: Mục đích sử dụng",,,,,,"DT đất, đóng tiền hằng năm) + Đơn giá đất của Chen Sea (16,6 t",,,,,"Chưa được cấp GCN và chưa giải phóng đền bù 3/ Pháp lý Quy hoạch: Đã có phê duyệt quy hoạch chi tiết 1/500 số 272/QĐ-BQLKKTPQ ngày 02/11/2023, quy mô 4,7ha, trong đó chỉ triển khai 3,1ha – khu 1: - Phần đất 3,1ha – khu 1 đã",,,"[] P.ĐT báo cáo anh Mr Mike1 -CEO về tổng quan dự án Chen Sea 3,1ha tại xã Cửa Dương, huyện Phú Quốc, tỉnh Kiên Giang như sau: 1/ Vị trí: - Dự án tiếp giáp đường nội bộ đường Dinh Bà, cách đường Dinh Bà khoảng 350m, cách sân bay Quốc tế Phú Quốc khoảng 19km - Hiện trạng: Dự án đã khai thác 1 phần, với 22 căn villas tương ứng 36 phòng 2/ Pháp lý Đất: Quy mô dự án là 4,7ha, trong đó: - Đã có GCN QSDĐ 3,1ha: Mục đích sử dụng đất là đất sản xuất kinh doanh; Thời hạn sử dụng đất đến 16/12/2052. Nguồn gốc đất: Thuê đất trả tiền 1 lần - Phần diện tích còn lại 1,6ha: Chưa được cấp GCN và chưa giải phóng đền bù 3/ Pháp lý Quy hoạch: Đã có phê duyệt quy hoạch chi tiết 1/500 số 272/QĐ-BQLKKTPQ ngày 02/11/2023, quy mô 4,7ha, trong đó chỉ triển khai 3,1ha – khu 1: - Phần đất 3,1ha – khu 1 đã triển khai đi vào khai thác: Với các loại hình như 22 căn villas, tiện ích: Khối lễ tân và Spa, 1 nhà hàng và 1 nhà văn phòng. Với tổng diện tích sàn: 7.734m² 4/ Pháp lý đầu tư: Đã có giấy chứng nhận đầu tư, quy mô diện tích đất 4,78ha. - Tiến độ thực hiện dự án giai đoạn 2: tháng 10/2008 đã hết hiệu lực => Xin gia hạn tiến độ thực hiện dự án 5/ So sánh giữa Chen Sea 3,1ha và Phú Hải 3,3ha 6/ Nhận định: Bỏ qua",59,Chen Sea 3,chen sea 3,47.000 m² (~4.70 ha),47.000 m² (~4.70 ha),"4,7 ha","3,1ha; 1,6ha; 7.734m²; 4,78ha; 3,3ha",,,,,,,,"DT đất, đóng tiền hằng năm) + Đơn giá đất của Chen Sea (16,6 t",,,,,"phê duyệt quy hoạch chi tiết 1/500 số 272/QĐ-BQLKKTPQ ngày 02/11/2023, quy mô 4,7ha, trong đó chỉ triển khai 3,1ha – khu 1: - Phần đất 3,1ha – khu 1 đã triển khai đi vào kh Pháp l; phê duyệt quy hoạch chi tiết 1/500 số 272/QĐ-BQLKKTPQ ngày 02/11/2023, quy mô 4,7ha, trong đó chỉ triển khai 3,1ha – khu 1: - Phần đất 3,1ha – khu 1 đã triển khai đi; phê duyệt quy hoạch chi tiết 1/500 số 272/QĐ-BQLKKTPQ ngày 02/11/2023, quy mô 4,7ha, trong đó chỉ triển khai 3,1ha – khu 1: - Phần đất 3,1ha – khu 1 đã triển khai đi vào khai thác",,,"phê duyệt quy hoạch chi tiết 1/500 số 272/QĐ-BQLKKTPQ ngày 02/11/2023, quy mô 4,7ha, trong đó chỉ triển khai 3,1ha – khu 1: - Phần đất 3,1ha – khu 1 đã triển khai đi vào kh Pháp lý Đất: Quy; GCN QSDĐ 3,1ha: Mục đích sử dụng đất là đất sản xuất kinh doanh; Thuê đất trả tiền 1 lần - Phần diện tích còn lại 1,6ha:; GCN và chưa giải phóng đền bù 3/ Pháp lý Quy hoạch: Đã có phê duyệt quy hoạch chi tiết 1/500 số 272/QĐ-BQLKKTPQ ngày 02/11/2023, quy mô 4,7ha, trong đó chỉ triển khai 3,1ha – khu 1:; giấy chứng nhận đầu tư, quy mô diện tích đất 4,78ha; GCN QSDĐ 3,1ha: Mục đích sử dụng [] P; Thuê đất trả tiền 1 lần - Phần diện tích còn lại 1,6ha: Chưa được cấp GCN và chưa giải phóng đền bù 3/ Pháp lý Quy hoạch: Đã có phê duyệt quy hoạch chi tiết 1/500 số 272/QĐ-BQLKKTPQ ngày 0",resolved,,BDS-CURATED-0053,52,35,13,7,14,0,4,C,Thiếu tài chính,project_or_deal,,,verified_candidate
BDS-MASTER-0044,Thuận Nghiệp ở Dĩ An,1,,,batch_484.txt,,10.9305993,106.7448901,"10.9305993, 106.7448901",https://maps.app.goo.gl/9D1AGeGBDHSvttic8,"dự án: 2/ So sánh dự án Thuận Nghiệp và Phú Gia Khiêm Thuận Nghiệp Phú Gia Khiêm Diện tích 2,2ha 3,3ha Loại đất SKC SKC Thời hạn Thuê đất trả tiền hằng năm, đến 10/09/2031 Đơn giá 7tr/m² 21,2tr/m² Ghi chú: Dự án 100% đất",Bình Dương,,33.000 m² (~3.30 ha),,"hằng năm, đến 10/09/2031 Đơn giá 7tr/m² 21,2tr/m² Ghi chú: Dự án 100% đất SKC, vì thế CĐT có mua thêm 1 căn nhà dân (170m² đất ở) với mục đích gộp thửa vào 2,2h",quy hoạch chưa by Unknown User,,,,dân (170,"Thuê đất trả tiền hằng năm, đến 10/09/2031 Đơn giá 7tr/m² 21,2tr/m² Ghi chú: Dự án 100% đất SKC, vì thế CĐT có mua thêm 1 căn nhà dân (170m² đất ở) với mục đích gộp thửa vào 2,2ha để làm dự án => Tuy nhiên sẽ không triển khai đư; chủ trương đầu tư, dẫn đến không đủ điều kiện làm dự án Nhà ở và cũng không đủ điều kiện để xin thí điểm làm nhà ở thương mại (Như Phú Gia Khiêm) Vị trí dự án: https://maps.app.goo.gl/9D1AGeGBDHSvttic8 Google マップで地図を検索。乗換案内、路線図、ドラ","chưa chấp thuận chủ trương đầu tư, dẫn đến không đủ điều kiện làm dự án Nhà ở và cũng không đủ điều kiện để xin thí điểm làm",,,,,,,,,,,"chưa chấp thuận chủ trương đầu tư, dẫn đến không đủ điều kiện làm dự án Nhà ở và cũng không đủ điều kiện để xin thí điểm làm nhà ở thương mại (Như Phú Gia Khiêm) Vị trí dự án: https://maps.app.goo.gl/9D1AGeGBDHSvttic8 Google; chưa by Unknown User",,,"[] P.ĐT xin ý kiến chỉ đạo từ anh Mr Mike1 -CEO về dự án Thuận Nghiệp ở Dĩ An, Bình Dương, nguồn Sếp Tâm như sau: 1/ Vị trí dự án: 2/ So sánh dự án Thuận Nghiệp và Phú Gia Khiêm Thuận Nghiệp Phú Gia Khiêm Diện tích 2,2ha 3,3ha Loại đất SKC SKC Thời hạn Thuê đất trả tiền hằng năm, đến 10/09/2031 Đơn giá 7tr/m² 21,2tr/m² Ghi chú: Dự án 100% đất SKC, vì thế CĐT có mua thêm 1 căn nhà dân (170m² đất ở) với mục đích gộp thửa vào 2,2ha để làm dự án => Tuy nhiên sẽ không triển khai được theo quy định pháp luật 3/ Nhận định: Dự án nằm ở vị trí tốt hơn dự án Phú Gia Khiêm, tiếp giáp mặt tiền đường DT 743C rộng khoảng 16m, đường trải nhựa Giá bán bằng 1/3 so với giá Phú Gia Khiêm (cùng loại đất SKC) Tuy nhiên, vì dự án 100% đất SKC và chưa chấp thuận chủ trương đầu tư, dẫn đến không đủ điều kiện làm dự án Nhà ở và cũng không đủ điều kiện để xin thí điểm làm nhà ở thương mại (Như Phú Gia Khiêm) Vị trí dự án: https://maps.app.goo.gl/9D1AGeGBDHSvttic8 Google マップで地図を検索。乗換案内、路線図、ドライブルート、ストリートビューも。見やすい地図でお店やサービス、地域の情報を検索できます。世界地図も日本語で、旅のプランにも便利。 maps.app.goo.gl Có quy hoạch chưa by Unknown User",47,Thuận Nghiệp ở Dĩ An,thuận nghiệp ở dĩ an,33.000 m² (~3.30 ha),33.000 m² (~3.30 ha),3.30 ha,"2,2ha; 170m²",,,,,,,,,,,dân (170,,,,,"Thuê đất trả tiền hằng năm, đến 10/09/2031 Đơn giá 7tr/m² 21,2tr/m² Ghi chú: Dự án 100% đất SKC, vì thế CĐT có mua thêm 1 căn nhà dân (170m² đất ở) với mục đích gộp thửa vào 2,2ha để làm d; chủ trương đầu tư, dẫn đến không đủ điều kiện làm dự án Nhà ở và cũng không đủ điều kiện để xin thí điểm làm nhà ở thương mại (Như Phú Gia Khiêm) Vị trí dự án: https://maps; chủ trương đầu tư, dẫn đến không đủ điều kiện làm dự án Nhà ở và cũng không đủ điều kiện để xin thí điểm làm [] P",resolved,,BDS-CURATED-0110,50,35,13,4,14,0,4,C,Thiếu tài chính,project_or_deal,,,verified_candidate
BDS-MASTER-0038,KHU ĐÔ THỊ MỚI G1,1,2024-05-27,2024-05-27,batch_689.txt,Thao L - INVT,21.175735,105.7780297,"21.175735, 105.7780297",https://maps.app.goo.gl/dAy23L3wP3mTsMM88; https://maps.app.goo.gl/QydbrwwdHVvcm7keA,"*Hiện trạng: - Tiếp giáp phía tây là đường Song hành song song Vành Đai 3 – Võ Văn Kiệt - Link: https://maps.app.goo.gl/dAy23L3wP3mTsMM88 - Tổng diện tích: 45,27ha - Cách trung tâm Hà Nội: 25Km -30p - Cách Sân bay Nội Bà",,,452.700 m² (~45.27 ha),Khu công nghiệp,,"Quy hoạch: - Tiếp giáp phía bắc là đường Song hành song song Vành Đai 3 và Tuyến đường sắt Hà Nội 2. Chức năng sử dụng đất - Đất thương phẩm chiếm tỷ lệ 46,23%: Xây dựng cao tầng (9-25 tầng; dân số 4.300 dân. II. Thông tin về dự án G2 1. Vị trí *Hiện trạng: - Tiếp giáp phía đông là đường Tỉnh lộ 23 - Link: https://maps.app.goo.gl/QydbrwwdHVvcm7keA - Tổng diện tích: 37,104ha; Quy hoạch: - Tiếp giáp phía tây là đường nối thẳng ra Vành đai 3,5 kết nối trung tâm Hà Nội, thông qua cầu Thượng Cát hiện đang được xây dựng. 2. Chức năng sử dụng đất - Đất thương phẩm chi; dân số 1.600 dân. III. Đề xuất kiến nghị 1. DỰ ÁN G1: TIỀM NĂNG TỐT, ĐỀ XUẤT NGHIÊN CỨU CHI TIẾT *Ưu điểm: - Vị trí giáp với đường Song hành Vành Đai 3 (VĐ3) thuận tiện di chuyển về Hà N",cao tầng (9-25 tầng; cao tầng (19 tầng; Xây dựng cao tầng (9-25 tầng,,,dân số 4.300; dân số 1.600,,,,,,,,,,,,,"Đề xuất kiến nghị 1. DỰ ÁN G1: TIỀM NĂNG TỐT, ĐỀ XUẤT NGHIÊN CỨU CHI TIẾT *Ưu điểm: - Vị trí giáp với đường Song hành Vành Đai 3 (VĐ3) thuận tiện di chuyển về Hà Nội và Sân bay Nội Bài. - Đối diện (xéo) Khu công nghiệp Quang Mi","Đề xuất kiến nghị 1. DỰ ÁN G1: TIỀM NĂNG TỐT, ĐỀ XUẤT NGHIÊN CỨU CHI TIẾT *Ưu điểm: - Vị trí giáp với đường Song hành Vành Đai 3 (VĐ3) thuận tiện di chuyển về Hà Nội và Sân bay Nội Bài. -",,"[2024-05-27] Thao L - INVT 5/27/2024 10:52 AM Translate Khối Đầu tư báo cáo anh Tuan Tran-CEO đánh giá sơ bộ về 02 DỰ ÁN KHU ĐÔ THỊ MỚI G1, G2 HUYỆN ĐÔNG ANH, THÀNH PHỐ HÀ NỘI (Dự án của Anh Tâm) I. Thông tin về dự án G1 1. Vị trí *Hiện trạng: - Tiếp giáp phía tây là đường Song hành song song Vành Đai 3 – Võ Văn Kiệt - Link: https://maps.app.goo.gl/dAy23L3wP3mTsMM88 - Tổng diện tích: 45,27ha - Cách trung tâm Hà Nội: 25Km -30p - Cách Sân bay Nội Bài: 10Km - 15p - Đối diện (xéo) Khu công nghiệp Quang Minh 344ha (H. Mê Linh) - Cách Khu công nghiệp Đông Anh 300ha (tương lai) khoảng 10Km *Quy hoạch: - Tiếp giáp phía bắc là đường Song hành song song Vành Đai 3 và Tuyến đường sắt Hà Nội 2. Chức năng sử dụng đất - Đất thương phẩm chiếm tỷ lệ 46,23%: Xây dựng cao tầng (9-25 tầng), dân số 4.300 dân. II. Thông tin về dự án G2 1. Vị trí *Hiện trạng: - Tiếp giáp phía đông là đường Tỉnh lộ 23 - Link: https://maps.app.goo.gl/QydbrwwdHVvcm7keA - Tổng diện tích: 37,104ha - Cách trung tâm Hà Nội: 19Km - 40p - Cách Sân bay Nội Bài: 15Km - 20p - Cách Khu công nghiệp Thăng Long 300ha: 1Km *Quy hoạch: - Tiếp giáp phía tây là đường nối thẳng ra Vành đai 3,5 kết nối trung tâm Hà Nội, thông qua cầu Thượng Cát hiện đang",53,KHU ĐÔ THỊ MỚI G1,khu đô thị mới g1,3.440.000 m² (~344.00 ha),452.700 m² (~45.27 ha),"45,27 ha","344.00 ha; 37,104ha; 300ha",,,,,,,,,,cao tầng (9-25 tầng; cao tầng (19 tầng; Xây dựng cao tầng (9-25 tầng,dân số 4.300; dân số 1.600,,,,,,resolved,,BDS-CURATED-0081,49,35,20,8,0,0,0,C,Thiếu pháp lý; Thiếu tài chính,project_or_deal,,,verified_candidate
